RouteNum;Authority;City;Transport;Operator;ValidityPeriods;SpecialDates;RouteTag;RouteType;Commercial;RouteName;Weekdays;Streets;RouteStops;RouteStopsPlatforms;Pikas2026.2.5
1;SpecialDates;;;;20685,126,1,,6,54,66;;;;;;;;
2;;;;;20697,1,,,3,1,,,,3,1,,,,3,1,,,,3,1,,,,3,1,,,,3,1,,,,3,1,,,,10,1,,,,3,1,,,,3,1,,,,3,1,,,,3,1,,,,3,1,,,,3,1,,,,17,1,,,,3,1,,,,3,1,,,,3,1,,,,3,1,,,,3,1,,,,3,1,,,,10,1,,,,3,1,,,,3,1,,,,3,1,,,4,1,,,,3,1,,,,10,1,,,,3,1,,,,3,1,,,,3,1,,,,3,1,,,,3,1,,,,3,1,,,,3,1,,,;;;;;;;;
3;;;;;20676,1,,,,,,,,,,,,,,,,,,,,56,1,,,,,,50,1,,,,,,,,,,,,,50,1,,,,,,43,1,,,,,,57,1,,,,,,,,,,,,,,,,,,,,,,,,,,,,,,,,,,,,,,,,,,,,,,,,,,,,,,,,,,,,,,,,,,,,,,,,,,,,,;;;;;;;;
38;;;;;58378;;;;;;;;
44;;;;;20676,1,,,,,,,,,,,,,,,,,,,,,,,,,,,,,,,,,,,,,,,,,,,,,,,,,,213,1,,,,,,,,,,,,,,,,,,,,,,,,,,,,,,,,,,,,,,,,,,,,,,,,,,,,,,,,,,,,,,,,,,,,,,,,,,,,,,,,,,,,,,,,,,,,,,,,,,,,,,,,,,,,,,,,,,,,,,,,,,,,,,,,,,,,,,,,,,,,,,,,,,,,,,,,214,1,,,,,,,,,,,,,,,,,,,,,,,,,,,,,,,,,,,,,,,,,,,,,,,,,,,,,,,,,,,,,,,,,,,,,,,,,,,,,,,,,,,,,,,,,,,,,,,,,,,,,,,,,,,,,,,,,,,,,,,,,,,,,,,,,,,,,,,,,,,,,,,,,,,,,,,,213,1,,,,,,,,,,,,,,,,,,,,,,,,,,,,,,,,,,,,,,,,,,,,,,,,,,,,,,,,,,,,,,,,,,,,,,,,,,,,,,,,,,,,,,,,,,,,,,,,,,,,,,,,,,,,,,,,,,,,,,,,,,,,,,,,,,,,,,,,,,,,,,,,,,,,,,,,213,1,,,,,,,,,,,,,,,,,,,,,,,,,,,,,,,,,,,,,,,,,,,,,,,,,,,,,,,,,,,,,,,,,,,,,,,,,,,,,,,,,,,,,,,,,,,,,,,,,,,,,,,,,,,,,,,,,,,,,,,,,,,,,,,,,,,,,,,,,,,,,,,,,,,,,,,;;;;;;;;
45;;;;;20727,1,,,,,,,,,,,,,,,,,,,,,,,,,,,,,,,,,,,,,,,,,,,,,,,,,,,,,,,,,,,,,,,,,,,,,,,,,,,,,,,,,,,,,,,,,,,,,,,,,,,,,,,,,,,,,,,,,,,,,,,,,,,,,,,,,,,,,,,,,,,,,,,,,,,,,,,,,,,,,,,,,,,,,,,,,,,,,,,,,,,,,,,,,,,,,,,,,,,,,,,,,,,,,,,,,,,154,1,,,,,,,,,,,,,,,,,,,,,,,,,,,,,,,,,,,,,,,,,,,,,,,,,,,,,,,,,,,,,,,,,,,,,,,,,,,,,,,,,,,,,,,,,,,,,,,,,,,,,,,,,,,,,,,,,,,,,,,,,,,,,,,,,,,,,,,,,,,,,,,,,,,,,,,,,,,,,,,,,,,,,,,,,,,,,,,,,,,,,,,,,,,,,,,,,,,,,,,,,,,,,,,,,,,,154,1,,,,,,,,,,,,,,,,,,,,,,,,,,,,,,,,,,,,,,,,,,,,,,,,,,,,,,,,,,,,,,,,,,,,,,,,,,,,,,,,,,,,,,,,,,,,,,,,,,,,,,,,,,,,,,,,,,,,,,,,,,,,,,,,,,,,,,,,,,,,,,,,,,,,,,,,,,,,,,,,,,,,,,,,,,,,,,,,,,,,,,,,,,,,,,,,,,,,,,,,,,,,,,,,,,,154,1,,,,,,,,,,,,,,,,,,,,,,,,,,,,,,,,,,,,,,,,,,,,,,,,,,,,,,,,,,,,,,,,,,,,,,,,,,,,,,,,,,,,,,,,,,,,,,,,,,,,,,,,,,,,,,,,,,,,,,,,,,,,,,,,,,,,,,,,,,,,,,,,,,,,,,,,,,,,,,,,,,,,,,,,,,,,,,,,,,,,,,,,,,,,,,,,,,,,,,,,,,,,,,,,,,,154,1,,,,,,,,,,,,,,,,,,,,,,,,,,,,,,,,,,,,,,,,,,,,,,,,,,,,,,,,,,,,,,,,,,,,,,,,,,,,,,,,,,,,,,,,,,;;;;;;;;
164;;;;;55880;;;;;;;;
201;;;;;55090,60,62;;;;;;;;
276;;;;;20698,7,,,,,,,,,,,,,,,,;;;;;;;;
506;;;;;60204,60,62;;;;;;;;
508;;;;;20697,1,,,,,,,,,,,,,,,,,,,,,,,,,,,,,,,,,,,,,,,,,,,,,,,,,,,,,,,,,,,,,,,,,,,,,,,,,,,,,,,,,,,,,,,,,,,,,,,,,,,,,,,,,,,,,,,,,,,,,,,,,38840,60,62,60;;;;;;;;
529;;;;;59840;;;;;;;;
555;;;;;20676,1,,,,,,,,,,,,113,1,,,,,,,,,,,,,,,,;;;;;;;;
632;;;;;20676,1,,,,,,,,,,,,,,,,,,,;;;;;;;;
690;;;;;20676,1,,,,,,,,,,,,,,,,,,;;;;;;;;
702;;;;;20810;;;;;;;;
706;;;;;20676,1,,,,,,,,,,,,,,,,,,,;;;;;;;;
755;;;;;20697,1,,,,,,,,,,,,,,,,,,,,,,,,,,,,,,,,,,,,,,,,,,,,,,,,,,,,,,,,,,,,,,,,,,,,,,,,,,,,,,,,,,,,,,,,,,,,,,,,,,,,,,,,,,,,,,,,,,,,,,,,;;;;;;;;
756;;;;;20676,1,,,,,,,,,,,,,,,,,,,;;;;;;;;
776;;;;;64586,60,62;;;;;;;;
784;;;;;20701,7,,,,,,,14,7,,,,,;;;;;;;;
787;;;;;20812;;;;;;;;
873;;;;;64586,60;;;;;;;;
919;;;;;20676,1,,,,,,,,,,,,,,,,,,,,284,1,,,,,,,,,,,,,,,,,,,,,,,,,,,,,,,,,,,,,,,,,,,,,,,,,,,,,,,,,,,,,,,,,,,,,,,,,,,,,,,,,286,1,,,,,,,,,,,,,,,,,,,,,,,,,,,,,,,,,,,,,,,,,,,,,,,,,,,,,,,,,,,,,,,,,,,,,,,,,,,,,,,;;;;;;;;
947;;;;;20676,1,,,,,,,,,,,,,,,,,,,,287,1,,,,,,,,,,,,,,,,,,,,,,,,,,,,,,,,,,,,,,,,,,,,,,,,,,,,,,,,,,,,,,,,,,,,,,,,,,,,,,288,1,,,,,,,,,,,,,,,,,,,,,,,,,,,,,,,,,,,,,,,,,,,,,,,,,,,,,,,,,,,,,,,,,,,,,,,,,,,,,,287,1,,,,,,,,,,,,,,,,,,,,,,,,,,,,,,,,,,,,,,,,,,,,,,,,,,,,,,,,,,,,,,,,,,,,,,,,,,,,,,287,1,,,,,,,,,,,,,,,,,,,,,,,,,,,,,,,,,,,,,,,,,,,,,,,,,,,,,,,,,,,,,,,,,,,,,,,,,,,,,,287,1,,,,,,,,,,,,,,,,,,,,,,,,,,,,,,,,,,,,,,,,,,,,,,,,,,,,,,,,,,,,,,,,,,,,,,,,,,,,,;;;;;;;;
959;;;;;20788,1,,,,,,,,,,,,,,,,,,,,,,,,,,,,,,,,,,,,,,,,,,,,,,,,,,,,,,,,,,,,,,,,,,,,,,,,,,,,,,,,,,,,,,,,,,,,,,,,,,,,,,,,,,,,,,,,,,,,,,,,245,1,,,,,,,,,,,,,,,,,,,,,,,,,,,,,,,,,,,,,,,,,,,,,,,,,,,,,,,,,,,,,,,,,,,,,,,,,,,,,,,,,,,,,,,,,,,,,,,,,,,,,,,,,,,,,,,,,,,,,,,,,245,1,,,,,,,,,,,,,,,,,,,,,,,,,,,,,,,,,,,,,,,,,,,,,,,,,,,,,,,,,,,,,,,,,,,,,,,,,,,,,,,,,,,,,,,,,,,,,,,,,,,,,,,,,,,,,,,,,,,,,,,,245,1,,,,,,,,,,,,,,,,,,,,,,,,,,,,,,,,,,,,,,,,,,,,,,,,,,,,,,,,,,,,,,,,,,,,,,,,,,,,,,,,,,,,,,,,,,,,,,,,,,,,,,,,,,,,,,,,,,,,,,,,245,1,,,,,,,,,,,,,,,,,,,,,,,,,,,,,;;;;;;;;
960;;;;;20676,1,,,,,,,,,,,,,,,,,,,,,,,,,,,,,,,,,,,,,,,,,,,,,,,,,,,,,,,,,,,,,,,,,,,,,,,,,,,,,,,,,,,,,,,,,,,,,,,,,,,,,,,,,,,,,,,122,1,,,,,,,,,,,,,,,,,,,,,,,,,,,,,,,,,,,,,,,,,,,,,,,,,,,,,,,,,,,,,,,,,,,,,,,,,,,,,,,,,,,,,,,,,,,,,,,,,,,,,,,,,,,,,,,,,,,,,,,,,,,,,,,,,,,,,,,,,,,,,,,,,,,,,,,,,,,,,,,,,,,,,,,,,,,,,,,,,,,,,,,,,,,,,,,,,,,,,,,,,,,,,,,,,,,,,,,,,,,,,,,,,,,,,,,,,,,,,,,,,,,123,1,,,,,,,,,,,,,,,,,,,,,,,,,,,,,,,,,,,,,,,,,,,,,,,,,,,,,,,,,,,,,,,,,,,,,,,,,,,,,,,,,,,,,,,,,,,,,,,,,,,,,,,,,,,,,,,,,,,,,,,,,,,,,,,,,,,,,,,,,,,,,,,,,,,,,,,,,,,,,,,,,,,,,,,,,,,,,,,,,,,,,,,,,,,,,,,,,,,,,,,,,,,,,,,,,,,,,,,,,,,,,,,,,,,,,,,,,,,,,,,,,,,122,1,,,,,,,,,,,,,,,,,,,,,,,,,,,,,,,,,,,,,,,,,,,,,,,,,,,,,,,,,,,,,,,,,,,,,,,,,,,,,,,,,,,,,,,,,,,,,,,,,,,,,,,,,,,,,,,,,,,,,,,,,,,,,,,,,,,,,,,,,,,,,,,,,,,,,,,,,,,,,,,,,,,,,,,,,,,,,,,,,,,,,,,,,,,,,,,,,,,,,,,,,,,,,,,,,,,,,,,,,,,,,,,,,,,,,,,,,,,,,,,,,,,122,1,,,,,,,,,,,,,,,,,,,,,,,,,,,,,,,,,,,,,,,,,,,,,,,,,,,,,,,,,,,,,,,,,,,,,,,,,,,,,,,,,,,,,,,,,,,,,,,,,,,,,,,,,,,,,,,,,,,,,,,,,,,,,,,,,,,,,,,,,,,,,,,,,,,,,,,,,,,,,,,,,,,,,,,,,,,,,,,,,,,,,,,,,,,,,,,,,,,,,,,,,,,,,,,,,,,,,,,,,,,,,,,,,,,,,,,,,,,,,,,,,,;;;;;;;;
967;;;;;20697,1,,,,,,,,,,,,,,,,,,,,,,,,,,,,,,,,,,,,,,,,,,,,,,,,,,,,,,,,,,,,,,,,,,,,,,,,,,,,,,,,,,,,,,,,,,,,,,,,,,,,,,,,,,,,,,,,,,,,,,,,,,,,,,,,,,,,,,,,,,,,,,,,,,,,,,,,,,,,,,,,,,,,,,,,,,,,,,,,,,,,,,,,,,,,,,,,,,,,,,,,,,,,,,,,,,,,,,,,,,,,,,,,,,,,,,,,,,,,,,,,,,,,,,,,,,,,,,,,,,,,,,,,,,,,,,,,,,,,,,,,,,,,,,,78,1,,,,,,,,,,,,,,,,,,,,,,,,,,,,,,,,,,,,,,,,,,,,,,,,,,,,,,,,,,,,,,,,,,,,,,,,,,,,,,,,,,,,,,,,,,,,,,,,,,,,,,,,,,,,,,,,,,,,,,,,,,,,,,,,,,,,,,,,,,,,,,,,,,,,,,,,,,,,,,,,,,,,,,,,,,,,,,,,,,,,,,,,,,,,,,,,,,,,,,,,,,,,,,,,,,,,,,,,,,,,,,,,,,,,,,,,,,,,,,,,,,,,,,,,,,,,,,,,,,,,,,,,,,,,,,,,,,,,,,,,,,,,,,,,78,1,,,,,,,,,,,,,,,,,,,,,,,,,,,,,,,,,,,,,,,,,,,,,,,,,,,,,,,,,,,,,,,,,,,,,,,,,,,,,,,,,,,,,,,,,,,,,,,,,,,,,,,,,,,,,,,,,,,,,,,,,,,,,,,,,,,,,,,,,,,,,,,,,,,,,,,,,,,,,,,,,,,,,,,,,,,,,,,,,,,,,,,,,,,,,,,,,,,,,,,,,,,,,,,,,,,,,,,,,,,,,,,,,,,,,,,,,,,,,,,,,,,,,,,,,,,,,,,,,,,,,,,,,,,,,,,,,,,,,,,,,,,,,,,78,1,,,,,,,,,,,,,,,,,,,,,,,,,,,,,,,,,,,,,,,,,,,,,,,,,,,,,,,,,,,,,,,,,,,,,,,,,,,,,,,,,,,,,,,,,,,,,,,,,,,,,,,,,,,,,,,,,,,,,,,,,,,,,,,,,,,,,,,,,,,,,,,,,,,,,,,,,,,,,,,,,,,,,,,,,,,,,,,,,,,,,,,,,,,,,,,,,,,,,,,,,,,,,,,,,,,,,,,,,,,,,,,,,,,,,,,,,,,,,,,,,,,,,,,,,,,,,,,,,,,,,,,,,,,,,,,,,,,,,,,,,,,,,,79,1,,,,,,,,,,,,,,,,,,,,,,,,,,,,,,,,,,,,,,,,,,,,,,,,,,,,,,,,,,,,,,,,,,,,,,,,,,,,,,,,,,,,,,,,,,,,,,,,,,,,,,,,,,,,,,,,,,,,,,,,;;;;;;;;
968;;;;;20676,1,,,,,,,,,,,,,,,,,,,,289,1,,,,,,,,,,,,,,,,,,,,,,,,,,,,,,,,,,,,,,,,,,,,,,,,,,,,,,,,,,,,,,,,,,,,,,,,,,,,290,1,,,,,,,,,,,,,,,,,,,,,,,,,,,,,,,,,,,,,,,,,,,,,,,,,,,,,,,,,,,,,,,,,,,,,,,,,,,,289,1,,,,,,,,,,,,,,,,,,,,,,,,,,,,,,,,,,,,,,,,,,,,,,,,,,,,,,,,,,,,,,,,,,,,,,,,,,,,289,1,,,,,,,,,,,,,,,,,,,,,,,,,,,,,,,,,,,,,,,,,,,,,,,,,,,,,,,,,,,,,,,,,,,,,,,,,,,;;;;;;;;
971;;;;;20818,1,,,,,,359,1,,,,,;;;;;;;;
976;;;;;20727,1,,,,,,,,,,,,,,,,,,,,,,,,,,,,,,,,,,,,,,,,,,,,,,,,,,,,,,,,,,,,,,,,,,,,,,,,,,,,,,,,,,,,,,,,,,,,,,,,,,,,,,,,,,,,,,,,,,,,,,,,,,,,,,,,,,,,,,,,,,,,,,,,,,,,,,,,,,,,,,,,,,,,,,,,,,,,,,,,,,,,,,,,,,,,,,,,,,,,,,,,,,,,,,,,,,,154,1,,,,,,,,,,,,,,,,,,,,,,,,,,,,,,,,,,,,,,,,,,,,,,,,,,,,,,,,,,,,,,,,,,,,,,,,,,,,,,,,,,,,,,,,,,;;;;;;;;
988;;;;;20676,1,,,,,,,,,,,,,,,,,,,,56,1,,,,,53,1,,,,,,,,,,,,,,,,,44,1,,,,,44,1,,,,,58,1,,,,,,,,,,,,,,,,,,,,,,,,,,,,,,,,,,,,,,,,,,,,,,;;;;;;;;
989;;;;;20679,1,,5,1,,5,1,,5,1,,5,1,,5,1,,5,1,,216,1,5,1,,5,1,,5,1,,5,1,,5,1,,5,1,,5,1,,5,1,,5,1,,5,1,,5,1,,5,1,,5,1,,5,1,,5,1,,5,1,,5,1,,5,1,,5,1,,5,1,,5,1,,222,1,,5,1,,5,1,,5,1,,5,1,,5,1,,5,1,,5,1,,5,1,,5,1,,5,1,,5,1,,5,1,,5,1,,5,1,,5,1,,5,1,,5,1,,5,1,,5,1,,5,1,,5,1,216,1,,5,1,,5,1,,5,1,,5,1,,5,1,,5,1,,5,1,,5,1,,5,1,,5,1,,5,1,,5,1,,5,1,,5,1,,5,1,,5,1,,5,1,,5,1,,5,1,,5,1,,5,1,,215,1,,5,1,,5,1,,5,1,,5,1,,5,1,,5,1,,5,1,,5,1,,5,1,,5,1,,5,1,,5,1,,5,1,,5,1,,5,1,,5,1,,5,1,,5,1,,5,1,,5,1,,5,1,;;;;;;;;
990;;;;;20728,1,,5,1,,5,1,,5,1,,5,1,,5,1,,5,1,,5,1,,5,1,,5,1,,5,1,,5,1,,5,1,,5,1,,5,1,,5,1,,5,1,,5,1,,5,1,,5,1,,5,1,,5,1,,5,1,,5,1,,5,1,,5,1,,5,1,,5,1,,5,1,,5,1,,5,154,1,,5,1,,5,1,,5,1,,5,1,,5,1,,5,1,,5,1,,5,1,,5,1,,5,1,,5,1,,5,1,,5,1,,5,1,,5,1,,5,1,,5,1,,5,1,,5,1,,5,1,,5,1,,5,1,,5,1,,5,1,,5,1,,5,1,,5,1,,5,1,,5,1,,5,1,,154,5,1,,5,1,,5,1,,5,1,,5,1,,5,1,,5,1,,5,1,,5,1,,5,1,,5,1,,5,1,,5,1,,5,1,,5,1,,5,1,,5,1,,5,1,,5,1,,5,1,,5,1,,5,1,,5,1,,5,1,,5,1,,5,1,,5,1,,5,1,,5,1,,5,1,,159,1,,5,1,,5,1,,5,1,,5,1,,5,1,,5,1,,5,1,,5,1,,5,1,,5,1,,5,1,,5,1,,5,1,,5,1,,5,1,,5,1,,5,1,,5,1,,5,1,,5,1,,5,1,,5,1,,5,1,,5,1,,5,1,,5,1,,5,1,,5,1,,5,1,,159,1,,5,1,,5,1,,5,1,,5,1,,5,1,,5,1,,5,1,,5,1,,5,1,,5,1,,5,1,,5,1,;;;;;;;;
1032;;;;;20697,1,,,3,1,,,,3,1,,,,3,1,,,,3,1,,,,3,1,,,,3,1,,,,3,1,,,,10,1,,,,3,1,,,,3,1,,,,3,1,,,,3,1,,,,3,1,,,,3,1,,,,17,1,,,,3,1,,,,3,1,,,,3,1,,,,3,1,,,,3,1,,,,3,1,,,,10,1,,,,3,1,,,,3,1,,,,3,1,,,4,1,,,,3,1,,,,10,1,,,,3,1,,,,3,1,,,,3,1,,,,3,1,,,,3,1,,,,3,1,,,,3,1,,,,3;;;;;;;;
1033;;;;;20676,1,,,,,,,,,,,,,,,,,,,,286,1,,,,,,,,,,,,,,,,,,,,,,,,,,,,,,,,,,,,,,,,,,,,,,,,,,,,,,,,,,,,,,,,,,,,,,,,,,,,,,;;;;;;;;
1034;;;;;20684,126;;;;;;;;
1045;;;;;20676,1,,,,,,,,,,,,,,,,,,,113,1,,,,,,,,,,43160;;;;;;;;
1125;;;;;20788,1,,,,,,,,,,,,,,,,,,,,,,,,,,,,,,,,,,,,,,,,,,,,,,,,,,,,,,,,,,,,,,,,,,,,,,,,,,,,,,,,,,,,,,,,,,,,,,,,,,,,,,,,,,,,,,,,,,,,,,,,245,1,,,,,,,,,,,,,,,,,,,,,,,,,,,,,,,,,,,,,,,,,,,,,,,,,,,,,,,,,,,,,,,,,,,,,,,,,,,,,,,,,,,,,,,,,,,,,,,,,,,,,,,,,,,,,,,,,,,,,,,,,245,1,,,,,,,,,,,,,,,,,,,,,,,,,,,,,;;;;;;;;
1126;;;;;20676,1,,,,,,,,,,,,,,,,,,,,,,,,,,,,,,,,,,,,,,,,,,,,,,,,,,,,,,,,,,,,,,,,,,,,,,,,,,,,,,,,,,,,,,,,,,,,,,,,,,,,,,,,,,,,,,;;;;;;;;
1;Tallinna TA;tallinna-linn;bus;Tallinna Linnatranspordi AS;20666,,,,,,;1,7;;a-b;A;Vana-Pääsküla - Viru - Viimsi;1234567z;;04401-1,04510-1,04303-1,04201-1,05101-1,05202-1,05704-1,05701-1,06402-1,07401-1,07301-1,11302-2,12601-1,12004-1,21207-1,12211-2,11903-2,11803-2,11805-1,00152-1,12702-1,17902-1,17909-1,17908-1,18502-1,18506-1,18508-1,18901-1,18808-1,18802-1,18807-1,18806-1,20814-1,20802-1,23650-1,23661-1,23641-1;
+324,+14,+12,+12,+12,+12,+12,+12,+12,+13,+12,+12,+12,+12,+12,+12,+12,+14,+14,+14,+15,+15,+15,+16,+20,+20,+20,+20,+16,+17,+15,+16,+16,+14,+13,+13,+14,+15,+15,+16,+13,+13,+13,+14,+14,+15,+14,+15,+15,+17,+18,+18,+18,+18,+18,+18,+18,+18,+18,+18,+17,+18,+20,+20,+20,+21,+22,+25,+24,-01030,+19,+20,+17,+17,+19,+18,+18,+18,+19,+18,+21,+19,+20,+20,+20,+20,+20,+18,+18,+21,+18,+18,+18,+18,+18,+19,+20,+20,+20,+20,+20,+20,+20,+20,+20,+20,+20,+21,+21,+21,+20,+20,+20,+20,+20,+20,+20,+21,+21,+27,+26,+25,-01032,+19,+20,+17,+17,+19,+18,+18,+18,+19,+18,+21,+19,+20,+20,+20,+20,+20,+18,+18,+21,+18,+18,+18,+18,+18,+19,+20,+20,+20,+20,+20,+20,+20,+20,+20,+20,+20,+21,+21,+21,+20,+20,+20,+20,+20,+20,+20,+21,+21,+27,+26,+25,,20666,,0,,12345,69,6,53,7,,1,59,4,6,6,15,4,19,6,11,4,6,6,17,4,19,6,11,4,6,6,,2,6,6,3,4,2,6,46,4,2,6,8,4,10,6,22,4,11,6,8,4,12,6,22,4,11,6,8,4,,1,9,6,2,4,46,6,2,4,21,6,25,4,28,6,25,4,,2,5,6,1,4,1,6,2,4,2,6,45,4,3,6,6,4,6,6,6,4,2,6,1,4,25,6,6,4,7,6,1,4,5,6,6,4,2,6,1,4,25,6,6,4,7,6,1,4,,1,1,6,4,4,1,6,10,4,27,6,2,4,11,6,5,4,4,6,4,4,1,6,1,4,2,6,6,4,1,6,26,4,5,6,7,4,1,6,1,4,3,6,1,4,2,6,6,4,1,6,26,4,5,6,7,4,1,6,1,4,,2,6,6,1,4,2,6,2,4,5,6,27,4,2,6,12,4,4,6,3,4,14,6,2,4,26,6,8,4,4,6,1,4,12,6,2,4,26,6,8,4,4,6,1,4,,1,1,4,2,6,8,6,5,4,40,4,1,6,5,4,2,6,14,4,1,6,33,4,2,6,17,4,1,6,33,4,2,6,,4,3,4,1,6,2,4,1,6,9,6,2,4,27,6,5,4,17,4,2,6,1,4,1,6,2,4,1,6,4,6,1,4,1,6,21,4,11,6,2,4,9,4,1,6,2,4,1,6,4,6,1,4,1,6,21,4,11,6,2,4,,3,1,6,3,4,2,6,5,6,1,6,4,4,3,4,24,6,2,4,5,6,1,4,15,4,1,6,2,4,1,6,1,4,2,6,28,6,4,4,13,4,2,6,2,4,1,6,1,4,2,6,28,6,4,4,13,4,2,6,,2,1,4,3,6,3,4,4,6,1,4,4,6,1,4,2,6,24,4,8,6,2,4,3,6,1,4,5,6,2,4,2,6,3,4,2,6,3,4,1,6,3,4,1,6,20,4,6,6,2,4,7,6,2,4,2,6,2,4,4,6,3,4,1,6,3,4,1,6,20,4,6,6,2,4,7,6,2,4,2,6,2,4,,2,7,6,9,4,1,6,2,4,15,6,2,4,6,6,14,4,1,6,5,4,2,6,1,4,4,6,2,4,3,6,1,4,3,6,1,4,20,6,6,4,2,6,5,4,4,6,2,4,4,6,2,4,3,6,1,4,3,6,1,4,20,6,6,4,2,6,5,4,4,6,2,4,,1,2,6,2,4,1,6,2,4,1,6,26,4,2,6,6,4,1,6,8,4,2,6,2,4,1,6,5,4,1,6,4,4,5,6,3,4,1,6,3,4,1,6,22,4,4,6,3,4,4,6,4,4,2,6,1,4,5,6,3,4,1,6,3,4,1,6,22,4,4,6,3,4,4,6,4,4,2,6,1,4,,2,2,4,1,6,48,6,2,4,16,4,1,6,1,4,3,6,25,4,2,6,5,4,2,6,6,4,2,6,2,4,1,6,1,4,3,6,1,4,3,6,25,4,2,6,5,4,2,6,6,4,2,6,2,4,1,6,1,4,,1,2,6,1,4,1,6,1,4,2,6,1,4,1,6,2,4,5,6,1,4,2,6,24,4,2,6,5,4,5,6,1,4,5,6,1,4,44,6,1,4,12,4,1,6,39,6,1,4,12,4,1,6,,1,1,6,1,4,4,6,55,4,1,6,2,4,1,6,5,4,1,6,28,6,5,4,12,4,2,6,5,4,1,6,28,6,5,4,12,4,2,6,,3,5,6,1,4,2,6,1,4,2,6,5,4,1,6,38,4,1,6,3,4,2,6,4,4,5,6,1,4,7,6,34,4,4,6,2,4,1,6,1,4,3,6,1,4,7,6,34,4,4,6,2,4,1,6,1,4,,2,1,4,1,6,3,4,1,6,9,4,1,6,3,4,15,6,20,4,1,6,2,4,2,6,3,4,2,6,5,4,2,6,8,4,1,6,21,4,3,6,7,4,1,6,10,4,2,6,8,4,1,6,21,4,3,6,7,4,1,6,,1,2,4,1,6,5,4,1,6,2,4,1,6,5,4,1,6,16,4,2,6,38,4,3,6,22,4,2,6,5,4,1,6,10,4,1,6,1,4,1,6,1,4,1,6,5,4,3,6,22,4,2,6,5,4,1,6,10,4,1,6,1,4,1,6,1,4,,1,2,6,1,4,2,6,2,4,1,6,4,4,3,6,3,4,1,6,30,4,1,6,3,4,1,6,2,4,1,6,4,4,1,6,2,4,1,6,2,4,7,6,3,4,2,6,1,4,1,6,27,4,3,6,2,4,1,6,2,4,1,6,3,4,1,6,1,4,5,6,3,4,2,6,1,4,1,6,27,4,3,6,2,4,1,6,2,4,1,6,3,4,1,6,,1,2,4,1,6,2,4,2,6,8,4,2,6,2,4,12,6,29,4,1,6,5,4,1,6,7,4,3,6,2,4,1,6,1,4,14,6,3,4,1,6,6,4,1,6,1,4,1,6,7,4,1,6,2,4,1,6,8,4,3,6,2,4,1,6,1,4,14,6,3,4,1,6,6,4,1,6,1,4,1,6,7,4,1,6,2,4,1,6,,2,2,6,1,4,1,6,39,6,7,4,3,6,1,4,2,6,1,4,8,4,1,6,5,4,1,6,5,4,1,6,6,6,11,4,3,6,1,4,6,6,1,4,1,6,1,4,7,6,1,4,3,4,1,6,1,4,1,6,2,4,1,6,5,4,1,6,6,6,11,4,3,6,1,4,6,6,1,4,1,6,1,4,7,6,1,4,3,4,1,6,1,4,,1,8,4,1,6,22,4,3,6,28,4,2,6,5,4,2,6,1,4,2,6,10,4,11,6,12,4,1,6,7,4,1,6,6,4,2,6,1,4,2,6,10,4,11,6,12,4,1,6,7,4,1,6,,1,2,4,2,6,64,4,1,6,51,4,1,6,52,4,1,6,,0,1,6,41,6,1,4,41,6,11,4,4,6,2,4,6,6,1,4,29,6,11,4,4,6,2,4,6,6,1,4,,1,1,4,1,6,2,4,1,6,3,6,1,4,22,6,3,4,2,6,6,4,2,6,1,4,23,6,1,4,12,6,3,4,17,6,3,4,4,6,2,4,5,6,1,4,18,6,3,4,17,6,3,4,4,6,2,4,5,6,1,4,,1,12,6,5,4,2,6,12,4,4,6,1,4,7,6,1,4,1,6,4,4,1,6,3,4,27,6,1,4,23,6,1,4,5,6,1,4,2,6,1,4,4,6,1,4,14,6,1,4,23,6,1,4,5,6,1,4,2,6,1,4,4,6,1,4,,1,1,6,1,4,2,6,1,4,1,6,1,4,2,6,3,4,5,6,2,4,15,6,1,4,2,6,6,4,6,6,1,4,4,6,2,4,1,6,10,4,5,6,2,4,5,6,1,4,15,6,6,4,4,6,3,4,3,6,2,4,1,6,1,4,1,6,2,4,7,6,2,4,5,6,1,4,15,6,6,4,4,6,3,4,3,6,2,4,1,6,1,4,1,6,2,4,,1,7,6,1,4,7,6,1,4,15,6,3,4,2,6,1,4,6,6,6,4,1,6,4,4,2,6,1,4,10,6,1,4,9,6,1,4,23,6,4,4,3,6,2,4,3,6,1,4,16,6,1,4,23,6,4,4,3,6,2,4,3,6,1,4,,1,12,6,2,4,5,6,12,4,53,6,11,4,15,6,1,4,4,6,1,4,21,6,11,4,15,6,1,4,4,6,1,4,,1,1,4,1,6,33,6,1,4,6,6,1,4,52,6,3,4,8,6,1,4,41,6,3,4,8,6,1,4,,1,14,6,1,4,1,6,1,4,20,6,5,4,7,6,1,4,24,6,1,4,3,6,1,4,1,6,4,4,14,6,1,4,12,6,1,4,15,6,1,4,3,6,1,4,1,6,4,4,14,6,1,4,12,6,1,4,,1,2,4,1,6,1,4,1,6,2,4,1,6,4,4,3,6,1,4,1,6,20,4,4,6,8,4,1,6,21,4,2,6,1,4,1,6,3,4,1,6,1,4,4,6,14,4,1,6,7,4,1,6,4,4,1,6,12,4,2,6,1,4,1,6,3,4,1,6,1,4,4,6,14,4,1,6,7,4,1,6,4,4,1,6,,2,14,6,1,4,1,6,1,4,20,6,4,4,8,6,1,4,19,4,2,6,6,4,1,6,6,4,11,6,24,4,1,6,1,4,3,6,6,4,1,6,6,4,11,6,24,4,1,6,1,4,,0,1,6,2,4,1,6,1,4,2,6,7,4,1,6,1,4,1,6,2,4,12,6,6,4,4,6,8,4,1,6,3,4,1,6,2,4,1,6,10,4,1,6,5,4,1,6,21,4,3,6,6,4,1,6,5,4,1,6,2,4,1,6,1,4,4,6,7,4,1,6,21,4,3,6,6,4,1,6,5,4,1,6,2,4,1,6,1,4,4,6,,2,1,4,1,6,13,4,1,6,15,4,3,6,7,4,1,6,19,4,1,6,2,4,1,6,1,4,1,6,4,4,2,6,1,4,3,6,1,4,3,6,20,4,3,6,3,4,3,6,10,4,2,6,2,4,2,6,1,4,3,6,1,4,3,6,20,4,3,6,3,4,3,6,10,4,,2,17,4,1,6,17,4,1,6,16,4,1,6,2,4,1,6,3,4,2,6,7,4,3,6,2,4,1,6,3,4,1,6,3,4,8,6,10,4,2,6,4,4,1,6,6,4,1,6,1,4,1,6,3,4,2,6,2,4,2,6,2,4,1,6,3,4,1,6,3,4,8,6,10,4,2,6,4,4,1,6,6,4,1,6,1,4,1,6,3,4,2,6,,
;;;;;;;;a-b1;A;Vana-Pääsküla - Viru;1234567z;;04401-1,04510-1,04303-1,04201-1,05101-1,05202-1,05704-1,05701-1,06402-1,07401-1,07301-1,11302-2,12601-1,12004-1,21207-1;
+1417,+1,+0,,20666,,0,,12345,1,6,1,7,,1,,2,,1,,2,,2,1,4,,2,,1,,3,1,6,,4,,2,1,4,,2,,1,,2,1,4,,1,,
;;;;;;;;a1-b;A;Hobujaama - Viimsi;1234567z;;12211-2,11903-2,11803-2,11805-1,00152-1,12702-1,17902-1,17909-1,17908-1,18502-1,18506-1,18508-1,18901-1,18808-1,18802-1,18807-1,18806-1,20814-1,20802-1,23650-1,23661-1,23641-1;
+325,+13,-015,+25,+21,-021,+21,,20666,,0,,12345,2,6,3,7,,2,4,6,1,4,1,6,,2,4,4,1,6,1,4,,1,2,4,2,6,1,4,1,6,,1,2,6,2,4,1,6,1,4,,1,2,4,2,6,1,4,1,6,,2,2,6,2,4,1,6,1,4,,1,2,4,2,6,1,4,1,6,,0,2,6,,1,,1,,1,,1,,1,,1,,1,,1,,0,,2,,1,,1,,2,,
;;;;;;;;b-a;A;Viimsi - Viru - Vana-Pääsküla;1234567z;;23642-1,23709-1,23682-1,20823-1,18805-1,18803-1,18801-1,18804-1,18510-1,18507-1,18505-1,18501-1,17907-1,17901-1,12701-1,11807-1,11804-1,11802-1,10702-1,12221-1,12101-1,12403-1,12603-1,11304-1,07408-1,07403-1,06401-1,05702-1,05705-1,05203-1,05102-1,04202-1,04203-1,04405-1,04402-1;
+360,+19,+15,+14,+12,+12,+12,+13,+13,+13,+13,+13,+14,+14,+14,+13,+13,+13,+12,+12,+14,+13,+13,+14,+16,+17,+18,+20,+20,+20,+17,+17,+16,+15,+15,+15,+15,+14,+14,+15,+15,+15,+14,+14,+14,+14,+14,+15,+15,+15,+16,+16,+17,+17,+17,+17,+17,+17,+17,+19,+18,+18,+16,+18,+19,+19,+20,-01019,+25,+24,+21,+20,+20,+18,+21,+20,+20,+19,+20,+19,+20,+20,+20,+20,+20,+20,+20,+20,+20,+18,+19,+19,+19,+19,+18,+18,+19,+20,+20,+19,+20,+20,+19,+20,+20,+20,+20,+20,+19,+20,+20,+20,+20,+20,+20,+20,+20,+20,+20,+20,+20,-01028,+24,+21,+20,+20,+18,+21,+20,+20,+19,+20,+19,+20,+20,+20,+20,+20,+20,+20,+20,+20,+18,+19,+19,+19,+19,+18,+18,+19,+20,+20,+19,+20,+20,+19,+20,+20,+20,+20,+20,+19,+20,+20,+20,+20,+20,+20,+20,+20,+20,+20,+20,+20,,20666,,0,,12345,67,6,54,7,,1,,2,7,6,45,4,,2,52,6,3,4,24,6,25,4,28,6,25,4,,2,55,6,4,4,60,4,2,6,51,4,,1,3,6,4,4,2,6,4,4,,1,8,6,1,4,55,4,4,6,,1,1,6,2,4,10,6,2,4,20,6,17,4,12,6,3,4,51,4,1,6,52,4,1,6,,1,7,6,1,4,7,6,8,4,29,6,2,4,10,4,3,6,37,6,6,4,47,6,6,4,,2,1,4,1,6,12,4,9,6,28,4,3,6,1,4,4,6,8,4,5,6,7,4,10,6,15,4,6,6,9,4,6,6,7,4,10,6,15,4,6,6,9,4,,1,2,4,1,6,6,6,4,4,1,6,1,4,44,4,5,6,51,4,4,6,1,4,1,6,47,4,4,6,1,4,,1,1,6,2,4,3,6,1,4,1,6,1,4,4,6,1,4,1,6,8,4,28,6,3,4,1,6,9,4,15,6,10,4,6,6,15,4,5,6,4,4,13,6,10,4,6,6,15,4,5,6,4,4,,1,3,6,3,4,3,6,4,4,10,6,28,4,38,6,6,4,23,4,2,6,22,6,6,4,23,4,2,6,,1,7,6,2,4,5,6,1,4,63,6,1,4,52,6,1,4,,3,14,4,1,6,52,4,5,6,6,4,1,6,42,4,4,6,6,4,1,6,,1,1,4,1,6,76,6,1,4,16,6,9,4,16,4,1,6,10,6,1,4,16,6,9,4,16,4,,1,1,6,1,4,1,6,20,4,11,6,33,4,3,6,2,4,2,6,4,4,1,6,16,4,9,6,11,4,5,6,1,4,2,6,2,4,2,6,4,4,1,6,16,4,9,6,11,4,5,6,,1,1,4,1,6,1,4,3,6,1,4,2,6,3,4,2,6,1,4,8,6,11,4,9,6,7,4,1,6,4,4,12,6,3,4,2,6,2,4,4,6,11,4,2,6,23,4,1,6,5,4,1,6,2,4,2,6,2,4,4,6,11,4,2,6,23,4,1,6,5,4,,2,1,6,1,4,1,6,3,4,1,6,35,6,1,4,7,6,1,4,4,6,3,4,9,4,5,6,18,6,1,4,4,6,9,4,14,4,2,6,1,4,4,6,18,6,1,4,4,6,9,4,14,4,2,6,,3,6,6,1,4,2,6,2,4,44,4,3,6,9,4,3,6,2,4,1,6,16,6,6,4,23,4,5,6,2,4,1,6,16,6,6,4,23,4,,1,2,6,32,6,8,4,13,6,2,4,6,4,1,6,9,4,1,6,46,4,1,6,5,4,1,6,46,4,,2,2,4,6,6,1,4,3,6,2,4,1,6,7,4,6,6,6,4,5,6,16,4,2,6,1,4,5,6,1,4,13,6,2,4,9,6,1,4,6,6,9,4,16,6,1,4,9,6,2,4,9,6,1,4,6,6,9,4,16,6,,1,1,6,1,6,1,4,1,6,2,4,1,6,1,4,14,6,1,4,1,6,4,4,8,6,3,4,4,6,3,4,13,6,1,4,,3,1,4,10,6,1,4,11,6,1,4,10,6,2,4,6,6,1,4,12,6,2,4,1,6,1,4,1,6,1,4,12,6,1,4,5,6,9,4,6,6,1,4,9,6,8,4,8,4,1,6,5,6,1,4,5,6,9,4,6,6,1,4,9,6,8,4,8,4,,1,1,6,1,4,1,6,1,4,2,6,5,4,1,6,10,4,6,6,6,4,2,6,19,4,2,6,1,4,3,6,6,4,2,6,1,4,2,6,1,4,1,6,3,4,12,6,5,4,18,6,2,4,4,6,1,4,1,6,1,4,1,6,1,4,2,6,1,4,1,6,3,4,12,6,5,4,18,6,2,4,4,6,1,4,1,6,,2,1,4,1,6,39,6,4,4,20,4,2,6,51,4,1,6,1,4,1,6,50,4,1,6,1,4,,3,1,6,1,6,1,4,1,6,2,4,5,6,1,4,10,6,6,4,6,6,2,4,3,6,2,6,1,4,8,4,17,4,1,6,2,6,2,4,5,6,2,4,9,6,1,4,5,6,10,4,19,6,2,4,5,6,2,4,9,6,1,4,5,6,10,4,,3,3,6,1,4,2,6,1,4,1,6,3,4,3,6,1,4,18,6,1,4,2,6,3,4,1,6,2,6,3,4,2,4,4,6,2,4,2,6,6,4,4,6,1,4,7,6,1,4,2,6,1,4,2,6,9,4,1,6,5,4,10,6,3,4,13,4,1,6,5,6,1,4,2,6,1,4,2,6,9,4,1,6,5,4,10,6,3,4,13,4,,1,2,4,1,6,5,4,3,6,3,4,1,6,18,4,1,6,8,4,1,6,2,4,1,6,6,4,1,6,4,4,1,6,2,4,1,6,4,4,1,6,2,4,1,6,4,4,1,6,2,4,1,6,13,4,4,6,11,4,2,6,14,4,1,6,4,4,1,6,2,4,1,6,13,4,4,6,11,4,2,6,,2,1,6,2,4,5,6,3,4,3,6,1,4,15,6,4,4,1,6,1,4,6,6,1,4,2,6,1,4,1,6,2,4,1,6,1,4,1,6,1,4,4,6,1,4,2,6,1,4,4,6,2,4,1,6,1,4,3,6,2,4,1,6,4,4,11,6,4,4,1,6,7,4,3,6,2,4,14,6,1,4,3,6,2,4,1,6,4,4,11,6,4,4,1,6,7,4,3,6,2,4,,2,1,4,1,6,5,6,1,4,4,6,2,4,1,6,7,4,6,6,2,4,4,6,1,4,4,6,1,4,28,4,1,6,19,6,1,4,32,4,1,6,19,6,1,4,,3,2,4,1,6,4,4,4,6,1,4,10,6,6,4,5,6,1,4,2,6,3,4,1,6,7,4,2,6,6,4,6,6,2,4,1,6,1,4,3,6,2,4,4,6,1,4,4,6,9,4,1,6,6,4,7,6,4,4,1,6,5,4,2,6,1,4,3,6,1,4,1,6,3,4,4,6,1,4,4,6,9,4,1,6,6,4,7,6,4,4,1,6,5,4,2,6,1,4,3,6,1,4,1,6,,0,1,6,2,4,1,6,2,4,1,6,43,4,1,6,39,4,4,6,11,4,1,6,4,4,2,6,2,4,1,6,28,4,4,6,11,4,1,6,4,4,2,6,2,4,1,6,,3,1,4,1,6,2,4,2,6,1,4,2,6,2,4,3,6,1,4,17,6,1,4,2,6,1,4,11,6,2,4,1,6,1,4,19,6,2,4,18,6,4,4,4,6,3,4,4,6,2,4,3,6,3,4,1,6,1,4,8,6,2,4,18,6,4,4,4,6,3,4,4,6,2,4,3,6,3,4,1,6,1,4,,1,8,6,1,4,4,6,1,4,1,6,7,4,6,6,4,4,2,6,1,4,1,6,2,4,1,6,1,4,1,6,1,4,7,6,1,4,5,6,2,4,1,6,3,4,12,6,1,4,2,6,3,4,9,6,1,4,6,6,3,4,3,6,1,4,11,6,1,4,12,6,1,4,2,6,3,4,9,6,1,4,6,6,3,4,3,6,1,4,11,6,1,4,,
;;;;;;;;b-a2;A;Viimsi - Hobujaama;1234567z;;23642-1,23709-1,23682-1,20823-1,18805-1,18803-1,18801-1,18804-1,18510-1,18507-1,18505-1,18501-1,17907-1,17901-1,12701-1,11807-1,11804-1,11802-1,10702-1,12221-1;
+1393,+20,+21,+21,-025,+22,-022,+22,,20666,,0,,12345,4,6,2,7,,1,,2,,2,,2,4,4,,1,1,4,3,6,,0,1,6,,2,1,4,,0,1,6,,2,1,4,,1,4,4,,1,,1,,1,,3,,1,4,4,,2,1,4,3,6,,0,1,6,3,4,,3,1,4,3,6,,3,4,4,,
;;;;;20666,,,,,-46235,46235;;;b1-a;A;Viru - Vana-Pääsküla;123457z;;12101-1,12403-1,12603-1,11304-1,07408-1,07403-1,06401-1,05702-1,05705-1,05203-1,05102-1,04202-1,04203-1,04405-1,04402-1;
+333,+20,+20,+13,,20666,,0,,12345,3,7,,1,,2,,2,,2,3,4,,2,,3,,3,,0,3,6,,3,3,4,,1,3,6,,3,3,4,,1,,2,,1,,
;;;;;-25569,,,,,46235,-46235;;;b1-a_6;A;;6z;;12101-1,12403-1,12603-1,11304-1,07408-1,07403-1,06401-1,05702-1,05203-1,05102-1,04202-1,04203-1,04405-1,04402-1;
+338,+23,,20666,,0,,6,,1,,2,,2,,1,,2,,3,,3,,3,,2,,2,,1,,2,,1,,
2;;;;;20677,,,,,,;0;;a-b;A;Balti jaam - Mõigu;1234567z;;21102-1,10905-1,12003-1,21201-1,21206-2,12309-1,11706-1,11605-2,13002-1,13005-1,13606-1,13602-1,13605-1,13601-1;
+320,+21,+21,+21,+20,+20,+22,+22,+22,+21,+23,+22,+24,+25,+27,+22,+22,+21,+22,+22,+21,+20,+22,+22,+22,+21,+22,+22,+22,+23,+23,+23,+23,+23,+23,+23,+24,+26,+26,+22,+22,+22,+21,+22,+22,+22,+21,+22,+22,+22,+22,-01114,+21,+27,+28,+26,+26,+29,+27,+26,+29,+29,+29,+29,+29,+24,+27,+26,+24,+27,+27,+24,+27,+27,+26,+26,+26,+26,+26,+26,+29,+30,+31,+31,+28,+28,+28,+28,+28,+28,+28,+28,+27,-01116,+21,+27,+28,+26,+26,+29,+27,+26,+29,+29,+29,+29,+29,+24,+27,+26,+24,+27,+27,+24,+27,+27,+26,+26,+26,+26,+26,+26,+29,+30,+31,+31,+28,+28,+28,+28,+28,+28,+28,+28,+27,,20677,,0,,12345,51,6,42,7,,2,6,6,46,4,2,6,3,4,3,6,28,4,4,6,2,4,2,6,3,4,3,6,28,4,4,6,,2,4,6,2,4,2,6,20,6,6,4,7,4,10,4,1,6,1,6,1,4,2,6,4,4,21,6,4,4,8,4,1,6,1,6,1,4,2,6,4,4,21,6,4,4,,2,6,6,2,4,22,6,3,4,1,6,2,4,5,6,3,4,9,4,1,7,2,4,4,6,21,4,4,6,1,4,9,4,1,7,2,4,4,6,21,4,4,6,1,4,,1,4,6,2,4,2,6,22,4,1,6,3,4,2,6,5,4,3,6,4,4,3,6,3,4,3,6,3,4,21,6,1,4,4,6,5,4,2,6,3,4,3,6,3,4,21,6,1,4,4,6,5,4,,1,1,6,29,6,1,4,3,6,2,4,8,4,2,6,5,4,2,6,40,4,2,6,,2,1,4,1,6,2,4,2,6,7,4,8,6,14,4,1,6,10,4,2,6,2,4,1,6,2,4,1,6,3,4,3,6,21,4,1,6,4,4,7,6,2,4,1,6,3,4,3,6,21,4,1,6,4,4,,2,4,6,6,4,3,6,8,4,6,6,1,4,2,6,4,4,1,6,1,4,21,6,3,4,21,6,1,4,9,6,1,4,7,6,3,4,21,6,1,4,9,6,1,4,,1,1,6,1,4,1,6,1,4,3,6,21,6,2,4,12,4,2,6,4,4,5,6,1,4,2,6,1,4,3,6,21,4,1,6,8,4,2,6,1,4,2,6,1,4,2,6,1,4,3,6,21,4,1,6,8,4,2,6,,2,1,4,1,6,2,6,2,6,1,4,1,6,3,4,2,4,8,6,8,6,5,4,2,4,6,6,2,4,37,6,1,4,10,4,1,6,30,6,1,4,10,4,,2,1,6,1,4,5,6,1,4,1,6,1,4,3,6,8,4,7,6,9,4,10,4,1,6,4,4,2,6,27,4,1,6,3,4,1,6,5,4,1,6,2,4,2,6,27,4,1,6,3,4,1,6,5,4,1,6,,1,2,6,5,4,1,6,1,4,1,6,25,4,1,6,6,4,5,6,1,4,9,6,3,4,4,6,22,4,5,6,1,4,7,6,3,4,4,6,22,4,5,6,1,4,,1,1,4,2,6,10,4,11,6,5,4,2,6,1,4,3,6,1,4,1,6,4,4,1,6,5,4,1,6,3,4,1,6,5,4,3,6,4,4,11,6,4,4,2,6,1,4,4,6,2,4,2,6,1,4,3,6,5,4,3,6,4,4,11,6,4,4,2,6,1,4,4,6,2,4,2,6,1,4,,1,1,6,2,4,2,6,1,4,1,6,3,4,1,6,1,4,1,6,11,4,5,6,2,4,1,6,5,4,4,6,1,4,5,6,1,4,3,6,2,4,4,6,3,4,4,6,11,4,4,6,2,4,1,6,4,4,2,6,2,4,2,6,3,4,4,6,3,4,4,6,11,4,4,6,2,4,1,6,4,4,2,6,2,4,2,6,,
;;;;;;;;b-a;A;Mõigu - Balti jaam;1234567z;;13601-1,13604-1,13603-1,13516-1,13006-1,13001-1,11603-2,11701-2,12307-1,21222-1,21210-1,12002-1,12405-1,10904-1,10902-1,21104-1,21105-7;
+320,+26,+22,+22,+22,+22,+22,+22,+22,+22,+21,+22,+22,+23,+23,+27,+23,+22,+21,+22,+22,+22,+21,+22,+22,+22,+21,+22,+23,+23,+24,+24,+24,+24,+22,+22,+22,+22,+24,+25,+23,+23,+23,+22,+22,+22,+22,+22,+22,+23,+23,-01128,+26,+26,+24,+28,+27,+26,+28,+27,+26,+28,+29,+29,+29,+28,+25,+28,+26,+24,+27,+27,+24,+27,+27,+26,+26,+26,+26,+26,+26,+29,+30,+32,+32,+29,+29,+29,+29,+28,+28,+28,+33,-01128,+26,+26,+24,+28,+27,+26,+28,+27,+26,+28,+29,+29,+29,+28,+25,+28,+26,+24,+27,+27,+24,+27,+27,+26,+26,+26,+26,+26,+26,+29,+30,+32,+32,+29,+29,+29,+29,+28,+28,+28,+33,,20677,,0,,12345,51,6,42,7,,1,45,4,6,6,38,4,4,6,38,4,,1,8,6,2,4,18,6,5,4,12,6,1,4,5,4,1,6,22,6,8,4,11,4,1,6,22,6,8,4,,2,5,6,4,6,4,4,15,4,5,6,8,4,5,6,1,4,14,6,13,4,18,6,1,4,10,6,13,4,18,6,,1,8,6,4,4,18,6,4,4,18,4,4,6,5,4,3,6,23,4,2,6,3,4,1,6,1,4,4,6,5,4,3,6,23,4,2,6,3,4,,2,4,6,2,6,2,6,1,4,1,6,1,4,1,6,1,2,11,6,4,6,3,6,2,3,3,4,5,6,4,4,2,6,3,4,3,6,3,4,5,6,3,4,11,6,3,4,4,6,3,4,2,6,2,4,6,6,3,4,5,6,3,4,11,6,3,4,4,6,3,4,2,6,2,4,,1,2,6,6,4,1,6,3,4,1,6,20,6,1,4,7,4,4,6,1,4,4,6,1,4,5,6,5,4,3,6,11,4,3,6,4,4,3,6,2,4,2,6,2,4,1,6,1,4,5,6,5,4,3,6,11,4,3,6,4,4,3,6,2,4,2,6,2,4,1,6,,2,2,4,1,6,5,6,1,4,3,6,1,4,17,6,1,4,3,6,1,4,15,4,2,6,4,4,1,6,25,6,2,4,6,4,1,6,1,4,2,6,4,4,1,6,25,6,2,4,6,4,1,6,1,4,,1,2,6,5,6,5,4,1,6,11,4,3,6,7,4,1,6,1,4,13,4,1,6,2,4,3,6,20,6,3,4,4,4,2,6,5,4,1,6,4,4,3,6,20,6,3,4,4,4,2,6,5,4,1,6,,2,3,4,1,6,3,4,1,6,2,4,1,6,2,4,10,6,16,4,2,6,4,4,1,6,1,4,2,6,1,4,2,6,3,4,6,6,3,4,3,6,8,4,3,6,7,4,4,6,1,4,4,6,3,4,6,6,3,4,3,6,8,4,3,6,7,4,4,6,1,4,,1,3,6,1,4,2,6,6,4,1,6,10,4,1,6,11,4,1,6,2,4,1,6,2,4,4,6,1,4,10,6,1,4,1,6,3,4,1,6,5,4,6,6,9,4,5,6,2,4,9,6,1,4,1,6,3,4,1,6,5,4,6,6,9,4,5,6,2,4,,1,4,6,2,4,1,6,1,4,1,6,2,4,1,6,12,4,3,6,1,4,1,6,7,4,2,6,7,4,2,6,2,4,2,6,1,4,5,6,1,4,3,6,1,4,2,6,9,4,1,6,13,4,6,6,1,4,5,6,1,4,3,6,1,4,2,6,9,4,1,6,13,4,,2,6,6,1,4,1,6,1,4,2,6,1,4,11,6,4,4,1,6,1,4,2,6,2,4,2,6,3,4,13,4,2,6,20,6,1,4,19,4,2,6,20,6,1,4,,1,29,6,6,4,12,4,2,6,4,4,1,6,41,4,1,6,,1,4,6,2,4,1,6,1,4,4,6,1,4,14,6,1,4,23,4,1,6,41,4,1,6,,1,9,6,1,4,18,6,1,4,4,6,1,4,17,6,1,4,10,6,2,4,3,6,6,4,9,6,2,4,9,6,1,4,10,6,2,4,3,6,6,4,9,6,2,4,,1,10,6,1,4,2,6,10,4,1,6,3,4,3,6,3,4,18,4,1,6,6,6,3,4,3,6,3,4,26,4,1,6,6,6,3,4,3,6,3,4,,
3;;;;;20661,,,,,,;1,7;;a-b;A;Vana-Lõuna - Pelguranna;1234567z;;11314-1,13201-1,13202-1,12502-1,12503-1,13103-1,21222-1,21210-1,12401-1,12405-1,10904-1,10902-1,21104-1,10603-1,10305-1,10304-1,10302-1,09812-1,09809-1,09807-1,09703-1,09404-1,09505-1,09501-1;
+314,+18,+16,+16,+12,+12,+11,+11,+10,+10,+10,+10,+10,+11,+12,+12,+12,+12,+12,+12,+12,+12,+14,+15,+15,+15,+15,+16,+17,+18,+18,+18,+18,+18,+18,+18,+17,+17,+17,+16,+15,+15,+15,+14,+14,+14,+13,+13,+11,+11,+11,+12,+12,+13,+13,+13,+14,+14,+14,+14,+14,+17,+16,+17,+17,+17,+17,+17,+17,+17,+17,+17,+18,+18,+18,+18,+18,-01076,+26,+24,+25,+25,+26,+26,+25,+23,+22,+20,+19,+18,+17,+17,+17,+17,+17,+17,+17,+20,+21,+21,+22,+17,+17,+17,+17,+17,+17,+17,+17,+17,+17,+17,+18,+18,+18,+20,+20,+22,+25,+27,+27,+27,+27,+26,+26,+26,+26,+26,+27,-01075,+26,+24,+25,+25,+26,+26,+25,+23,+22,+20,+19,+18,+17,+17,+17,+17,+17,+17,+17,+20,+21,+21,+22,+17,+17,+17,+17,+17,+17,+17,+17,+17,+17,+17,+18,+18,+18,+20,+20,+22,+25,+27,+27,+27,+27,+26,+26,+26,+26,+26,+27,,20661,,0,,12345,77,6,52,7,,2,6,6,7,6,43,4,21,4,1,6,49,4,3,6,49,4,,0,9,6,4,4,31,6,6,4,6,6,8,4,13,6,1,4,2,6,41,4,6,6,3,4,2,6,41,4,6,6,,2,6,4,7,6,31,4,6,6,22,4,6,6,2,4,50,6,2,4,,1,8,6,22,4,14,6,12,4,22,4,2,6,15,6,9,4,6,6,8,4,3,6,3,4,6,4,2,6,15,6,9,4,6,6,8,4,3,6,3,4,,2,6,6,2,4,22,6,14,4,5,6,15,4,8,6,5,4,7,6,11,4,9,6,6,4,26,6,11,4,9,6,6,4,,2,5,6,1,4,2,6,36,6,5,4,21,4,7,6,7,4,2,6,35,4,3,6,3,4,2,6,7,4,2,6,35,4,3,6,3,4,,1,6,6,2,4,2,6,20,4,12,6,2,4,5,6,11,4,4,6,4,4,16,6,2,4,24,6,5,4,3,6,5,4,4,6,2,4,7,6,2,4,24,6,5,4,3,6,5,4,4,6,,2,8,6,2,4,20,6,12,4,2,6,11,4,5,6,4,4,4,6,1,4,1,6,1,4,38,6,1,4,16,4,3,6,32,6,1,4,16,4,,2,5,4,5,6,20,4,12,6,21,4,6,6,1,4,1,6,1,4,8,6,29,4,1,6,11,4,2,6,2,4,1,6,3,4,3,6,29,4,1,6,11,4,2,6,2,4,1,6,,0,5,6,5,4,2,6,36,6,7,4,14,4,1,6,57,4,2,6,50,4,,1,10,6,2,4,31,6,1,4,25,6,1,4,7,4,1,6,27,6,5,4,5,6,2,4,12,4,1,6,27,6,5,4,5,6,2,4,,2,5,4,3,6,2,4,20,6,12,4,2,6,12,4,7,6,5,4,42,6,3,4,4,6,1,4,3,6,2,4,2,6,1,4,36,6,3,4,4,6,1,4,3,6,2,4,2,6,1,4,,3,5,6,2,6,1,4,3,6,19,4,12,6,1,6,1,4,3,6,7,3,2,6,7,3,5,6,10,4,2,6,14,6,9,4,1,6,1,4,2,6,10,4,4,4,2,6,2,4,2,6,3,4,2,6,14,6,9,4,1,6,1,4,2,6,10,4,4,4,2,6,2,4,2,6,,2,12,6,17,4,1,6,17,4,2,6,1,4,4,6,15,4,1,6,1,4,9,6,24,4,1,6,12,4,1,6,2,4,1,6,3,4,1,6,2,4,5,6,24,4,1,6,12,4,1,6,2,4,1,6,3,4,1,6,2,4,,1,5,6,7,4,17,6,13,4,2,6,5,4,1,6,4,4,1,6,1,4,13,6,1,4,1,6,6,4,1,6,2,4,23,6,2,4,4,6,1,4,7,6,1,4,2,6,1,4,3,6,1,4,5,6,2,4,23,6,2,4,4,6,1,4,7,6,1,4,2,6,1,4,3,6,1,4,,2,4,4,101,6,2,4,50,6,2,4,,1,4,6,1,4,3,6,3,4,1,6,18,4,12,6,2,4,2,6,9,4,1,6,13,4,1,6,1,4,1,6,1,4,4,6,1,4,2,6,23,4,1,6,1,4,2,6,10,4,1,6,2,4,1,6,9,4,2,6,23,4,1,6,1,4,2,6,10,4,1,6,2,4,1,6,,1,11,6,1,4,18,6,10,4,84,4,1,6,51,4,1,6,,1,77,4,1,6,49,4,3,6,49,4,,1,5,6,3,4,12,6,9,4,11,6,2,4,2,6,2,4,2,6,2,4,5,6,1,4,13,6,1,4,1,6,1,4,1,6,1,4,3,6,1,4,1,6,1,4,6,6,8,4,9,6,1,4,1,6,2,4,1,6,1,4,1,6,2,4,5,6,1,4,2,6,1,4,3,6,1,4,2,6,3,4,1,6,1,4,6,6,8,4,9,6,1,4,1,6,2,4,1,6,1,4,1,6,2,4,5,6,1,4,2,6,1,4,3,6,1,4,2,6,,2,5,4,3,6,3,4,1,6,8,4,9,6,1,4,12,6,2,4,2,6,2,4,2,6,3,4,1,6,1,4,1,6,4,4,3,6,6,4,1,6,1,4,3,6,3,4,4,6,3,4,1,6,1,4,8,6,9,4,4,6,1,4,1,6,1,4,2,6,4,4,2,6,1,4,2,6,2,4,2,6,1,4,7,6,3,4,1,6,1,4,8,6,9,4,4,6,1,4,1,6,1,4,2,6,4,4,2,6,1,4,2,6,2,4,2,6,1,4,,0,5,6,24,4,1,6,38,4,1,6,1,4,1,6,3,4,3,6,4,4,3,6,28,4,1,6,2,4,1,6,2,4,1,6,2,4,2,6,2,4,1,6,7,4,3,6,28,4,1,6,2,4,1,6,2,4,1,6,2,4,2,6,2,4,1,6,,1,5,4,2,6,1,4,3,6,1,4,17,6,11,4,4,6,2,4,2,6,2,4,3,6,1,4,1,6,1,4,4,6,3,4,5,6,1,4,1,6,1,4,1,6,1,4,1,6,3,4,1,6,1,4,1,6,5,4,18,6,2,4,3,6,1,4,1,6,1,4,1,6,1,4,2,6,2,4,1,6,2,4,1,6,6,4,3,6,1,4,1,6,5,4,18,6,2,4,3,6,1,4,1,6,1,4,1,6,1,4,2,6,2,4,1,6,2,4,1,6,6,4,,
;;;;;;;;b-a;A;Pelguranna - Vana-Lõuna;1234567z;;09501-1,09601-1,09602-1,09701-1,09702-1,09806-1,09808-1,09811-1,10301-1,10303-1,10306-1,10505-1,21102-1,10905-1,12003-1,21204-1,12309-1,12301-1,12504-1,12607-1,13302-1,13301-1,00011-1,11315-1;
+323,+23,+18,+16,+9,+8,+12,+13,+12,+12,+12,+11,+11,+10,+11,+12,+12,+12,+12,+12,+12,+12,+12,+12,+14,+15,+15,+15,+15,+16,+17,+17,+17,+18,+18,+18,+18,+18,+18,+17,+17,+16,+15,+15,+16,+15,+14,+14,+14,+14,+12,+12,+11,+12,+12,+12,+12,+11,+13,+13,+15,+14,+13,+16,+16,+16,+16,+17,+16,+17,+17,+16,+16,+18,+17,+17,+17,+18,-01092,+33,+26,+26,+27,+25,+26,+26,+26,+24,+22,+20,+19,+18,+17,+17,+17,+17,+18,+17,+17,+20,+21,+21,+22,+17,+17,+16,+17,+18,+17,+18,+17,+18,+17,+17,+17,+18,+18,+20,+19,+21,+24,+27,+27,+26,+27,+25,+26,+26,+24,+25,-01081,+33,+26,+26,+27,+25,+26,+26,+26,+24,+22,+20,+19,+18,+17,+17,+17,+17,+18,+17,+17,+20,+21,+21,+22,+17,+17,+16,+17,+18,+17,+18,+17,+18,+17,+17,+17,+18,+18,+20,+19,+21,+24,+27,+27,+26,+27,+25,+26,+26,+24,+25,,20661,,0,,12345,78,6,52,7,,0,,2,,1,,1,5,6,56,4,27,6,28,4,24,6,28,4,,1,19,6,6,4,22,6,6,4,8,6,6,4,16,6,5,4,47,6,5,4,,1,25,6,22,4,34,6,2,4,33,6,5,4,12,6,2,4,33,6,5,4,,1,104,6,7,4,10,6,2,4,33,6,7,4,10,6,2,4,,2,25,4,22,6,5,4,1,6,7,4,7,6,5,4,6,6,3,4,2,6,21,4,7,6,5,4,7,6,3,4,4,6,3,4,2,6,21,4,7,6,5,4,7,6,3,4,,1,47,4,5,6,1,4,7,6,7,4,5,6,6,4,3,6,2,4,5,6,35,4,3,6,4,4,3,6,2,4,5,6,35,4,3,6,,1,9,6,10,4,6,6,41,4,1,6,5,4,6,6,10,4,16,6,7,4,5,6,5,4,2,6,4,4,3,6,10,4,16,6,7,4,5,6,5,4,2,6,4,4,,1,46,6,4,4,,2,5,6,4,4,10,6,6,4,13,6,4,6,4,4,9,4,11,6,1,4,5,6,6,4,10,6,16,4,7,6,5,4,5,6,2,4,17,6,16,4,7,6,5,4,5,6,2,4,,2,4,6,7,6,6,4,21,4,3,7,1,4,8,6,2,4,20,4,9,6,7,4,16,6,17,4,2,6,3,4,1,6,3,4,3,6,7,4,16,6,17,4,2,6,3,4,1,6,,2,9,6,2,4,6,6,2,4,6,6,16,4,1,6,4,6,4,4,10,4,28,6,16,4,17,6,1,4,5,4,3,6,10,6,16,4,17,6,1,4,5,4,,2,8,6,1,4,2,6,6,4,2,6,6,4,16,6,1,4,13,6,1,4,21,4,1,6,9,6,1,4,19,6,5,4,10,6,1,4,16,6,1,4,19,6,5,4,10,6,1,4,,1,8,4,1,6,46,4,1,6,56,6,3,4,7,4,1,6,41,6,3,4,7,4,1,6,,1,11,4,1,6,7,4,6,6,16,4,1,6,9,4,1,6,7,4,1,6,6,4,6,6,4,4,1,6,1,4,5,6,4,4,16,6,4,4,8,6,5,4,2,6,1,4,12,6,4,4,16,6,4,4,8,6,5,4,2,6,1,4,,1,4,6,1,4,3,6,1,4,2,6,1,4,7,6,37,4,3,6,1,4,6,6,6,4,4,6,1,4,5,6,1,4,4,6,16,4,1,6,11,4,5,6,1,4,13,6,1,4,4,6,16,4,1,6,11,4,5,6,1,4,,1,3,6,1,4,1,6,20,4,13,6,4,4,3,6,7,4,4,6,3,4,1,6,6,4,14,6,2,4,20,6,2,4,17,6,1,4,10,6,2,4,20,6,2,4,17,6,1,4,,1,4,6,1,4,4,6,2,4,26,6,1,4,3,6,4,4,2,6,4,4,1,6,4,4,3,6,1,4,47,6,8,4,1,6,4,4,2,6,1,4,36,6,8,4,1,6,4,4,2,6,1,4,,1,7,6,1,4,4,6,4,4,30,6,1,4,9,6,3,4,17,4,1,6,27,6,3,4,15,4,1,6,33,6,3,4,15,4,1,6,,1,56,4,4,6,1,4,5,6,5,4,1,6,3,4,1,6,1,4,1,6,2,4,2,6,22,4,3,6,5,4,3,6,1,4,6,6,5,4,3,6,2,4,2,6,22,4,3,6,5,4,3,6,1,4,6,6,5,4,,1,3,6,1,4,1,6,2,4,1,6,1,4,2,6,1,4,13,6,12,4,8,6,1,4,5,6,1,4,4,6,3,4,2,6,4,4,15,6,2,4,30,6,3,4,1,6,5,4,11,6,2,4,30,6,3,4,1,6,5,4,,
4;;;;;20332,,,,,,;;;a-b;A;Väike-Õismäe - Tiskre;1234567z;;01610-1,01101-1,01701-1,01302-1,00802-1,00903-1,00307-2,00306-1,00401-1,00404-1,00120-1,00117-1,47226-1,00119-1,00115-1;
+360,+22,+21,+15,+17,+14,+14,+14,+16,+16,+16,+16,+19,+24,+26,+28,+28,+29,+29,+29,+29,+29,+28,+27,+20,+18,+16,+16,+16,+15,+14,+15,+16,+16,+16,+16,+20,+19,+20,+20,+20,+20,+21,+26,+26,+29,+26,+29,+26,+27,+27,-0996,+30,+30,+30,+30,+37,+37,+35,+27,+27,+27,+27,+27,+27,+27,+27,+27,+27,+27,+27,+27,+27,+27,+37,+37,+35,+29,+30,+30,+30,+30,+30,+30,+27,-0979,+30,+30,+30,+30,+37,+37,+35,+27,+27,+27,+27,+27,+27,+27,+27,+27,+27,+27,+27,+27,+27,+27,+37,+37,+35,+29,+30,+30,+30,+30,+30,+30,+27,,20332,,0,,12345,51,6,34,7,,1,,1,,1,3,6,1,4,33,6,7,4,7,6,30,4,4,6,30,4,,2,39,4,5,6,29,4,8,6,26,4,8,6,,2,3,4,1,6,33,4,2,6,7,4,27,6,9,4,25,6,9,4,,2,3,6,1,4,,1,22,6,21,4,3,6,33,4,6,6,28,4,,1,,1,46,4,12,6,27,4,7,6,,1,4,6,18,4,7,6,7,4,7,6,1,4,2,6,12,4,27,6,7,4,,1,4,4,8,6,5,4,5,6,7,4,7,6,7,4,1,6,1,4,13,6,27,4,7,6,,1,12,4,5,6,64,4,1,6,33,4,1,6,,1,12,6,5,4,14,6,4,4,46,6,1,4,33,6,1,4,,1,29,6,2,4,4,6,1,4,,
;;;;;;;;b-a;A;Tiskre - Väike-Õismäe;1234567z;;00115-1,00144-1,00123-1,21552-1,47040-1,00118-1,47225-1,00116-1,00121-1,00403-1,00501-1,00601-1,00602-2,01004-1,00911-1,00801-1,01301-1,01401-1,01606-1,01104-1;
+378,+22,+20,+17,+17,+15,+14,+14,+15,+15,+17,+17,+18,+25,+25,+28,+28,+29,+30,+28,+29,+29,+29,+27,+21,+19,+15,+15,+16,+15,+14,+15,+16,+16,+16,+17,+19,+20,+19,+19,+20,+21,+21,+24,+27,+28,+27,+29,+26,+27,+27,-0995,+29,+30,+30,+30,+37,+38,+34,+27,+27,+27,+27,+27,+27,+29,+27,+27,+27,+27,+27,+27,+27,+27,+34,+37,+35,+30,+30,+29,+30,+30,+29,+30,+27,-0976,+29,+30,+30,+30,+37,+38,+34,+27,+27,+27,+27,+27,+27,+29,+27,+27,+27,+27,+27,+27,+27,+27,+34,+37,+35,+30,+30,+29,+30,+30,+29,+30,+27,,20332,,0,,12345,51,6,34,7,,1,51,4,,1,30,6,5,4,16,6,,1,2,6,7,4,20,6,1,4,5,6,8,4,,2,2,4,7,6,20,4,1,6,5,4,8,6,8,4,5,6,24,4,10,6,24,4,,0,1,6,29,4,5,6,21,4,9,6,9,4,6,6,10,4,9,6,9,4,6,6,,2,1,4,28,6,8,4,21,6,7,4,9,6,6,4,12,6,7,4,9,6,6,4,,0,2,6,8,4,12,6,7,4,8,6,6,4,8,6,7,4,22,6,12,4,22,6,,1,4,6,5,4,1,6,12,4,8,6,7,4,5,4,1,6,8,4,5,6,9,6,9,4,6,4,10,6,9,6,9,4,6,4,,1,1,6,3,4,20,6,6,4,12,6,4,4,4,6,6,4,2,6,7,4,9,6,16,4,2,6,7,4,9,6,,1,1,4,2,6,21,4,5,6,13,4,4,6,4,4,1,6,23,4,11,6,23,4,,1,51,4,5,6,18,6,1,4,10,4,5,6,18,6,1,4,,1,2,6,7,4,15,6,5,4,1,6,5,4,,2,4,6,1,4,4,6,6,4,7,6,2,4,5,6,1,4,5,6,7,4,29,6,3,4,1,6,5,4,25,6,3,4,1,6,5,4,,1,2,6,1,4,2,6,4,4,15,6,5,4,1,6,5,4,11,4,4,6,,1,1,6,1,4,1,6,1,4,11,6,7,4,7,6,1,4,5,6,1,4,6,6,1,4,3,6,5,4,5,6,2,4,7,6,6,4,19,6,2,4,7,6,6,4,,2,1,4,36,6,1,4,5,6,1,4,7,6,5,4,2,6,7,4,20,6,5,4,2,6,7,4,,1,4,6,4,4,15,6,1,4,3,6,2,4,1,6,5,4,1,6,1,4,1,6,4,4,2,6,2,4,28,6,1,4,33,6,1,4,,1,1,6,4,4,3,6,19,4,1,6,2,4,5,6,1,4,1,6,1,4,4,6,1,4,3,6,4,4,21,6,3,4,1,6,10,4,20,6,3,4,1,6,,1,4,4,1,6,10,4,7,6,1,4,1,6,4,4,1,6,8,4,1,6,4,4,1,6,3,4,4,6,21,4,3,6,1,4,10,6,20,4,3,6,1,4,,
5;;;;;20240,,,,,,;;;a-b;A;Männiku - Viru - Metsakooli tee;1234567z;;06101-1,06104-1,06106-1,05903-1,05901-1,06410-1,06406-1,06402-1,06801-1,07404-1,07401-1,07301-1,11302-2,12601-1,12004-1,21207-1,12214-1,11903-2,11803-2,11805-1,00152-1,12702-1,12704-1,12705-1,18101-1,18102-1,18103-1,18001-1,18202-1,18204-1,18301-1,18302-1,18303-1;
+315,+21,+17,+8,+10,+10,+14,+10,+10,+9,+9,+7,+8,+8,+8,+9,+10,+11,+12,+12,+13,+13,+16,+15,+15,+15,+15,+15,+15,+15,+16,+16,+16,+16,+16,+15,+14,+14,+15,+15,+15,+14,+12,+12,+11,+11,+10,+10,+9,+9,+9,+8,+9,+9,+9,+10,+10,+10,+10,+11,+13,+11,+13,+13,+13,+13,+13,+15,+15,+15,+15,+15,+15,+15,+15,+14,+16,+15,+15,+15,+17,+17,+17,+17,+17,-01065,+19,+19,+19,+19,+19,+17,+17,+17,+17,+17,+18,+18,+18,+17,+17,+16,+16,+16,+16,+16,+17,+16,+16,+16,+17,+17,+17,+18,+18,+17,+16,+15,+15,+14,+15,+15,+15,+16,+16,+16,+16,+16,+16,+16,+16,+16,+16,+18,+19,+19,+19,+19,+19,+19,+19,+19,+19,+19,+19,+19,+19,+20,-0991,+19,+19,+20,+19,+18,+14,+20,+21,+21,+22,+22,+23,+23,+23,+23,+22,+22,+19,+20,+21,+21,+21,+21,+21,+21,+21,+21,+21,+21,+22,+22,+22,+22,+22,+22,+22,+22,+22,+22,+22,+20,+21,+21,+21,+21,+21,+22,,20240,,0,,12345,85,6,63,7,,0,1,6,75,4,9,6,61,4,2,6,46,4,,2,1,4,75,6,9,4,59,4,2,6,47,4,1,6,,1,14,6,62,4,,0,1,6,73,4,2,6,5,4,7,6,102,4,3,6,,1,7,6,7,4,176,6,3,4,,1,14,6,8,4,168,4,3,6,,1,3,6,11,4,1,6,55,4,4,6,2,4,5,6,2,4,10,6,48,4,3,6,2,4,6,6,42,4,,2,14,6,1,4,129,4,4,6,45,4,,1,6,6,48,6,5,4,22,4,8,6,101,4,3,6,,1,15,6,7,4,37,6,4,4,7,6,4,4,2,6,1,4,4,6,2,4,5,6,1,4,58,4,1,6,47,4,,1,2,6,4,4,1,6,55,4,1,6,7,4,4,6,2,4,1,6,4,4,2,6,5,4,12,6,41,4,6,6,1,4,10,6,35,4,2,6,,2,6,6,54,4,2,6,1,4,7,6,4,4,2,6,3,4,10,6,47,4,5,6,3,4,4,6,38,4,4,6,2,4,,2,1,4,11,6,61,4,1,6,2,4,3,6,4,4,5,6,1,4,7,6,4,4,4,6,37,4,3,6,3,4,8,6,3,4,3,6,22,4,3,6,4,4,2,6,3,4,,1,1,6,102,6,1,4,42,4,1,6,36,6,2,4,9,4,1,6,,1,2,6,10,4,1,6,2,4,39,6,5,4,14,6,1,4,2,6,1,4,16,6,3,4,4,6,3,4,33,6,1,4,4,6,3,4,8,6,3,4,3,6,3,4,24,6,1,4,,2,11,6,2,4,1,6,8,6,32,4,22,4,1,6,2,4,17,6,4,4,3,6,44,4,8,6,3,4,2,6,35,4,,2,6,6,7,6,1,4,8,4,1,6,50,4,1,6,4,4,1,6,3,4,1,6,2,4,4,6,7,4,1,6,44,4,3,6,1,4,1,6,47,4,1,6,,2,23,4,15,6,45,4,4,6,2,4,4,6,55,4,4,6,8,4,1,6,,0,6,6,15,4,1,6,16,4,14,6,29,4,1,6,5,4,1,6,5,4,3,6,1,4,3,6,36,4,1,6,9,4,1,6,5,4,6,6,36,4,1,6,,2,6,4,1,6,6,4,1,6,8,4,1,6,29,4,2,6,8,4,1,6,7,4,3,6,3,4,5,6,1,4,5,6,1,4,5,6,3,4,1,6,6,4,2,6,32,4,4,6,3,4,1,6,2,4,5,6,9,4,1,6,23,4,8,6,2,4,,0,4,6,3,4,3,6,1,4,1,6,2,4,7,6,2,4,14,6,17,4,1,6,4,4,1,6,1,4,1,6,1,4,7,6,4,4,2,6,5,4,1,6,3,4,3,6,5,4,3,6,4,4,3,6,33,4,1,6,4,4,3,6,1,4,2,6,5,4,3,6,3,4,3,6,32,4,2,6,,1,54,6,1,4,8,6,6,4,67,6,1,4,23,6,1,4,,1,,1,3,6,1,4,3,6,3,4,1,6,1,4,2,6,7,4,31,6,2,4,5,6,1,4,1,6,2,4,6,6,1,4,4,6,2,4,5,6,1,4,55,6,7,4,1,6,2,4,7,6,1,4,30,6,1,4,7,6,2,4,,1,1,4,1,6,1,4,7,6,1,4,1,6,2,4,8,6,15,4,8,6,7,4,2,6,5,4,1,6,1,4,2,6,6,4,1,6,4,4,2,6,5,4,1,6,6,4,1,6,8,4,3,6,37,4,7,6,1,4,2,6,7,4,4,6,2,4,1,6,24,4,1,6,7,4,2,6,,0,1,6,1,4,1,6,42,4,4,6,5,4,1,6,8,4,6,6,10,4,2,6,4,4,3,6,1,4,4,6,54,4,5,6,43,4,,1,49,4,2,6,9,4,1,6,9,4,4,6,3,4,2,6,14,4,3,6,56,4,2,6,,1,9,6,1,4,1,6,1,4,3,6,7,4,15,6,14,4,1,6,3,4,4,6,3,4,1,6,11,4,3,6,4,4,12,6,3,4,1,6,3,4,37,6,7,4,1,6,1,4,6,6,2,4,1,6,3,4,2,6,1,4,24,6,2,4,6,6,1,4,,1,62,6,1,4,82,4,1,6,40,4,1,6,6,4,1,6,,1,55,6,4,4,15,6,2,4,5,6,1,4,,1,14,6,1,4,36,6,1,4,8,6,1,4,36,4,3,6,37,4,7,6,11,4,3,6,2,4,1,6,24,4,1,6,,1,6,6,3,4,4,6,1,4,35,6,2,4,3,6,1,4,42,6,3,4,37,6,7,4,1,6,1,4,9,6,3,4,2,6,1,4,24,6,2,4,6,6,1,4,,
;;;;;;;;a-b1;A;Männiku - Viru;1234567z;;06101-1,06104-1,06106-1,05903-1,05901-1,06410-1,06406-1,06402-1,06801-1,07404-1,07401-1,07301-1,11302-2,12601-1,12004-1,21207-1;
+1414,+0,+0,,20240,,0,,12345,1,6,1,7,,0,,2,1,4,,1,,0,1,6,,1,,1,,1,,2,1,4,,1,1,6,,1,1,4,,2,,2,,1,,2,,1,,
;;;;;;;;a1-b;A;Viru - Metsakooli tee;1234567z;;21207-1,12214-1,11903-2,11803-2,11805-1,00152-1,12702-1,12704-1,12705-1,18101-1,18102-1,18103-1,18001-1,18202-1,18204-1,18301-1,18302-1,18303-1;
+301,+19,+25,+20,+45,-0100,+19,+70,,20240,,0,,12345,5,6,2,7,,2,1,4,2,6,2,4,2,6,,2,1,6,2,4,,1,3,6,,1,3,4,4,6,,1,3,6,4,4,,1,3,4,1,6,1,4,2,6,,1,,1,1,4,2,6,,1,1,6,2,4,,0,3,6,1,4,1,6,2,4,,1,3,4,1,6,1,4,2,6,,1,1,4,2,6,,1,1,6,2,4,,1,,1,,1,1,4,2,6,,1,1,6,2,4,,
;;;;;;;;b-a;A;Metsakooli tee - Viru - Männiku;1234567z;;18303-1,18305-1,18304-1,16703-1,16904-1,18205-1,18203-1,18201-1,17906-1,17905-1,17904-1,17903-1,17910-1,17901-1,12706-1,12703-1,12701-1,11807-1,11804-1,11802-1,10702-1,12212-1,12221-1,12101-1,12403-1,12603-1,11303-1,07408-1,07403-1,07405-1,06803-1,06802-1,06401-1,06409-1,06411-1,05902-1,05904-1,06107-1,06105-1,06102-1;
+319,+19,+14,+14,+10,+11,+9,+9,+10,+10,+10,+9,+10,+10,+9,+11,+7,+8,+8,+9,+9,+10,+11,+12,+12,+13,+13,+14,+14,+16,+15,+15,+15,+15,+15,+16,+16,+16,+16,+16,+15,+14,+15,+15,+15,+15,+14,+12,+12,+11,+11,+10,+10,+9,+9,+9,+9,+9,+9,+10,+10,+10,+10,+10,+11,+11,+11,+12,+13,+13,+13,+13,+14,+15,+15,+15,+15,+15,+14,+14,+14,+14,+15,+14,+16,+16,+16,+16,+16,+16,-01105,+19,+21,+20,+20,+19,+19,+20,+17,+17,+19,+18,+18,+20,+18,+18,+17,+17,+17,+17,+17,+16,+16,+16,+16,+16,+16,+17,+17,+17,+18,+18,+17,+16,+15,+15,+15,+15,+15,+15,+16,+16,+15,+16,+16,+16,+16,+16,+16,+16,+18,+19,+19,+18,+18,+19,+19,+19,+18,+18,+18,+18,+18,+17,+18,-01015,+26,+20,+19,+21,+21,+18,+15,+22,+20,+22,+22,+22,+24,+24,+23,+23,+22,+22,+19,+20,+21,+21,+21,+21,+21,+21,+21,+21,+21,+21,+22,+22,+22,+22,+22,+22,+22,+22,+20,+22,+21,+20,+19,+21,+21,+20,+20,+20,,20240,,0,,12345,90,6,65,7,,1,88,4,2,6,,1,88,6,2,4,,0,5,6,83,4,2,6,,2,5,4,7,6,54,4,22,6,2,4,,1,5,6,7,4,6,6,61,4,20,6,49,4,11,6,39,4,,1,,1,5,4,4,6,9,4,61,6,5,4,9,6,6,4,49,6,5,4,2,6,4,4,39,6,4,4,,1,6,6,3,4,9,6,55,4,11,6,4,4,11,6,49,4,5,6,1,4,5,6,39,4,4,6,1,4,,1,6,4,2,6,57,4,8,6,10,4,5,6,11,4,8,6,33,4,8,6,5,4,1,6,5,4,7,6,25,4,7,6,4,4,1,6,,0,2,6,86,4,2,6,3,4,1,6,13,4,33,6,8,4,5,6,13,4,25,6,7,4,4,6,,1,2,4,3,6,13,4,47,6,14,4,4,6,7,4,3,6,61,4,1,6,48,4,,1,8,4,1,6,75,4,4,6,6,4,5,6,54,4,1,6,1,4,4,6,43,4,1,6,,1,18,6,47,4,,1,8,6,1,4,56,6,5,4,14,6,3,4,10,6,2,4,8,6,24,4,25,6,3,4,7,6,25,4,,1,,1,5,4,1,6,78,4,3,6,,1,5,6,1,4,88,6,3,4,34,6,10,4,13,4,1,7,1,4,5,6,5,4,37,4,,1,2,6,3,4,1,6,2,4,2,6,8,4,1,6,50,4,1,6,13,4,1,6,4,4,5,6,1,4,5,6,8,4,34,6,7,4,6,6,1,4,4,6,2,4,21,6,2,4,7,6,6,4,6,6,,1,2,4,3,6,1,4,2,6,2,4,2,6,7,4,50,6,1,4,13,6,1,4,10,6,5,4,3,6,41,4,5,6,3,4,4,6,4,4,2,6,21,4,2,6,8,4,5,6,3,4,,2,2,6,3,4,1,6,32,6,31,4,1,6,3,4,14,4,1,6,5,4,6,6,30,6,12,4,9,4,1,6,3,4,5,6,23,6,9,4,12,4,,1,5,6,1,4,1,6,1,4,3,6,1,4,6,6,20,4,10,6,17,4,4,6,3,4,1,6,2,4,4,6,1,4,4,6,2,4,21,6,22,4,14,6,4,4,19,6,18,4,7,6,6,4,,1,2,6,3,4,3,6,40,4,17,6,5,4,2,6,7,4,1,6,1,4,5,6,2,4,5,6,6,4,2,6,41,4,5,6,4,4,4,6,4,4,2,6,21,4,2,6,8,4,5,6,3,4,,2,7,6,1,4,30,6,10,6,17,4,4,4,1,6,2,4,14,4,2,6,2,4,4,6,35,6,2,4,21,4,2,6,28,6,1,4,8,4,1,6,9,4,2,6,,1,8,6,3,4,1,6,6,4,4,6,16,4,9,6,1,4,21,6,1,4,2,6,1,4,13,6,1,4,5,6,1,4,6,6,2,4,21,6,7,4,2,6,4,4,17,6,1,4,6,6,2,4,22,6,2,4,6,6,1,4,,1,1,6,71,4,1,6,11,4,3,6,1,4,2,6,2,4,1,6,59,4,1,6,,2,1,4,1,6,9,6,1,4,9,6,1,4,24,6,1,4,22,4,1,6,13,4,1,6,3,4,1,6,19,6,15,4,28,4,1,6,3,4,1,6,11,6,15,4,4,6,4,4,11,4,1,6,1,4,,2,8,4,1,6,2,4,1,6,9,4,1,6,24,4,1,6,19,4,3,6,1,4,2,6,1,4,2,6,5,4,1,6,7,4,9,6,2,4,2,6,6,4,15,6,18,4,1,6,7,4,2,6,1,4,3,6,1,4,1,6,3,4,2,6,5,4,15,6,3,4,5,6,2,4,1,6,5,4,3,6,1,4,1,6,,1,1,6,1,4,3,6,2,4,1,6,69,4,3,6,4,4,4,6,2,4,2,6,5,4,2,6,32,4,4,6,4,4,1,6,1,4,1,6,1,4,5,6,2,4,1,6,3,4,1,6,1,4,3,6,34,4,4,6,5,4,,1,1,4,1,6,9,6,1,4,6,6,4,4,24,6,1,4,18,6,1,4,11,6,3,4,51,6,1,4,21,4,1,6,46,4,1,6,,1,1,6,1,4,1,6,2,4,2,6,2,4,1,6,1,4,1,6,6,4,4,6,24,4,1,6,18,4,1,6,3,4,1,6,2,4,1,6,2,4,5,6,1,4,26,6,15,4,7,6,2,4,1,6,3,4,4,6,1,4,1,6,1,4,11,6,1,4,12,6,17,4,1,6,1,4,15,6,1,4,,1,1,4,1,6,1,4,2,6,17,4,16,6,54,4,1,6,58,4,1,6,1,4,1,6,29,6,1,4,16,4,2,6,,2,7,4,2,6,3,4,6,6,29,4,1,6,23,4,1,6,8,4,1,6,5,4,1,6,1,4,4,6,1,4,4,6,35,4,3,6,4,4,1,6,1,4,1,6,8,4,1,6,1,4,1,6,1,4,2,6,43,4,1,6,2,4,,1,3,6,2,4,1,6,3,4,2,6,7,4,4,6,16,4,7,6,3,4,17,6,1,4,3,6,1,4,1,6,1,4,8,6,1,4,14,6,2,4,2,6,2,4,2,6,4,4,15,6,7,4,24,4,1,6,1,6,1,4,3,6,2,4,2,6,3,4,34,4,1,6,,0,1,6,2,4,2,6,1,4,1,6,4,4,1,6,10,4,16,6,7,4,1,6,19,4,1,6,3,4,1,6,1,4,1,6,7,4,2,6,3,4,2,6,1,4,1,6,4,4,2,6,1,4,6,6,2,4,4,6,15,4,7,6,8,4,2,6,3,4,8,6,1,4,2,6,2,4,6,6,2,4,3,6,17,4,2,6,4,4,2,6,1,4,7,6,2,4,1,6,,2,1,4,2,6,2,4,1,6,1,4,4,6,1,4,10,6,16,4,7,6,1,4,2,6,18,4,5,6,1,4,10,4,1,6,5,4,2,6,38,6,1,4,25,4,1,6,48,4,,0,1,6,2,4,2,6,1,4,1,6,4,4,1,6,10,4,16,6,10,4,17,6,5,4,2,6,1,4,2,6,1,4,3,6,2,4,1,6,1,4,1,6,2,4,1,6,3,4,2,6,2,4,1,6,33,4,4,6,3,4,2,6,3,4,2,6,8,4,1,6,2,4,1,6,28,4,1,6,2,4,4,6,2,4,1,6,7,4,2,6,1,4,1,6,,1,1,4,1,6,5,4,2,6,3,4,6,6,27,4,1,6,19,4,4,6,15,4,2,6,1,4,1,6,4,4,2,6,1,4,2,6,2,4,6,6,2,4,15,6,10,4,3,6,4,4,1,6,7,4,3,6,1,4,2,6,2,4,1,6,3,4,6,6,1,4,16,6,8,4,1,6,6,4,2,6,2,4,1,6,,1,10,4,1,6,27,4,7,6,30,4,1,6,3,4,4,6,5,4,2,6,7,4,2,6,6,4,2,6,31,4,1,6,4,4,4,6,7,4,1,6,1,4,3,6,6,4,1,6,26,4,5,6,5,4,,1,7,6,2,4,1,6,1,4,1,6,6,4,20,6,8,4,2,6,15,4,2,6,4,4,6,6,1,4,3,6,4,4,12,6,6,4,1,6,20,4,10,6,3,4,3,6,1,4,4,6,5,4,7,6,27,4,8,6,1,4,1,6,5,4,5,6,1,4,,
6;;;;;20519,,,,,-187,;;;a-b;A;Merivälja pansion - Metsakooli tee;1234567z;;18910-1,18908-1,18906-1,18904-1,18902-1,18507-1,18505-1,18501-1,17907-1,18101-1,18102-1,18103-1,18001-1,18202-1,18204-1,18301-1,18302-1,18303-1;
+390,+28,+28,+28,+32,+32,+60,+60,+60,+60,+37,+34,+32,+29,+29,+32,+30,+31,+30,+46,+55,+55,-0645,+60,+60,+76,+60,+60,+60,+60,-0436,+60,+60,+76,+60,+60,+60,+60,,20519,22,20332,,0,,12345,22,6,8,7,,1,,2,22,4,,1,22,6,,1,,3,6,4,2,6,11,4,,0,2,6,,2,2,4,1,6,2,4,1,6,2,4,3,6,9,4,,1,5,6,1,4,14,6,2,4,,2,2,6,1,4,5,6,3,4,12,6,7,4,1,6,,0,3,6,2,4,1,6,2,4,3,6,9,4,2,6,1,4,7,6,1,4,,1,,1,6,4,2,6,,2,3,4,3,6,5,4,12,6,7,4,1,6,,0,2,6,21,4,7,6,1,4,,1,23,6,7,4,1,6,,1,2,4,1,6,5,4,3,6,12,4,7,6,1,4,,1,2,6,1,4,5,6,3,4,12,6,7,4,1,6,,
;;;;;;;;b-a;A;Metsakooli tee - Merivälja pansion;1234567z;;18303-1,18305-1,18304-1,16703-1,16904-1,18205-1,18203-1,18201-1,17906-1,17905-1,17904-1,17903-1,17902-1,17909-1,17908-1,18502-1,18506-1,18508-1,18901-1,18808-1,18910-1;
+356,+32,+23,+28,+29,+29,+32,+90,+60,+61,+33,+30,+34,+35,+32,+29,+29,+32,+30,+31,+74,+55,-0645,+55,+60,+60,+76,+60,+60,+60,-0431,+55,+60,+60,+76,+60,+60,+60,,20519,22,20332,,0,,12345,22,6,8,7,,1,,1,,1,22,4,,1,5,6,1,4,3,6,11,4,2,6,,1,3,6,2,4,1,6,3,4,4,6,5,4,,1,,0,5,6,1,4,3,6,4,4,7,6,,2,9,4,4,6,7,4,,0,3,6,2,4,1,6,1,4,2,6,4,4,5,6,,1,,0,3,6,19,4,,1,,1,,1,6,4,1,6,13,4,2,6,,1,6,6,1,4,13,6,2,4,,1,5,6,1,4,7,6,4,4,,0,2,6,,2,3,4,1,6,1,4,2,6,6,4,4,6,1,4,4,6,,1,3,6,1,4,,2,,
;;;;;;;;b-a2;A;Metsakooli tee - Kose tee;1234567z;;18303-1,18305-1,18304-1,16703-1,16904-1;
+1085,+154,-0209,+0,,20519,2,20332,,0,,12345,2,6,1,7,,1,,1,,1,2,4,,2,1,4,1,6,,
7;;;;;20544,,,,,,-46113;;;a-b;A;Seli - Sõjamäe;123456z;;16601-1,16505-1,16304-1,16105-1,16101-1,16008-1,16106-1,15702-1,15501-1,15308-1,15302-1,15301-1,15110-1,15109-1,14811-1,13402-1,13404-1,13504-1,13506-1,13508-1,13502-1,13503-1,13703-1,13705-1,13707-1,13802-1,13807-1,13804-1,13805-1;
+351,+20,+20,+17,+17,+16,+16,+16,+16,+16,+18,+18,+18,+18,+18,+20,+20,+21,+20,+23,+23,+24,+25,+25,+24,+24,+24,+24,+24,+20,+20,+18,+17,+17,+18,+19,+19,+19,+21,+21,+21,+21,+22,+23,+23,+23,+23,+23,+23,+23,+23,-0950,+79,+40,+41,+48,+58,+36,+51,+58,+34,+55,+34,+53,+33,+53,+50,+80,+77,+74,,20544,,0,,12345,51,6,,2,7,6,4,4,19,6,10,4,28,4,,1,7,4,4,6,,1,,1,2,6,36,4,30,6,,2,13,4,16,6,8,4,1,6,30,4,,1,51,4,3,6,,1,6,6,5,4,2,6,17,4,2,6,6,4,13,6,3,4,1,6,5,4,2,6,2,4,,1,2,6,4,4,5,6,2,4,15,6,1,4,1,6,2,4,6,6,9,4,7,6,1,4,5,6,2,4,2,6,,2,4,6,36,4,7,6,4,4,3,6,11,4,,1,8,6,3,4,18,6,1,4,3,6,2,4,,1,6,6,2,4,5,6,15,4,4,6,1,4,2,6,3,4,2,6,7,4,4,6,3,4,,1,6,4,1,6,33,4,7,6,1,4,6,6,,1,2,6,5,4,1,6,5,4,15,6,9,4,1,6,9,4,1,6,3,4,,5,4,6,2,6,7,4,16,6,6,4,3,4,7,4,6,6,17,4,,3,2,4,2,6,2,4,5,6,25,4,2,6,1,4,9,4,3,6,,1,,2,3,6,1,4,2,6,5,4,2,6,23,4,11,4,1,6,20,4,,0,2,6,36,4,1,6,3,4,3,6,1,4,1,6,4,4,3,6,10,4,1,6,2,4,,2,2,4,2,6,2,4,5,6,2,4,25,6,1,4,3,6,3,4,1,6,1,4,6,6,1,4,,1,2,6,9,4,2,6,25,4,7,6,1,4,5,6,2,4,14,6,1,4,,1,1,6,1,4,9,6,2,4,17,6,2,4,35,4,1,6,,1,11,4,2,6,17,4,2,6,4,4,1,6,8,4,2,6,4,4,2,6,12,4,2,6,,1,1,4,1,6,2,4,2,6,31,4,1,6,1,4,1,6,2,4,3,6,2,4,4,6,2,4,2,6,3,4,7,6,3,4,,1,4,6,2,4,31,6,1,4,2,4,2,6,13,4,3,6,9,4,1,6,,0,1,6,3,4,2,6,7,4,16,6,3,4,1,6,4,4,2,6,6,4,2,6,4,4,2,6,12,4,2,6,,1,48,4,3,6,2,4,1,6,6,4,2,6,6,4,,1,2,4,2,6,2,4,5,6,18,4,1,6,3,4,2,6,1,4,1,6,2,4,6,6,2,4,1,6,6,4,6,6,2,4,3,6,2,4,1,6,,1,35,4,1,6,1,4,2,6,6,4,2,6,4,4,1,6,13,4,2,6,,
;;;;;;;;b-a;A;Sõjamäe - Seli;123456z;;13805-1,13803-1,13808-1,13801-1,13706-1,13704-1,13702-1,13701-1,13510-1,13509-1,13507-1,13505-1,13403-1,13401-1,13010-1,14808-1,14906-1,14707-1,14708-1,14709-1,14710-1,15603-1,15602-1,15601-1,15801-1,16006-1,16201-1,16206-2,16403-1,16605-1,16603-1;
+389,+22,+22,+19,+19,+17,+17,+16,+16,+17,+17,+17,+17,+18,+18,+18,+20,+21,+21,+23,+24,+24,+24,+24,+24,+24,+25,+25,+25,+22,+20,+18,+18,+18,+18,+17,+18,+18,+18,+19,+19,+22,+23,+23,+23,+24,+24,+21,+21,+21,+20,-0950,+79,+40,+44,+48,+58,+36,+51,+58,+33,+55,+35,+53,+32,+52,+50,+80,+73,+74,,20544,,0,,12345,51,6,,0,4,6,6,4,17,6,7,4,,1,,1,,1,4,4,3,6,1,4,2,6,17,4,7,6,11,4,8,6,12,4,,1,,0,4,6,40,4,1,6,8,4,12,6,,1,7,4,1,6,31,4,5,6,1,4,8,6,12,4,,1,7,6,2,4,18,6,17,4,14,6,9,4,,1,8,4,1,6,29,4,1,6,23,4,3,6,,1,4,6,35,4,6,6,13,4,4,6,3,4,2,6,,1,7,4,1,6,37,4,6,6,16,4,,2,4,4,3,6,20,6,6,4,18,4,6,6,5,4,5,6,,1,,1,38,6,1,4,12,4,2,6,4,4,1,6,9,4,,1,67,6,,1,3,6,35,4,1,6,5,4,7,6,10,4,1,6,5,4,,2,1,6,3,6,3,4,1,6,1,4,10,6,8,4,2,6,5,4,6,4,17,6,1,4,3,6,6,4,,2,1,4,6,6,1,4,1,6,1,4,6,6,3,4,8,6,2,4,5,6,1,4,20,6,2,4,,1,,0,1,6,8,4,1,6,24,4,1,6,29,4,3,6,,2,1,4,1,6,32,6,1,4,9,4,1,6,1,4,7,6,2,4,2,6,5,4,2,6,3,4,,0,1,6,1,4,1,6,13,4,3,6,8,4,1,6,6,4,1,6,10,4,1,6,19,4,2,6,,2,1,4,2,6,1,4,5,6,1,4,6,6,3,4,8,6,1,4,6,6,1,4,20,6,2,4,5,6,2,4,1,6,2,4,,1,2,6,1,4,7,6,6,4,13,6,4,4,2,6,2,4,21,6,3,4,,1,1,6,1,4,2,6,6,4,6,6,13,4,4,6,2,4,2,6,2,4,1,6,11,4,1,6,3,4,2,6,5,4,,2,1,4,1,6,24,6,8,4,1,6,2,4,1,4,1,6,16,6,2,4,,1,3,6,1,4,34,6,1,4,,1,3,4,1,6,34,4,1,6,12,6,1,4,,1,2,6,2,4,30,6,1,4,3,6,2,4,24,6,1,4,,1,2,4,4,6,1,4,1,6,1,4,1,6,6,4,3,6,7,4,3,6,5,4,19,6,2,4,2,6,4,4,1,6,2,4,1,6,3,4,,
8;;;;;20674,,,,,,;;;a-b;A;Väike-Õismäe - Balti jaam - Äigrumäe;1234567z;;01610-1,01101-1,01102-1,01001-1,00903-1,00701-1,00702-1,08701-1,08702-1,08601-1,07901-1,08907-1,08909-1,11001-1,10902-1,21104-1,10503-1,16305-1,00175-1,10708-1,10710-1,11805-1,00152-1,12702-1,12704-1,12705-1,17902-1,17909-1,17908-1,18502-1,18506-1,18509-1,18903-1,18905-1,18907-1,19002-1,19004-1,19009-1,19008-1,18607-1,18624-1,18623-1;
+300,+16,+16,+15,+14,+11,+11,+11,+10,+10,+10,+9,+9,+9,+9,+11,+10,+9,+10,+11,+11,+12,+11,+13,+13,+11,+11,+11,+11,+12,+13,+12,+11,+14,+13,+13,+13,+13,+16,+16,+15,+15,+14,+15,+14,+13,+12,+13,+11,+12,+12,+11,+11,+11,+9,+11,+10,+10,+11,+11,+11,+12,+13,+13,+13,+12,+12,+11,+12,+13,+12,+15,+16,+16,+16,+17,+17,+16,+18,+17,+17,+17,+17,+18,+19,+21,-01072,+24,+24,+24,+19,+19,+19,+19,+19,+18,+18,+18,+18,+19,+18,+19,+19,+18,+20,+20,+19,+16,+17,+19,+19,+21,+20,+19,+21,+16,+16,+16,+16,+17,+18,+19,+19,+19,+19,+18,+20,+21,+22,+23,+24,+24,+23,+22,+22,+22,+22,+24,+25,+26,-01056,+24,+24,+24,+19,+19,+19,+19,+19,+18,+18,+18,+18,+19,+18,+19,+19,+18,+20,+20,+19,+16,+17,+19,+19,+21,+20,+19,+21,+16,+16,+16,+16,+17,+18,+19,+19,+19,+19,+18,+20,+21,+22,+23,+24,+24,+23,+22,+22,+22,+22,+24,+25,+26,,20674,,0,,12345,86,6,54,7,,1,,1,,1,,2,,1,3,6,82,4,3,6,49,4,5,6,49,4,,2,3,4,82,6,1,4,51,6,2,4,52,6,2,4,,1,9,6,72,4,5,6,2,4,2,6,43,4,6,6,3,4,2,6,43,4,6,6,,1,85,4,3,6,42,4,3,6,7,4,2,6,42,4,3,6,,1,3,6,6,4,76,6,3,4,1,6,1,4,40,6,7,4,3,6,2,4,1,6,1,4,40,6,7,4,,1,85,4,3,6,48,4,1,6,3,4,2,6,48,4,1,6,,2,12,6,43,6,13,4,5,4,63,6,1,4,53,6,1,4,,1,3,6,9,4,2,6,8,4,22,6,25,4,4,6,7,4,1,6,5,4,4,6,40,4,14,6,40,4,,1,12,6,2,4,11,6,1,4,54,6,1,4,4,4,1,6,44,6,3,4,51,6,3,4,,1,3,6,14,6,4,4,1,6,3,4,29,6,10,4,20,4,1,6,,2,3,4,6,6,3,4,2,6,3,4,4,6,1,4,4,6,28,4,10,6,3,4,2,6,4,4,11,6,1,4,10,6,33,4,5,6,3,4,1,6,1,4,11,6,33,4,5,6,3,4,1,6,1,4,,2,8,6,1,4,3,6,2,4,3,6,2,6,2,4,23,4,5,6,5,6,10,4,2,4,1,6,13,4,10,6,5,4,5,6,21,4,7,6,2,4,6,6,1,4,1,6,1,4,5,6,5,4,5,6,21,4,7,6,2,4,6,6,1,4,1,6,1,4,,1,14,6,3,4,1,6,1,4,3,6,1,4,21,6,5,4,4,6,1,4,12,6,3,4,52,6,5,4,49,6,5,4,,1,9,6,3,4,5,6,1,4,1,6,1,4,1,6,1,4,1,6,3,4,25,6,15,4,14,6,1,4,21,6,9,4,15,6,10,4,3,6,1,4,16,6,9,4,15,6,10,4,3,6,,1,3,6,5,4,4,6,4,6,1,4,1,6,1,4,1,6,1,4,5,6,18,4,5,6,2,4,15,6,1,4,2,6,1,4,10,4,1,6,30,6,10,4,14,4,1,6,3,4,1,6,25,6,10,4,14,4,1,6,3,4,,1,6,6,10,4,1,6,1,4,1,6,1,4,1,6,2,4,2,6,1,4,18,6,5,4,2,6,15,4,1,6,2,4,1,6,11,4,13,6,8,4,19,6,5,4,9,6,2,4,2,6,1,4,8,6,8,4,19,6,5,4,9,6,2,4,2,6,,2,3,4,6,6,3,4,2,6,3,4,1,6,1,4,1,6,1,4,1,6,3,4,1,6,25,4,1,6,1,4,1,6,10,4,2,6,8,4,7,6,3,4,5,6,5,4,8,6,19,4,5,6,9,4,2,6,2,4,4,6,5,4,8,6,19,4,5,6,9,4,2,6,2,4,,1,3,6,19,4,1,6,37,4,1,6,2,4,1,6,6,4,4,6,6,4,4,6,2,4,7,6,44,4,2,6,1,4,7,6,44,4,2,6,,1,3,4,5,6,1,4,3,6,2,4,2,6,28,4,5,6,3,4,1,6,1,4,2,6,2,4,2,6,1,4,2,6,14,4,3,6,5,4,1,6,7,4,1,6,17,4,10,6,8,4,1,6,3,4,2,6,4,4,1,6,7,4,1,6,17,4,10,6,8,4,1,6,3,4,2,6,4,4,,0,3,6,81,4,1,6,,1,20,4,1,6,35,4,2,6,18,4,1,6,4,4,3,6,54,4,1,6,53,4,1,6,,1,20,6,1,4,35,6,2,4,18,6,1,4,16,6,1,4,35,6,1,4,3,6,1,4,13,6,1,4,35,6,1,4,3,6,1,4,,1,3,4,8,6,9,4,1,6,35,4,2,6,18,4,1,6,3,4,1,6,4,4,5,6,3,4,1,6,35,4,1,6,3,4,1,6,3,4,1,6,2,4,4,6,3,4,1,6,35,4,1,6,3,4,1,6,3,4,1,6,,0,1,6,15,4,1,6,1,4,1,6,4,4,2,6,1,4,18,6,5,4,1,6,17,4,2,6,5,4,2,6,18,4,1,6,7,4,9,6,15,4,3,6,1,4,3,6,3,4,1,6,2,4,1,6,8,4,1,6,7,4,9,6,15,4,3,6,1,4,3,6,3,4,1,6,2,4,,1,1,4,2,6,13,6,1,4,6,6,2,4,101,6,2,4,2,6,2,4,48,6,2,4,2,6,2,4,,1,14,6,2,4,2,6,1,4,1,6,1,4,1,6,1,4,3,6,24,4,2,6,1,4,1,6,12,4,1,6,2,4,1,6,3,4,1,6,5,4,23,6,19,4,7,6,2,4,2,6,2,4,22,6,19,4,7,6,2,4,2,6,2,4,,1,12,6,2,4,3,6,1,4,33,6,1,4,1,6,1,4,12,6,1,4,27,6,1,4,26,6,4,4,9,6,1,4,13,6,1,4,26,6,4,4,9,6,1,4,,2,85,4,1,6,8,4,1,6,53,4,1,6,,1,3,4,4,6,4,4,3,6,3,4,1,6,4,4,1,6,28,4,1,6,1,4,1,6,12,4,1,6,3,4,3,6,4,4,2,6,3,4,3,6,1,4,4,6,5,4,3,6,4,4,1,6,8,4,14,6,7,4,3,6,2,4,2,6,1,4,4,6,5,4,3,6,4,4,1,6,8,4,14,6,7,4,3,6,2,4,2,6,,1,8,4,1,6,,1,22,6,1,4,30,6,1,4,12,6,1,4,3,6,3,4,4,6,2,4,3,6,2,4,11,6,3,4,13,6,10,4,11,6,2,4,15,6,3,4,13,6,10,4,11,6,2,4,,0,1,6,6,4,1,6,74,4,2,6,11,4,3,6,4,6,1,4,18,6,4,4,24,4,3,6,4,6,1,4,18,6,4,4,,1,1,4,2,6,6,4,2,6,3,4,2,6,6,4,1,6,21,4,5,6,4,4,1,6,12,4,1,6,3,4,3,6,4,4,2,6,2,4,1,6,8,4,3,6,5,4,2,6,2,4,1,6,8,4,14,6,7,4,2,6,5,4,1,6,4,4,3,6,5,4,2,6,2,4,1,6,8,4,14,6,7,4,2,6,5,4,,1,14,6,2,4,28,6,5,4,17,6,1,4,3,6,3,4,12,4,1,6,25,6,10,4,11,6,1,4,32,6,10,4,11,6,1,4,,1,3,4,4,6,77,4,1,6,1,4,4,6,3,4,1,6,46,4,4,6,3,4,1,6,,0,1,6,6,4,2,6,2,4,1,6,2,4,2,6,4,4,1,6,23,4,5,6,3,4,1,6,13,4,1,6,3,4,3,6,3,4,1,6,3,4,1,6,2,4,1,6,10,4,1,6,8,4,18,6,8,4,4,6,3,4,1,6,11,4,1,6,8,4,18,6,8,4,4,6,3,4,1,6,,1,1,4,2,6,,
;;;;;;;;b-a;A;Äigrumäe - Balti jaam - Väike-Õismäe;1234567z;;18623-1,18625-1,18608-1,19007-1,19003-1,19001-1,18906-1,18904-1,18902-1,18507-1,18505-1,18501-1,17907-1,17901-1,12706-1,12703-1,12701-1,11807-1,11806-1,10709-1,10707-1,16211-1,10603-1,21102-1,11003-1,08910-1,08908-1,07902-1,08602-1,08802-1,08801-1,00309-1,00308-2,01004-1,00902-1,01002-1,01103-1,01606-1,01104-1;
+349,+17,+17,+17,+13,+12,+11,+12,+12,+10,+10,+11,+11,+10,+10,+10,+10,+10,+11,+11,+11,+11,+11,+11,+13,+11,+12,+11,+10,+12,+13,+12,+12,+14,+13,+13,+13,+14,+16,+14,+16,+15,+14,+16,+14,+13,+12,+12,+12,+12,+12,+12,+11,+11,+10,+11,+11,+9,+11,+12,+11,+12,+12,+13,+12,+13,+11,+10,+11,+12,+12,+15,+16,+16,+16,+17,+17,+15,+17,+16,+16,+16,+16,+16,+17,+17,-01066,+24,+24,+24,+22,+20,+20,+19,+20,+20,+17,+17,+18,+18,+20,+20,+20,+19,+19,+20,+17,+17,+20,+19,+19,+20,+20,+19,+19,+17,+17,+17,+16,+16,+18,+18,+18,+18,+19,+18,+20,+20,+22,+23,+23,+24,+23,+22,+22,+22,+22,+22,+22,+24,-01054,+24,+24,+24,+22,+20,+20,+19,+20,+20,+17,+17,+18,+18,+20,+20,+20,+19,+19,+20,+17,+17,+20,+19,+19,+20,+20,+19,+19,+17,+17,+17,+16,+16,+18,+18,+18,+18,+19,+18,+20,+20,+22,+23,+23,+24,+23,+22,+22,+22,+22,+22,+22,+24,,20674,,0,,12345,86,6,54,7,,1,,1,139,4,1,6,53,4,,1,5,6,18,4,24,6,27,4,17,6,37,4,11,6,1,4,5,6,37,4,11,6,,1,23,6,13,4,5,6,6,4,27,6,2,4,,1,23,4,13,6,5,4,6,6,27,4,2,6,9,4,1,6,53,4,1,6,53,4,,1,23,6,13,4,5,6,6,4,33,4,5,6,51,4,3,6,51,4,3,6,,1,36,6,5,4,33,6,2,4,52,6,6,4,48,6,6,4,,1,3,6,2,4,51,6,4,4,68,4,8,6,46,4,8,6,,2,5,6,13,4,36,6,2,4,20,6,2,4,2,6,4,4,44,6,9,4,45,6,9,4,,1,18,6,1,4,28,6,7,4,6,6,1,4,19,4,4,6,52,4,1,6,2,4,1,6,50,4,1,6,2,4,,1,5,6,13,4,1,6,28,4,7,6,6,4,1,6,16,4,1,6,6,4,14,6,30,4,8,6,1,4,2,6,1,4,12,6,30,4,8,6,1,4,2,6,,1,10,6,5,4,3,6,18,4,5,6,13,4,6,6,8,4,9,6,1,4,12,6,1,4,3,6,4,4,30,6,6,4,10,6,1,4,3,6,4,4,30,6,6,4,,1,5,6,5,4,5,6,3,4,18,6,5,4,15,6,4,4,8,6,8,4,26,6,26,4,28,6,26,4,,1,90,4,1,6,8,6,3,4,37,4,1,6,4,4,1,6,8,6,3,4,37,4,,1,77,4,1,6,,1,74,4,2,6,4,4,4,6,52,4,1,6,53,4,1,6,,1,85,4,2,6,7,4,3,6,1,6,1,4,41,4,1,6,7,4,3,6,1,6,1,4,,1,10,6,5,4,3,6,5,4,8,6,5,4,5,6,15,4,4,6,3,4,11,6,4,4,2,6,4,4,1,6,2,4,3,6,7,4,5,6,12,4,12,6,8,4,2,6,1,4,3,6,1,4,3,6,7,4,5,6,12,4,12,6,8,4,2,6,1,4,,1,2,6,8,4,5,6,3,4,5,6,8,4,5,6,5,4,13,6,6,4,3,6,6,4,18,6,3,4,4,6,8,4,12,6,12,4,8,6,2,4,5,6,3,4,4,6,8,4,12,6,12,4,8,6,2,4,,1,1,6,1,4,4,6,5,6,4,4,48,4,6,6,7,4,2,6,2,4,11,6,3,4,8,6,11,4,15,6,3,4,6,6,2,4,6,6,3,4,8,6,11,4,15,6,3,4,6,6,2,4,,2,1,4,1,6,8,6,1,4,36,6,7,4,9,6,2,4,20,4,1,6,8,6,8,4,11,6,15,4,2,4,1,6,6,4,2,6,9,6,8,4,11,6,15,4,2,4,1,6,6,4,2,6,,2,4,6,13,4,1,6,1,4,27,6,5,6,8,4,4,4,2,6,5,4,8,4,2,6,3,4,2,6,5,6,1,4,39,6,5,4,2,6,1,4,6,6,1,4,39,6,5,4,2,6,1,4,,4,2,4,1,6,2,6,1,4,1,6,3,4,2,6,1,4,2,6,1,4,1,6,1,4,1,6,28,4,1,6,3,4,3,6,3,4,6,6,2,4,15,4,3,6,16,6,14,4,15,6,1,4,10,4,1,6,13,6,14,4,15,6,1,4,10,4,,2,11,6,1,4,11,4,8,6,5,4,5,6,22,4,2,6,12,4,1,6,6,4,2,6,4,4,1,6,43,4,1,6,2,4,1,6,6,4,1,6,43,4,1,6,2,4,1,6,,1,3,6,1,4,1,6,2,4,2,6,2,4,2,6,2,4,1,6,1,4,1,6,1,4,4,6,8,4,5,6,5,4,6,6,1,4,2,6,4,4,3,6,5,4,1,6,5,4,2,6,1,4,6,6,1,4,10,6,11,4,14,6,15,4,1,6,2,4,3,6,2,4,1,6,1,4,4,6,11,4,14,6,15,4,1,6,2,4,3,6,2,4,1,6,1,4,,2,4,6,1,4,2,6,2,4,2,6,5,4,2,4,1,6,26,6,1,4,2,6,2,4,4,6,3,4,5,6,1,4,7,4,1,6,6,4,1,6,8,4,1,6,43,4,1,6,6,4,1,6,2,4,1,6,43,4,1,6,6,4,1,6,,2,3,6,2,6,2,4,2,6,2,4,5,6,2,4,22,6,5,4,1,6,2,4,2,6,4,4,3,6,5,4,1,6,4,4,11,4,2,6,1,4,5,6,1,4,8,6,34,4,1,6,4,4,3,6,1,4,2,6,1,4,8,6,34,4,1,6,4,4,3,6,1,4,,1,3,6,1,4,3,6,2,4,3,6,1,4,2,6,1,4,2,6,2,4,19,6,1,4,5,6,1,4,2,6,2,4,4,6,3,4,5,6,1,4,17,4,1,6,56,4,1,6,53,4,1,6,,1,2,6,1,4,1,6,1,4,1,6,1,4,3,6,2,4,1,6,2,4,5,6,3,4,17,6,5,4,1,6,1,4,4,6,3,4,9,6,2,4,3,6,1,4,1,6,1,4,21,6,2,4,8,6,11,4,16,6,1,4,16,6,2,4,8,6,11,4,16,6,1,4,,1,2,4,1,6,1,4,1,6,1,4,1,6,3,4,2,6,1,4,2,6,5,4,3,6,17,4,5,6,1,4,1,6,4,4,3,6,9,4,2,6,3,4,1,6,1,4,1,6,5,4,2,6,7,4,2,6,5,4,2,6,8,4,11,6,14,4,3,6,8,4,3,6,5,4,2,6,8,4,11,6,14,4,3,6,8,4,,1,1,6,2,4,1,6,3,4,2,6,3,4,1,6,2,4,1,6,2,4,2,6,19,4,1,6,5,4,1,6,2,4,2,6,4,4,3,6,4,4,2,6,6,4,1,6,4,4,2,6,2,4,7,6,3,4,2,6,5,4,3,6,32,4,7,6,5,4,2,6,5,4,3,6,32,4,7,6,,1,7,6,2,4,3,6,1,4,2,6,1,4,2,6,2,4,19,6,1,4,5,6,1,4,2,6,2,4,4,6,3,4,4,6,2,4,6,6,1,4,4,6,2,4,11,4,1,6,7,6,3,4,32,6,4,4,3,4,1,6,3,4,1,6,7,6,3,4,32,6,4,4,3,4,1,6,,3,1,4,1,6,17,4,1,6,19,4,1,6,6,6,2,4,2,6,4,4,15,4,1,6,4,4,4,6,2,4,7,6,1,4,5,6,2,4,2,6,33,4,4,6,2,4,1,6,1,4,3,6,1,4,5,6,2,4,2,6,33,4,4,6,2,4,1,6,1,4,,1,12,4,1,6,2,4,1,6,29,4,1,6,16,4,1,6,8,4,3,6,4,4,2,6,7,4,1,6,9,4,1,6,36,4,2,6,1,4,1,6,3,4,1,6,9,4,1,6,36,4,2,6,1,4,1,6,,0,1,6,1,4,1,6,15,4,1,6,28,4,1,6,13,4,1,6,3,4,3,6,2,4,1,6,12,4,1,6,1,4,2,6,3,4,1,6,2,4,1,6,35,4,1,6,8,4,3,6,3,4,1,6,2,4,1,6,35,4,1,6,8,4,,1,1,4,1,6,5,4,2,6,8,4,1,6,32,4,1,6,6,4,4,6,7,4,1,6,7,4,2,6,2,4,3,6,1,4,1,6,3,4,1,6,5,4,1,6,41,4,1,6,5,4,1,6,5,4,1,6,41,4,1,6,,1,5,4,1,6,3,4,1,6,6,4,1,6,6,4,16,6,7,4,1,6,4,4,3,6,9,4,2,6,10,4,1,6,61,4,1,6,53,4,1,6,,0,1,6,1,4,3,6,1,4,1,6,3,4,2,6,1,4,2,6,4,4,4,6,16,4,6,6,3,4,2,6,4,4,3,6,5,4,1,6,6,4,1,6,1,4,4,6,3,4,2,6,3,4,1,6,1,4,3,6,1,4,1,6,1,4,2,6,2,4,2,6,1,4,4,6,11,4,14,6,1,4,1,6,1,4,4,6,1,4,1,6,2,4,4,6,1,4,1,6,1,4,2,6,2,4,2,6,1,4,4,6,11,4,14,6,1,4,1,6,1,4,4,6,1,4,1,6,2,4,,
;;;;;;;;b1-a;A;Balti jaam - Väike-Õismäe;1234567z;;21102-1,11003-1,08910-1,08908-1,07902-1,08602-1,08802-1,08801-1,00309-1,00308-2,01004-1,00902-1,01002-1,01103-1,01606-1,01104-1;
+320,+30,+12,+0,,20674,,0,,12345,2,6,1,7,,1,,1,2,6,,2,2,4,,2,,1,,1,,1,,1,2,6,,1,2,4,,2,2,6,,1,2,4,,1,,1,,0,2,6,,1,2,4,,
8A;;;;;20605,,,,,-46174,;;;a-b;A;Viru keskus - Äigrumäe;12345z;;21216-1,12214-1,11903-2,11803-2,11805-1,00152-1,12702-1,12704-1,12705-1,17902-1,17909-1,17908-1,18502-1,18506-1,18509-1,18903-1,18905-1,18907-1,19002-1,19004-1,19009-1,19008-1,18607-1,18624-1,18623-1;
+379,+31,+22,+29,+31,+30,+344,+27,+35,+34,+31,+33,+33,+27,+34,,20605,,0,,12345,,2,,2,1,6,1,6,4,4,4,6,,1,6,6,4,4,,1,,2,,0,3,6,3,4,4,6,,1,6,6,4,4,,1,,1,,0,1,6,,1,1,4,2,6,3,4,4,6,,1,,1,6,6,4,4,,1,2,6,1,4,7,6,,2,,1,2,4,1,6,7,4,,1,10,6,4,4,,1,14,6,,0,1,6,,1,1,4,1,6,8,4,,1,2,4,1,6,7,6,4,4,,1,,0,1,6,9,4,4,6,,1,,
;;;;;;;;b-a;A;Äigrumäe - Viru keskus;12345z;;18623-1,18625-1,18608-1,19007-1,19003-1,19001-1,18906-1,18904-1,18902-1,18507-1,18505-1,18501-1,17907-1,17901-1,12706-1,12703-1,12701-1,11807-1,11804-1,11802-1,10702-1,12212-1,12221-1;
+409,+32,+24,+32,+30,+30,+344,+27,+34,+35,+32,+32,+34,+27,+34,,20605,,0,,12345,,1,,1,,1,1,6,5,4,1,6,,1,6,6,1,4,,1,6,4,1,6,,1,6,6,1,4,,1,,2,1,4,,2,1,6,5,4,4,6,2,4,,1,7,6,3,4,,1,1,6,6,4,3,6,,1,6,6,4,4,2,6,,1,1,6,5,4,,1,,1,,1,,1,,1,1,6,4,4,1,6,,1,1,4,4,6,1,4,1,6,6,4,,3,5,4,1,6,,1,1,6,13,4,,2,1,4,2,6,2,4,1,6,1,4,3,6,2,4,2,6,,
9;;;;;20635,,,,,-46204,;;;a-b;AE;Kadaka - Estonia - Priisle;12345z;;03505-1,03405-1,03401-1,03304-1,02503-1,02201-1,12003-1,21201-1,12305-2,11402-1,15601-1,15801-1,16201-1,16103-1,16301-1,16501-1;
+343,+12,+12,+11,+11,+12,+12,+12,+14,+13,+13,+13,+12,+13,+12,+11,+13,+14,,20635,,0,,12345,,1,8,6,,1,7,6,1,4,,2,,2,5,4,2,6,,1,4,6,,8,3,7,1,4,1,6,2,4,1,6,1,6,6,4,,2,,2,7,6,2,4,,3,3,4,1,6,1,4,4,6,4,4,,6,3,6,1,4,2,6,1,4,6,6,1,4,,1,5,6,1,4,1,6,2,4,,3,3,4,7,6,3,4,2,6,,2,10,4,3,6,,1,,1,,
;;;;;;;;b-a;AE;Priisle - Estonia - Kadaka;12345z;;16303-1,16104-1,16102-1,16101-1,15702-1,15501-1,11401-1,12220-1,21210-1,12401-1,08206-1,08201-1,02110-1,02104-1,01501-1,03108-1,01801-1;
+348,+12,+12,+12,+12,+12,+12,+12,+12,+12,+12,+12,+14,+13,+14,+13,+13,+13,,20635,,0,,12345,,1,,2,,2,,3,,1,6,6,,6,,2,,1,4,6,2,4,1,6,,2,6,6,1,4,,10,3,6,1,4,2,6,1,6,3,4,,1,6,6,1,4,,1,,0,3,6,3,4,1,6,3,4,,1,2,6,1,4,3,6,,1,2,4,1,6,4,4,3,6,1,4,,1,2,6,1,4,4,6,3,4,1,6,,
;;;;;;;;a-b1;AE;Kadaka - Estonia - Priisle;12345z;;03102-1,03103-1,02101-1,02103-1,02105-1,08204-1,12003-1,21201-1,12305-2,11402-1,15601-1,15801-1,16201-1,16103-1,16301-1,16501-1;
+850,+15,+15,+15,+15,+16,+14,+14,+13,+13,+13,+14,+14,+15,+15,+16,+16,+18,+18,+17,+17,+15,,20635,,0,,12345,,1,,1,1,6,,1,,1,,2,1,4,3,6,,10,1,6,9,4,1,6,3,4,1,4,,1,1,6,9,6,1,4,3,6,1,4,,2,,2,2,6,2,6,6,4,1,6,3,4,,6,1,6,1,4,8,6,1,4,3,6,1,4,1,4,1,6,1,4,,1,16,6,1,4,1,6,1,4,,3,1,4,1,6,2,4,1,6,5,4,1,6,3,4,1,6,1,4,3,6,,2,,1,4,6,1,4,5,6,1,4,3,6,1,4,1,6,3,4,,1,3,6,1,4,2,6,4,4,1,6,3,4,5,6,1,4,,
;;;;;;;;b1-a;AE;Priisle - Estonia - Kadaka;12345z;;16303-1,16104-1,16102-1,16101-1,15702-1,15501-1,11401-1,12220-1,21210-1,12401-1,02107-1,03201-1,03202-1,03106-1,03107-1,01801-1;
+853,+16,+15,+15,+15,+15,+14,+14,+14,+14,+14,+14,+14,+14,+14,+15,+15,+15,+17,+17,+18,+18,,20635,,0,,12345,,1,,2,,2,,3,,2,16,4,,6,,2,16,6,3,4,,2,16,4,3,6,,2,,12,4,6,2,6,1,6,5,4,2,4,3,4,1,4,,1,3,6,1,4,2,6,5,4,1,6,3,4,1,6,4,4,,2,3,4,1,6,,1,3,6,1,4,1,6,11,4,1,6,2,4,1,6,,2,3,4,8,6,1,4,4,6,1,4,2,6,1,4,,2,3,6,2,4,1,6,5,4,1,6,3,4,,
10;;;;;20605,,,,,,;;;a-b;A;Väike-Õismäe - Nõmme - Vana-Pääsküla;1234567z;;01610-1,01101-1,01701-1,01302-1,01403-1,03104-1,03105-1,03304-1,02402-1,02403-1,02404-1,02904-1,02808-1,05402-1,05405-1,04702-1,04703-1,04706-1,04708-1,03801-1,03705-1,03704-1,04001-1,04002-1,04605-1,04602-1,04405-1,04402-1;
+300,+23,+21,+21,+20,+13,+14,+14,+14,+14,+15,+16,+17,+18,+18,+19,+19,+19,+20,+20,+21,+21,+20,+20,+20,+20,+20,+21,+20,+20,+20,+20,+21,+20,+20,+15,+15,+15,+15,+15,+17,+17,+17,+17,+17,+17,+17,+17,+18,+18,+20,+21,+20,+21,+20,+20,+20,+20,+20,+20,+20,+20,-01117,+24,+23,+21,+21,+21,+20,+17,+17,+20,+20,+20,+20,+20,+20,+19,+19,+19,+19,+19,+16,+17,+18,+18,+18,+18,+18,+18,+18,+18,+20,+20,+15,+16,+16,+17,+17,+17,+17,+17,+18,+18,+19,+19,+19,+19,+19,+19,+20,+20,+20,+20,+20,+21,+22,+22,+21,+22,+21,-01018,+21,+20,+17,+17,+20,+20,+20,+20,+20,+20,+19,+19,+19,+19,+19,+16,+17,+18,+18,+18,+18,+18,+18,+18,+18,+20,+20,+15,+16,+16,+17,+17,+17,+17,+17,+18,+18,+19,+19,+19,+19,+19,+19,+20,+20,+20,+20,+20,+21,+22,+22,+21,+22,+21,,20605,,0,,12345,62,6,59,7,,0,3,6,,2,3,4,49,6,10,4,12,6,33,4,22,6,33,4,,1,8,6,44,4,12,6,10,4,33,6,11,4,3,6,8,4,33,6,11,4,,1,8,4,44,6,12,4,10,6,36,4,8,6,3,4,8,6,36,4,8,6,,2,7,6,45,4,58,6,7,4,48,6,7,4,,1,3,6,4,4,1,6,43,4,1,6,7,4,5,6,46,4,7,6,48,4,7,6,,2,3,4,2,6,39,4,7,6,4,4,4,6,5,4,3,6,7,4,1,6,32,4,3,6,8,4,4,6,7,4,1,6,32,4,3,6,8,4,,1,3,6,2,4,1,6,53,4,5,6,3,4,7,6,43,4,1,6,4,4,7,6,43,4,1,6,,2,6,4,1,7,1,4,1,6,4,4,31,6,7,4,13,4,3,6,51,4,4,6,51,4,,1,36,6,5,4,14,6,2,4,17,6,1,4,54,6,1,4,,1,5,6,2,4,1,6,28,4,5,6,2,4,8,6,1,4,18,6,4,4,3,6,26,4,4,6,7,4,11,6,4,4,3,6,26,4,4,6,7,4,,1,3,6,2,4,2,6,2,4,4,6,4,4,16,6,18,4,1,6,4,4,8,6,6,4,4,6,3,4,26,6,4,4,7,6,2,4,2,6,1,4,2,6,4,4,4,6,3,4,26,6,4,4,7,6,2,4,2,6,1,4,,3,3,4,2,6,50,4,1,6,2,4,1,6,1,4,2,6,2,4,5,6,49,4,1,6,2,4,3,6,49,4,1,6,,1,17,6,16,4,3,6,5,4,2,6,1,4,,0,3,6,2,4,1,6,11,4,16,6,19,4,3,6,1,4,2,6,1,4,1,6,2,4,5,6,2,4,1,6,34,4,3,6,6,4,3,6,1,4,1,6,1,4,3,6,2,4,1,6,34,4,3,6,6,4,3,6,1,4,1,6,1,4,,2,6,4,1,6,13,6,13,4,17,4,1,6,7,4,1,6,1,4,2,6,8,4,7,6,26,4,1,6,5,4,4,6,3,4,1,6,1,4,1,6,6,4,7,6,26,4,1,6,5,4,4,6,3,4,1,6,1,4,1,6,,1,6,6,1,4,2,6,4,4,4,6,3,4,13,6,3,4,5,6,2,4,7,6,1,4,1,6,3,4,3,6,1,4,1,6,1,4,13,6,3,4,26,6,1,4,5,6,1,4,8,6,1,4,10,6,3,4,26,6,1,4,5,6,1,4,8,6,1,4,,1,53,4,2,6,19,4,1,6,43,4,1,6,10,4,1,6,43,4,1,6,,1,9,4,4,6,39,4,1,6,5,4,1,6,1,4,1,6,48,4,1,6,54,4,1,6,,1,5,6,1,4,3,6,4,4,23,6,5,4,2,6,4,4,5,6,3,4,17,6,3,4,29,6,1,4,4,6,1,4,17,6,3,4,29,6,1,4,4,6,1,4,,1,5,4,1,6,53,4,1,6,2,4,2,6,45,4,1,6,54,4,1,6,,1,52,4,3,6,,0,5,6,1,4,1,6,2,4,4,6,23,4,5,6,2,4,4,6,3,4,2,6,3,4,4,6,1,4,2,6,2,4,5,6,3,4,3,6,29,4,1,6,2,4,2,6,4,4,5,6,1,4,5,6,3,4,3,6,29,4,1,6,2,4,2,6,4,4,5,6,1,4,,1,50,6,1,4,,1,3,6,2,4,1,6,1,4,2,6,4,4,25,6,3,4,2,6,4,4,11,6,1,4,1,6,1,4,5,6,1,4,54,6,1,4,,1,5,6,1,4,2,6,30,4,3,6,9,4,1,6,7,4,3,6,1,4,2,6,2,4,1,6,2,4,1,6,5,4,29,6,2,4,1,6,3,4,3,6,5,4,4,6,2,4,1,6,5,4,29,6,2,4,1,6,3,4,3,6,5,4,,1,38,6,3,4,9,6,1,4,10,4,1,6,7,6,1,4,7,6,27,4,2,6,1,4,17,6,1,4,7,6,27,4,2,6,1,4,,
;;;;;;;;b-a;A;Vana-Pääsküla - Nõmme - Väike-Õismäe;1234567z;;04401-1,04510-1,04601-1,04101-1,04102-1,03702-1,03703-1,03706-1,04709-1,04707-1,04705-1,04704-1,04701-1,05404-1,05403-1,02906-1,02903-1,03001-1,03003-1,02502-1,03202-1,03204-1,02102-1,01402-1,01301-1,01401-1,01606-1,01104-1;
+334,+24,+23,+22,+20,+16,+15,+15,+15,+15,+15,+16,+17,+18,+18,+18,+19,+19,+20,+20,+21,+21,+20,+20,+20,+20,+20,+21,+20,+20,+20,+20,+22,+20,+20,+15,+15,+15,+16,+15,+17,+17,+17,+15,+17,+16,+17,+17,+18,+18,+19,+20,+20,+20,+19,+20,+18,+19,+19,+20,+20,-01098,+24,+24,+22,+22,+22,+20,+17,+18,+19,+22,+20,+21,+21,+20,+19,+19,+19,+19,+19,+16,+17,+18,+18,+18,+18,+18,+18,+18,+18,+21,+19,+15,+16,+16,+17,+17,+17,+17,+17,+18,+18,+19,+18,+18,+18,+19,+19,+20,+20,+20,+19,+20,+21,+21,+21,+21,+21,-01017,+22,+22,+20,+17,+18,+19,+22,+20,+21,+21,+20,+19,+19,+19,+19,+19,+16,+17,+18,+18,+18,+18,+18,+18,+18,+18,+21,+19,+15,+16,+16,+17,+17,+17,+17,+17,+18,+18,+19,+18,+18,+18,+19,+19,+20,+20,+20,+19,+20,+21,+21,+21,+21,+21,,20605,,0,,12345,61,6,58,7,,1,47,4,7,6,56,4,9,6,46,4,,2,3,6,2,4,2,6,8,4,16,6,12,4,4,6,7,4,,1,5,6,2,4,21,6,3,4,,1,5,4,2,6,21,4,3,6,17,4,6,6,2,4,5,6,,0,2,6,45,4,1,6,6,4,2,6,5,4,4,6,42,4,3,6,5,4,5,6,42,4,3,6,5,4,,1,5,6,2,4,40,6,1,4,15,6,2,4,48,4,2,6,4,6,1,4,48,4,2,6,,1,58,4,3,6,2,4,2,6,41,4,1,6,12,4,1,6,41,4,1,6,,1,1,6,1,4,2,6,1,4,10,6,16,4,2,6,12,4,3,6,5,4,10,6,2,4,10,6,27,4,4,6,1,4,6,6,2,4,4,6,1,4,10,6,27,4,4,6,1,4,6,6,2,4,,1,1,4,1,6,2,4,1,6,10,4,13,6,5,4,12,6,11,4,2,6,17,4,27,6,4,4,1,6,3,4,5,6,15,4,27,6,4,4,1,6,3,4,5,6,,1,48,4,6,6,9,4,1,6,41,4,1,6,10,4,3,6,41,4,1,6,10,4,,2,2,4,2,6,1,4,10,6,13,4,5,6,11,4,4,6,6,4,9,6,1,4,1,6,36,4,4,6,2,4,3,6,3,4,3,6,3,4,1,6,36,4,4,6,2,4,3,6,3,4,3,6,,1,2,6,3,6,10,4,16,6,2,4,2,6,6,4,3,6,1,4,13,4,3,6,2,4,38,6,4,4,2,6,3,4,3,6,2,4,41,6,4,4,2,6,3,4,3,6,2,4,,1,13,4,2,6,38,4,3,6,52,4,2,6,3,4,2,6,48,4,2,6,3,4,2,6,,2,4,6,29,6,2,4,8,4,13,4,2,6,3,4,2,6,12,6,26,4,6,4,1,6,4,4,1,6,3,4,3,6,11,6,26,4,6,4,1,6,4,4,1,6,3,4,,1,1,6,1,4,1,6,47,4,3,6,,2,1,4,1,6,2,4,3,6,5,4,1,6,2,4,16,6,2,4,2,6,5,4,10,6,3,4,20,6,2,4,26,6,1,4,3,6,1,4,1,6,2,4,3,6,1,4,15,6,2,4,26,6,1,4,3,6,1,4,1,6,2,4,3,6,1,4,,1,4,6,3,4,5,6,1,4,2,6,16,4,2,6,2,4,5,6,2,4,1,6,1,4,1,6,5,4,3,6,3,4,8,6,9,4,29,6,3,4,1,6,1,4,2,6,1,4,9,6,9,4,29,6,3,4,1,6,1,4,2,6,1,4,,1,1,6,3,4,1,6,4,4,4,6,2,4,16,6,2,4,2,6,5,4,2,6,1,4,1,6,1,4,11,6,2,4,6,4,1,6,10,6,26,4,18,4,1,6,10,6,26,4,,2,4,6,1,4,4,6,4,4,2,6,16,4,2,6,2,4,10,6,3,4,2,6,3,4,13,6,9,4,26,6,14,4,6,6,9,4,26,6,14,4,,2,32,6,1,4,30,4,1,6,1,6,1,4,9,6,26,4,12,4,2,6,5,6,1,4,9,6,26,4,12,4,2,6,,2,1,4,1,6,10,4,1,6,2,4,16,6,1,4,1,6,12,4,18,6,1,4,37,6,1,4,3,6,1,4,7,6,2,4,41,6,1,4,3,6,1,4,7,6,2,4,,2,4,6,24,6,3,4,20,4,15,6,35,4,1,6,3,4,1,6,7,4,8,6,35,4,1,6,3,4,1,6,7,4,,1,1,6,3,4,1,6,4,4,3,6,16,4,3,6,8,4,1,6,2,4,1,6,1,4,1,6,5,4,1,6,6,4,1,6,5,4,1,6,2,4,7,6,2,4,26,6,3,4,1,6,1,4,9,6,6,4,7,6,2,4,26,6,3,4,1,6,1,4,9,6,,1,5,4,4,6,4,4,2,6,16,4,1,6,1,4,2,6,5,4,2,6,1,4,1,6,3,4,1,6,8,4,1,6,1,4,5,6,1,4,1,6,50,4,1,6,3,4,1,6,50,4,1,6,,1,5,6,4,4,4,6,2,4,16,6,1,4,1,6,2,4,5,6,2,4,1,6,1,4,3,6,1,4,16,6,1,4,6,6,2,4,2,6,26,4,3,6,1,4,1,6,3,4,6,6,1,4,3,6,1,4,6,6,2,4,2,6,26,4,3,6,1,4,1,6,3,4,6,6,1,4,,1,4,6,1,4,4,6,4,4,2,6,16,4,1,6,1,4,2,6,5,4,2,6,1,4,1,6,1,4,5,6,1,4,5,6,7,4,38,6,1,4,7,6,1,4,3,6,2,4,41,6,1,4,7,6,1,4,3,6,2,4,,1,4,4,1,6,4,4,4,6,2,4,16,6,1,4,1,6,2,4,5,6,2,4,1,6,1,4,1,6,5,4,1,6,6,4,6,6,1,4,1,6,36,4,1,6,7,4,1,6,3,4,7,6,36,4,1,6,7,4,1,6,3,4,,
11;;;;;20635,,,,,-46204,;;;a-b;AE;Kadaka - Kaubamaja;12345z;;03505-1,03404-1,03504-1,02801-1,02903-1,03001-1,03003-1,02601-1,02301-1,12003-1,21201-1,21206-1;
+377,+10,+10,+10,+10,+10,+10,+10,+9,+10,+9,+10,+10,+10,+11,+12,+12,+13,+12,+346,+12,+12,+12,+11,+10,+11,+10,+11,+10,+10,+10,+11,+11,+11,+10,+11,+10,+10,+10,+10,+10,+10,+11,+10,+11,,20635,,0,,12345,,1,5,6,,0,1,6,,1,,2,1,4,6,6,35,4,,1,4,6,22,6,5,4,,1,1,6,3,4,27,6,1,4,,2,8,6,6,4,6,6,6,4,6,6,3,4,,3,1,4,6,6,1,4,6,6,6,4,6,6,5,4,4,6,8,4,,7,4,6,3,4,1,6,7,4,4,6,15,4,9,6,,2,3,6,1,4,3,6,1,4,7,6,4,4,1,6,6,4,5,6,2,4,1,6,1,4,,2,3,4,2,6,2,4,1,6,7,4,4,6,1,4,4,6,8,4,1,6,1,4,1,6,,
;;;;;;;;b-a;AE;Kaubamaja - Kadaka;12345z;;21206-1,21203-1,12002-1,07705-1,02302-1,02501-1,02403-1,02404-1,02904-1,02802-1,03501-1,01801-1;
+399,+11,+10,+10,+10,+11,+11,+11,+10,+10,+10,+10,+10,+10,+10,+11,+12,+13,+12,+346,+13,+12,+12,+11,+10,+11,+11,+11,+10,+10,+10,+10,+11,+10,+10,+10,+10,+10,+10,+10,+10,+10,+10,+10,+11,,20635,,0,,12345,,1,,1,12,6,3,4,5,6,15,4,,6,1,6,1,6,10,4,3,6,,2,19,6,1,4,15,6,3,4,,2,1,6,1,4,4,6,13,4,1,6,15,4,3,6,,2,1,4,1,6,12,4,5,6,1,4,2,6,8,4,5,6,5,4,,1,5,6,1,4,14,6,2,4,8,6,5,4,5,6,,1,1,6,1,4,12,6,6,4,4,6,6,4,5,6,1,4,,2,1,4,1,6,3,4,1,6,8,4,6,6,4,4,6,6,5,4,1,6,4,4,,1,5,6,1,4,1,6,6,4,1,6,6,4,2,6,8,4,5,6,1,4,4,6,,2,6,6,1,4,12,6,1,6,2,4,1,6,6,4,6,4,5,4,,
12;;;;;20605,,,,,,;;;a-b;A;Väike-Õismäe - Seli;1234567z;;01610-1,01101-1,01102-1,01001-1,00901-1,00801-1,01403-1,03104-1,03203-1,02109-1,03206-1,02604-1,07209-1,14808-1,14906-1,14707-1,14708-1,14709-1,14710-1,15603-1,15602-1,15601-1,15801-1,16006-1,16201-1,16206-2,16403-1,16603-1;
+300,+20,+20,+20,+16,+12,+12,+12,+12,+12,+12,+12,+12,+13,+13,+13,+15,+15,+15,+15,+15,+15,+15,+15,+15,+15,+15,+15,+15,+15,+15,+15,+15,+15,+15,+15,+15,+15,+15,+15,+15,+15,+15,+13,+13,+13,+13,+12,+12,+12,+12,+13,+13,+15,+17,+17,+17,+17,+15,+15,+15,+15,+15,+15,+15,+15,+15,+15,+15,+15,+15,+15,+15,+15,+17,+20,+21,+17,-01120,+20,+20,+20,+20,+18,+16,+16,+16,+15,+15,+15,+15,+15,+15,+15,+15,+16,+16,+16,+16,+15,+16,+14,+14,+15,+15,+15,+15,+15,+16,+17,+17,+15,+15,+15,+15,+15,+15,+15,+15,+15,+15,+15,+15,+15,+15,+15,+17,+17,+17,+17,+17,+17,+16,+16,+16,+16,+16,+16,+16,+15,+15,+15,+17,+17,+19,+20,+24,-01095,+20,+20,+20,+20,+18,+16,+16,+16,+15,+15,+15,+15,+15,+15,+15,+15,+16,+16,+16,+16,+15,+16,+14,+14,+15,+15,+15,+15,+15,+16,+17,+17,+15,+15,+15,+15,+15,+15,+15,+15,+15,+15,+15,+15,+15,+15,+15,+17,+17,+17,+17,+17,+17,+16,+16,+16,+16,+16,+16,+16,+15,+15,+15,+17,+17,+19,+20,+24,,20605,,0,,12345,78,6,69,7,,1,,1,,1,76,4,2,6,,1,7,6,55,4,14,6,2,4,,1,5,6,2,4,55,6,8,4,21,6,42,4,27,6,42,4,,2,5,4,78,6,8,4,42,6,11,4,8,6,8,4,42,6,11,4,,2,8,6,59,4,3,6,6,4,68,6,2,4,67,6,2,4,,1,6,6,15,4,1,6,36,4,9,6,3,4,6,6,1,4,1,6,5,4,8,6,50,4,5,6,6,4,8,6,50,4,5,6,,2,7,6,1,4,13,6,1,4,29,6,3,4,4,6,9,4,9,4,1,6,1,4,5,7,8,4,8,6,3,4,44,4,6,7,8,4,8,6,3,4,44,4,,1,5,6,1,4,2,6,3,6,4,4,30,6,6,4,7,4,9,6,6,4,3,6,1,4,1,6,5,4,8,6,8,4,3,6,35,4,9,6,6,4,8,6,8,4,3,6,35,4,9,6,,2,7,6,2,6,2,6,5,4,2,4,2,4,2,6,15,6,19,4,11,4,23,6,1,4,8,6,27,4,11,6,7,4,2,4,1,6,12,6,1,4,8,6,27,4,11,6,7,4,2,4,,2,16,6,1,4,3,6,1,4,22,6,2,4,11,6,1,4,41,6,1,4,27,6,3,4,8,4,7,6,23,6,1,4,27,6,3,4,8,4,7,6,,6,7,6,1,4,1,6,7,4,1,6,3,4,1,6,1,4,18,6,22,4,5,6,3,4,14,6,6,4,6,6,2,4,39,6,7,4,9,6,6,4,6,6,2,4,39,6,7,4,,1,4,6,1,4,1,6,1,4,1,6,1,4,1,6,30,4,1,6,5,6,7,4,5,4,4,6,5,4,6,6,3,3,2,6,5,6,1,4,6,6,6,4,2,6,35,4,19,6,1,4,6,6,6,4,2,6,35,4,,2,2,6,2,4,1,6,1,4,1,6,1,6,10,4,18,6,9,6,7,4,4,4,1,4,1,6,3,4,9,6,3,4,14,6,3,4,1,6,7,4,4,6,18,4,13,6,3,4,20,6,3,4,1,6,7,4,4,6,18,4,13,6,3,4,,2,2,4,4,6,1,4,2,6,1,4,4,6,1,4,3,6,3,4,1,6,14,4,6,6,1,4,1,6,1,4,7,6,3,4,2,6,1,4,3,6,8,4,13,6,1,4,1,6,3,4,3,6,1,4,7,6,4,4,27,6,4,4,3,6,5,4,10,6,1,4,1,6,3,4,3,6,1,4,7,6,4,4,27,6,4,4,3,6,5,4,,1,82,4,1,6,7,4,1,6,49,4,1,6,10,4,1,6,7,4,1,6,49,4,1,6,,1,53,4,2,6,7,4,7,6,7,4,1,6,7,4,3,6,11,4,1,6,47,4,1,6,6,4,3,6,11,4,1,6,47,4,,1,6,6,36,4,1,6,1,4,1,6,8,6,3,4,1,4,1,6,3,4,1,6,8,4,12,6,1,4,1,6,3,4,3,6,1,4,5,6,3,4,3,6,27,4,4,6,3,4,4,6,3,4,3,6,1,4,4,6,1,4,1,6,3,4,3,6,1,4,5,6,3,4,3,6,27,4,4,6,3,4,4,6,3,4,3,6,,1,42,6,1,4,1,6,1,4,32,4,1,6,13,6,5,4,3,6,3,4,40,4,1,6,3,4,1,6,13,6,5,4,3,6,3,4,40,4,1,6,3,4,,1,4,6,2,4,1,6,2,4,2,6,3,4,1,6,2,4,4,6,1,4,14,6,5,4,2,6,1,4,7,6,1,4,4,6,2,4,3,6,6,4,6,6,3,4,2,6,4,4,1,6,1,4,14,6,1,4,21,6,13,4,3,6,3,4,3,6,1,4,3,6,5,4,1,6,1,4,14,6,1,4,21,6,13,4,3,6,3,4,3,6,1,4,3,6,,2,4,4,2,6,1,4,2,6,2,4,3,6,1,4,2,6,4,4,1,6,14,4,5,6,1,4,3,6,6,4,1,6,4,4,2,6,3,4,6,6,2,4,1,6,3,4,11,6,7,4,5,6,2,4,4,6,18,4,19,6,2,4,2,6,1,4,9,6,7,4,5,6,2,4,4,6,18,4,19,6,2,4,2,6,1,4,,1,4,6,2,4,1,6,2,4,1,6,4,4,1,6,2,4,4,6,1,4,14,6,5,4,1,6,10,4,4,6,2,4,3,6,6,4,2,6,1,4,7,6,7,4,7,6,5,4,2,6,4,4,18,6,19,4,2,6,2,4,1,6,2,4,1,6,6,4,7,6,5,4,2,6,4,4,18,6,19,4,2,6,2,4,1,6,2,4,,2,4,4,1,6,4,6,1,4,7,6,1,4,23,6,2,4,1,6,1,4,7,6,1,4,24,4,5,6,1,4,1,6,18,6,10,4,30,4,1,6,4,4,4,6,1,4,1,6,18,6,10,4,30,4,1,6,,1,22,6,14,4,17,6,1,4,4,6,1,4,17,4,1,6,6,6,1,4,28,6,1,4,5,6,2,4,22,6,1,4,9,6,1,4,28,6,1,4,5,6,2,4,22,6,1,4,,1,18,6,2,4,23,6,1,4,15,6,2,4,52,6,5,4,64,6,5,4,,1,4,6,1,4,1,6,1,4,1,6,1,4,1,6,5,4,1,6,1,4,3,6,2,4,18,6,2,4,3,6,7,4,2,6,2,4,1,6,1,4,3,6,8,4,1,6,5,4,1,6,1,4,1,6,4,4,2,6,18,4,18,6,8,4,1,6,7,4,3,6,2,4,6,6,4,4,2,6,18,4,18,6,8,4,1,6,7,4,3,6,2,4,,
;;;;;;;;b-a;A;Seli - Väike-Õismäe;1234567z;;16601-1,16304-1,16105-1,16101-1,16008-1,16106-1,15702-1,15501-1,15308-1,15302-1,15301-1,15110-1,15109-1,14811-1,07210-1,02605-1,02111-1,02303-1,03205-1,02108-1,02102-1,01402-1,00802-1,00902-1,01002-1,01103-1,01606-1,01104-1;
+302,+17,+17,+16,+12,+12,+12,+12,+12,+12,+12,+12,+12,+13,+13,+13,+13,+15,+15,+15,+17,+17,+15,+15,+15,+15,+15,+15,+15,+15,+15,+15,+15,+15,+15,+15,+15,+15,+13,+13,+13,+13,+13,+13,+13,+13,+15,+15,+16,+15,+15,+14,+13,+13,+13,+13,+13,+15,+16,+16,+18,+18,+15,+15,+15,+15,+15,+15,+15,+15,+15,+15,+15,+15,+15,+15,+17,+20,-01100,+30,+22,+15,+15,+15,+15,+15,+15,+15,+15,+15,+16,+16,+16,+15,+15,+15,+16,+15,+15,+16,+16,+16,+16,+16,+16,+15,+15,+15,+15,+15,+15,+15,+15,+16,+16,+16,+15,+15,+15,+15,+15,+15,+15,+15,+15,+15,+16,+16,+16,+16,+16,+16,+16,+16,+16,+16,+16,+16,+16,+16,+16,+15,+15,+15,+15,+20,+24,-01084,+30,+22,+15,+15,+15,+15,+15,+15,+15,+15,+15,+16,+16,+16,+15,+15,+15,+16,+15,+15,+16,+16,+16,+16,+16,+16,+15,+15,+15,+15,+15,+15,+15,+15,+16,+16,+16,+15,+15,+15,+15,+15,+15,+15,+15,+15,+15,+16,+16,+16,+16,+16,+16,+16,+16,+16,+16,+16,+16,+16,+16,+16,+15,+15,+15,+15,+20,+24,,20605,,0,,12345,78,6,69,7,,3,45,6,12,4,17,4,4,6,,1,12,6,5,4,127,4,3,6,66,4,,2,12,4,5,6,28,4,3,6,5,4,4,6,13,4,4,6,4,4,17,6,46,4,3,6,3,4,17,6,46,4,3,6,,1,6,6,57,4,7,6,25,4,16,6,6,4,24,6,23,4,16,6,6,4,24,6,,1,53,6,4,4,6,6,3,4,12,4,3,6,16,6,14,4,6,6,9,4,21,4,3,6,16,6,14,4,6,6,9,4,,1,12,6,5,4,28,6,3,4,9,6,4,4,5,6,8,4,4,6,3,4,10,6,6,4,29,6,15,4,6,6,3,4,10,6,6,4,29,6,15,4,,2,12,4,5,6,28,4,3,6,9,4,4,6,9,4,4,6,4,4,3,6,10,4,5,6,43,4,2,6,6,4,3,6,10,4,5,6,43,4,2,6,,2,8,6,58,4,4,6,4,4,4,6,3,4,10,6,5,4,3,6,3,4,9,6,15,4,13,6,5,4,3,6,3,4,10,6,5,4,3,6,3,4,9,6,15,4,13,6,5,4,,2,8,4,4,6,5,4,28,6,3,4,9,6,4,4,5,6,4,4,4,6,3,4,6,6,8,4,4,6,4,4,3,6,9,4,15,6,13,4,5,6,3,4,5,6,8,4,4,6,4,4,3,6,9,4,15,6,13,4,5,6,,1,8,6,4,4,5,6,28,4,3,6,9,4,4,6,5,4,4,6,1,4,6,6,1,4,3,6,2,4,8,6,4,4,44,6,2,4,9,6,2,4,8,6,4,4,44,6,2,4,,1,70,4,1,6,6,4,1,6,3,4,2,6,62,4,2,6,3,4,2,6,62,4,,2,8,4,4,6,5,4,28,6,3,4,2,6,3,4,4,6,4,4,5,6,8,4,3,6,6,4,3,6,5,4,5,6,43,4,6,6,7,4,3,6,5,4,5,6,43,4,6,6,,4,4,6,6,6,1,6,5,4,1,6,10,4,19,6,2,6,1,4,1,4,7,4,4,6,1,4,9,4,3,6,3,4,5,6,4,4,5,6,40,4,8,6,2,4,10,6,4,4,5,6,40,4,8,6,2,4,,7,4,4,4,6,4,4,3,6,6,4,6,6,16,6,5,4,1,6,5,4,6,4,2,6,4,4,20,6,5,4,3,6,2,4,4,6,2,4,9,6,3,4,17,6,6,4,4,6,6,4,8,6,5,4,3,6,2,4,4,6,2,4,9,6,3,4,17,6,6,4,4,6,,2,10,6,1,4,1,6,6,4,3,6,6,4,12,6,8,6,7,4,3,4,3,6,1,4,25,4,4,6,16,6,5,4,3,6,7,4,24,4,2,6,8,4,4,6,16,6,5,4,3,6,7,4,24,4,,2,5,6,10,4,2,6,15,6,7,4,1,6,1,4,17,4,27,6,5,4,1,6,3,4,4,6,2,4,2,6,4,4,4,6,10,4,1,6,12,4,4,6,2,4,6,6,2,4,7,6,5,4,1,6,3,4,4,6,2,4,2,6,4,4,4,6,10,4,1,6,12,4,4,6,2,4,6,6,,1,5,4,2,6,9,6,1,4,10,6,5,4,29,6,1,4,15,4,1,6,7,4,1,6,21,6,3,4,10,6,1,4,24,4,2,6,7,4,1,6,21,6,3,4,10,6,1,4,24,4,,1,4,6,3,4,1,6,13,4,1,6,5,4,5,6,25,4,1,6,3,4,1,6,12,4,7,6,5,4,9,6,10,4,1,6,1,4,4,6,9,4,1,6,15,4,3,6,2,4,4,6,2,4,3,6,5,4,9,6,10,4,1,6,1,4,4,6,9,4,1,6,15,4,3,6,2,4,4,6,,1,6,6,4,4,1,6,5,4,2,6,2,4,1,6,1,4,4,6,6,4,2,6,18,4,1,6,5,4,1,6,1,4,1,6,2,4,15,6,3,4,4,6,10,4,1,6,2,4,1,6,4,4,2,6,6,4,2,6,1,4,6,6,2,4,11,6,1,4,2,6,1,4,4,6,3,4,3,6,3,4,4,6,10,4,1,6,2,4,1,6,4,4,2,6,6,4,2,6,1,4,6,6,2,4,11,6,1,4,2,6,1,4,4,6,3,4,,2,10,6,1,4,4,6,2,4,3,6,1,4,1,6,4,4,21,6,1,6,1,4,4,4,5,6,1,4,1,6,1,4,17,4,3,6,4,4,6,6,31,6,3,4,16,4,3,6,3,4,3,6,4,4,6,6,31,6,3,4,16,4,3,6,,1,3,6,1,4,2,6,9,4,2,6,3,4,1,6,1,4,4,6,32,4,1,6,1,4,1,6,1,4,1,6,7,4,8,6,13,4,3,6,5,4,1,6,2,4,1,6,10,4,1,6,7,4,4,6,8,4,1,6,1,4,2,6,2,4,2,6,3,4,3,6,13,4,3,6,5,4,1,6,2,4,1,6,10,4,1,6,7,4,4,6,8,4,1,6,1,4,2,6,2,4,2,6,3,4,,1,15,6,2,4,3,6,1,4,1,6,4,4,14,6,1,4,4,6,2,4,6,6,3,4,2,6,1,4,1,6,1,4,1,6,1,4,28,6,3,4,5,6,1,4,2,6,1,4,10,6,1,4,7,6,4,4,8,6,1,4,26,6,3,4,5,6,1,4,2,6,1,4,10,6,1,4,7,6,4,4,8,6,1,4,,2,3,4,1,6,2,4,1,6,8,4,2,6,3,4,1,6,1,4,4,6,14,4,1,6,4,4,2,6,6,4,3,6,2,4,3,6,1,4,1,6,4,4,3,6,1,4,3,6,3,4,6,6,8,4,4,6,1,4,1,6,2,4,1,6,2,4,1,6,10,4,1,6,7,4,4,6,8,4,2,6,6,4,3,6,3,4,5,6,8,4,4,6,1,4,1,6,2,4,1,6,2,4,1,6,10,4,1,6,7,4,4,6,8,4,2,6,6,4,3,6,,1,8,4,1,6,1,4,1,6,23,4,4,6,10,4,1,6,17,4,1,6,3,4,1,6,3,4,3,6,6,4,3,6,3,4,1,6,7,4,1,6,8,4,1,6,37,4,3,6,5,4,3,6,3,4,1,6,7,4,1,6,8,4,1,6,37,4,,1,4,4,1,6,7,4,3,6,23,4,1,6,47,4,3,6,1,4,1,6,4,4,1,6,4,4,2,6,38,4,1,6,14,4,3,6,1,4,1,6,4,4,1,6,4,4,2,6,38,4,1,6,,0,1,6,4,4,1,6,1,4,1,6,1,4,1,6,8,4,2,6,87,4,3,6,27,4,3,6,36,4,3,6,27,4,3,6,,1,1,4,3,6,2,4,1,6,4,4,1,6,3,4,1,6,1,4,1,6,2,4,3,6,3,4,8,6,5,4,1,6,1,4,4,6,2,4,1,6,1,4,4,6,1,4,5,6,2,4,5,6,1,4,19,6,3,4,1,6,1,4,4,6,1,4,1,6,1,4,1,6,4,4,3,6,4,4,3,6,1,4,7,6,1,4,12,6,1,4,2,6,4,4,14,6,3,4,1,6,1,4,4,6,1,4,1,6,1,4,1,6,4,4,3,6,4,4,3,6,1,4,7,6,1,4,12,6,1,4,2,6,4,4,,
13;;;;;20666,,,,,,;;;a-b;A;Väike-Õismäe - Priisle;1234567z;;01610-1,01101-1,01701-1,01302-1,03506-1,03102-1,03103-1,03104-1,03203-1,03201-1,02402-1,02601-1,02604-1,07209-1,07504-1,13007-1,13402-1,13404-1,09708-1,13508-1,13503-1,13703-1,13705-1,13707-1,13806-1,14607-1,14406-1,15603-1,15602-1,17601-1,17502-1,17506-1,17507-1,17102-1,17103-1,16908-1,17002-1,16802-1,16302-1,16501-1;
+295,+20,+18,+15,+15,+15,+15,+15,+15,+15,+15,+15,+16,+16,+17,+17,+17,+17,+17,+17,+17,+17,+19,+19,+19,+19,+17,+17,+17,+17,+17,+17,+17,+16,+16,+16,+15,+15,+15,+15,+15,+16,+17,+17,+19,+19,+20,+19,+19,+19,+18,+18,+18,+18,+18,+18,+18,+18,+18,+18,+18,+18,+18,+18,+20,+25,-01116,+30,+30,+27,+20,+20,+20,+19,+19,+19,+19,+20,+21,+21,+21,+21,+20,+20,+19,+19,+19,+19,+20,+20,+20,+20,+20,+20,+20,+20,+20,+20,+20,+21,+21,+21,+21,+21,+21,+21,+21,+20,+20,+20,+20,+20,+20,+20,+20,+20,+20,+20,+30,+35,-01116,+30,+30,+27,+20,+20,+20,+19,+19,+19,+19,+20,+21,+21,+21,+21,+20,+20,+19,+19,+19,+19,+20,+20,+20,+20,+20,+20,+20,+20,+20,+20,+20,+21,+21,+21,+21,+21,+21,+21,+21,+20,+20,+20,+20,+20,+20,+20,+20,+20,+20,+20,+30,+35,,20666,,0,,12345,66,6,54,7,,1,,1,7,6,53,4,23,6,27,4,27,6,27,4,,2,7,4,53,6,3,4,10,6,10,4,27,6,6,4,11,6,10,4,27,6,6,4,,3,7,6,3,6,6,4,24,6,10,4,10,4,3,6,10,4,4,6,50,4,4,6,,2,7,4,1,7,5,6,1,4,31,4,5,6,5,4,5,6,2,4,2,4,2,6,47,4,3,6,2,4,2,6,47,4,3,6,2,4,,1,60,4,2,6,4,4,5,6,49,4,5,6,,1,7,6,1,4,1,6,4,4,1,6,1,4,1,6,3,4,4,6,17,4,1,6,3,4,1,6,5,4,5,6,8,4,1,6,1,4,1,6,5,4,1,6,5,4,6,6,26,4,4,6,3,4,4,6,5,4,1,6,5,4,6,6,26,4,4,6,3,4,,2,10,4,2,6,2,4,1,6,3,4,1,6,4,4,13,6,5,4,3,6,11,4,8,6,1,4,7,6,1,4,5,6,6,4,26,6,1,4,6,6,2,4,7,6,1,4,5,6,6,4,26,6,1,4,6,6,2,4,,2,8,6,1,4,1,6,2,4,1,6,3,4,2,6,18,4,4,6,6,4,9,6,3,4,31,6,5,4,16,6,3,4,30,6,5,4,16,6,3,4,,2,9,6,4,4,1,6,1,4,1,6,2,4,5,6,18,6,4,4,1,6,2,4,7,4,9,4,1,6,15,6,10,4,4,6,15,4,7,4,2,6,16,6,10,4,4,6,15,4,7,4,2,6,,2,7,6,16,4,13,6,9,6,1,4,3,4,9,6,4,4,2,6,1,4,7,6,2,4,2,6,1,4,6,6,6,4,1,6,6,4,13,6,1,4,3,6,2,4,1,6,2,4,8,6,2,4,2,6,1,4,6,6,6,4,1,6,6,4,13,6,1,4,3,6,2,4,1,6,2,4,,1,3,6,5,6,1,6,1,6,2,4,2,4,1,4,6,6,18,6,2,6,4,3,7,4,12,4,1,6,1,4,4,6,4,6,2,4,1,6,3,4,16,6,7,4,15,4,6,6,4,6,2,4,1,6,3,4,16,6,7,4,15,4,,2,3,4,2,6,3,4,1,6,3,6,2,4,2,4,1,6,1,4,1,6,13,4,3,6,24,4,3,6,1,4,1,6,1,4,1,6,6,4,1,6,1,4,2,6,1,4,1,6,18,4,7,6,23,4,1,6,1,4,2,6,1,4,1,6,18,4,7,6,,3,3,6,2,4,2,6,2,4,1,6,5,6,1,4,1,4,1,6,3,4,2,6,5,4,4,6,14,6,1,4,5,6,1,4,9,4,1,6,1,4,2,6,7,4,1,6,4,4,2,6,36,4,4,6,7,4,1,6,4,4,2,6,36,4,,2,7,4,1,6,4,4,2,6,1,4,1,6,3,4,2,6,2,4,5,6,8,4,1,6,4,4,4,6,1,4,1,6,3,4,3,6,5,4,4,6,1,4,9,6,4,4,1,6,6,4,6,6,1,4,6,6,13,4,1,6,2,4,4,6,4,4,6,6,4,4,1,6,6,4,6,6,1,4,6,6,13,4,1,6,2,4,4,6,,2,7,6,1,4,1,6,3,7,2,4,1,4,33,4,2,6,3,4,6,6,3,4,2,6,1,4,1,6,5,4,5,6,1,4,6,6,6,4,1,6,13,4,9,6,1,4,5,4,2,7,5,4,5,6,1,4,6,6,6,4,1,6,13,4,9,6,1,4,5,4,,1,6,6,1,4,1,6,1,4,1,6,2,4,2,6,3,4,6,6,5,4,8,6,1,4,4,6,4,4,3,6,2,4,3,6,3,4,2,6,1,4,5,4,1,6,12,6,3,4,1,6,2,4,5,6,6,4,9,6,1,4,5,6,1,4,3,6,1,4,17,6,3,4,1,6,2,4,5,6,6,4,9,6,1,4,5,6,1,4,3,6,1,4,,2,12,6,2,4,5,6,2,4,19,6,1,4,14,4,1,6,2,4,1,6,1,4,2,6,4,4,5,6,15,6,1,4,7,6,2,4,8,6,4,4,5,4,1,6,2,4,2,6,2,4,5,6,15,6,1,4,7,6,2,4,8,6,4,4,5,4,1,6,2,4,2,6,,1,3,6,3,4,1,6,1,4,1,6,10,4,2,6,2,4,5,6,12,4,1,6,3,4,1,6,3,4,2,6,3,4,2,6,4,4,1,6,2,4,2,6,51,4,1,6,53,4,1,6,,3,3,4,3,6,3,4,2,6,1,4,2,6,2,4,1,6,15,4,3,6,1,4,1,6,4,4,3,6,2,4,2,6,3,4,2,6,3,4,13,6,8,4,2,6,2,4,2,6,3,4,1,6,1,4,1,6,5,4,2,6,8,4,4,6,3,4,12,6,8,4,2,6,2,4,2,6,3,4,1,6,1,4,1,6,5,4,2,6,8,4,4,6,3,4,,0,3,6,4,4,1,6,3,4,1,6,2,4,2,6,1,4,2,6,2,4,2,6,4,4,5,6,3,4,1,6,1,4,4,6,4,4,1,6,2,4,1,6,1,4,1,6,4,4,1,6,8,4,1,6,4,4,1,6,1,4,6,6,2,4,1,6,10,4,4,6,9,4,1,6,5,4,1,6,1,4,2,6,1,4,1,6,2,4,3,6,3,4,1,6,1,4,6,6,2,4,1,6,10,4,4,6,9,4,1,6,5,4,1,6,1,4,2,6,1,4,1,6,2,4,,1,3,4,4,6,1,4,1,6,10,4,2,6,2,4,4,6,14,4,1,6,2,4,1,6,2,4,1,6,1,4,1,6,2,4,3,6,1,4,2,6,1,4,5,6,1,4,4,6,1,4,1,6,6,4,1,6,2,4,1,6,2,4,3,6,1,4,1,6,1,4,1,6,6,4,7,6,5,4,1,6,1,4,1,6,2,4,1,6,1,4,2,6,3,4,3,6,1,4,1,6,6,4,1,6,2,4,1,6,2,4,3,6,1,4,1,6,1,4,1,6,6,4,7,6,5,4,1,6,1,4,1,6,2,4,1,6,1,4,2,6,,0,3,6,6,4,1,6,2,4,2,6,2,4,1,6,15,4,1,6,9,4,2,6,14,4,1,6,22,4,2,6,3,4,1,6,1,4,1,6,5,4,1,6,12,4,1,6,10,4,2,6,15,4,2,6,3,4,1,6,1,4,1,6,5,4,1,6,12,4,1,6,10,4,,1,6,6,1,4,1,6,2,4,2,6,2,4,2,6,2,4,1,6,2,4,2,6,5,4,4,6,1,4,2,6,1,4,4,6,5,4,2,6,1,4,1,6,1,4,2,6,3,4,1,6,2,4,19,6,1,4,2,6,9,4,5,6,1,4,1,6,5,4,6,6,2,4,1,6,1,4,20,6,1,4,2,6,9,4,5,6,1,4,1,6,5,4,6,6,2,4,1,6,1,4,,2,17,4,1,6,9,4,1,6,7,4,1,6,1,6,3,4,9,4,1,6,4,4,1,6,9,4,1,6,52,4,1,6,53,4,1,6,,2,3,4,2,6,1,4,1,6,1,4,1,6,26,6,2,4,2,6,5,4,3,4,1,6,4,4,2,6,1,4,9,6,1,4,1,6,6,4,1,6,1,4,1,6,2,4,2,6,1,4,6,6,1,4,1,6,8,4,5,6,7,4,1,6,1,4,1,6,1,4,1,6,1,4,1,6,1,4,4,6,6,4,1,6,1,4,1,6,2,4,2,6,1,4,6,6,1,4,1,6,8,4,5,6,7,4,1,6,1,4,1,6,1,4,1,6,1,4,1,6,1,4,,1,3,6,2,4,1,6,1,4,1,6,1,4,1,6,2,4,2,6,2,4,1,6,2,4,2,6,2,4,4,6,9,4,1,6,13,4,2,6,12,4,8,6,1,4,1,6,1,4,2,6,2,4,1,6,6,4,1,6,1,4,1,6,5,4,1,6,12,4,1,6,1,4,1,6,1,4,1,6,2,4,2,6,2,4,8,6,1,4,1,6,1,4,2,6,2,4,1,6,6,4,1,6,1,4,1,6,5,4,1,6,12,4,1,6,1,4,1,6,1,4,1,6,2,4,2,6,2,4,,1,3,4,1,6,3,6,1,4,28,6,1,4,26,4,1,6,22,6,1,4,1,6,1,4,5,6,1,4,12,6,1,4,5,4,1,6,26,6,1,4,1,6,1,4,5,6,1,4,12,6,1,4,5,4,1,6,,2,4,4,1,6,2,4,1,6,48,4,2,6,2,4,3,6,1,4,2,6,11,4,1,6,8,4,1,6,1,4,1,6,5,4,2,6,8,4,4,6,8,4,2,6,13,4,1,6,8,4,1,6,1,4,1,6,5,4,2,6,8,4,4,6,8,4,2,6,,1,3,6,37,6,1,4,1,6,1,4,13,6,2,4,37,6,1,4,8,6,3,4,42,6,1,4,8,6,3,4,,1,39,6,1,4,16,4,2,6,8,4,2,6,18,6,1,4,1,6,1,4,5,6,1,4,12,6,1,4,11,4,3,6,18,6,1,4,1,6,1,4,5,6,1,4,12,6,1,4,11,4,,1,7,6,1,4,4,6,2,4,2,6,1,4,17,6,1,4,6,6,1,4,1,6,3,4,1,6,1,4,2,6,2,4,4,6,2,4,5,4,1,6,15,6,1,4,29,6,1,4,8,4,1,6,14,6,1,4,29,6,1,4,8,4,1,6,,1,9,6,1,4,8,6,10,4,5,6,1,4,1,6,4,4,9,6,2,4,2,6,1,4,10,6,1,4,13,6,2,4,1,6,6,4,1,6,1,4,1,6,1,4,6,6,7,4,5,6,1,4,2,6,1,4,4,6,1,4,1,6,1,4,12,6,2,4,1,6,6,4,1,6,1,4,1,6,1,4,6,6,7,4,5,6,1,4,2,6,1,4,4,6,1,4,1,6,1,4,,2,3,4,1,6,5,4,1,6,8,4,1,6,2,4,2,6,4,4,1,6,8,4,1,6,12,4,1,6,2,4,1,6,3,4,2,6,1,4,1,6,3,4,3,6,2,4,2,6,2,4,1,6,1,4,1,6,2,4,1,6,2,4,1,6,3,4,1,6,4,4,1,6,6,4,7,6,5,4,1,6,2,4,1,6,4,4,3,6,3,4,2,6,2,4,1,6,1,4,1,6,2,4,1,6,2,4,1,6,3,4,1,6,4,4,1,6,6,4,7,6,5,4,1,6,2,4,1,6,4,4,3,6,,2,4,4,1,6,7,4,2,6,19,4,1,6,1,4,1,6,12,4,1,6,1,4,2,6,6,4,1,6,3,4,4,6,4,4,2,6,1,4,1,6,1,4,2,6,1,4,2,6,1,4,3,6,1,4,1,6,1,4,1,6,16,4,4,6,1,4,1,6,4,4,3,6,1,4,2,6,4,4,2,6,1,4,1,6,1,4,2,6,1,4,2,6,1,4,3,6,1,4,1,6,1,4,1,6,16,4,4,6,1,4,1,6,4,4,3,6,1,4,,1,8,6,1,4,3,6,2,4,19,6,1,4,1,6,1,4,6,6,1,4,5,6,1,4,1,6,1,4,32,6,1,4,1,6,1,4,1,6,1,4,25,4,1,6,3,4,1,6,19,6,1,4,1,6,1,4,1,6,1,4,25,4,1,6,3,4,1,6,,1,3,6,7,4,5,6,1,4,1,6,2,4,2,6,2,4,4,6,6,4,1,6,1,4,1,6,6,4,1,6,5,4,1,6,1,4,1,6,9,4,2,6,2,4,5,6,14,4,1,6,1,4,1,6,1,4,1,6,20,4,1,6,1,4,3,6,7,4,3,6,14,4,1,6,1,4,1,6,1,4,1,6,20,4,1,6,1,4,3,6,,2,3,4,2,6,10,4,1,6,16,4,1,6,1,4,1,6,2,4,2,6,5,4,2,6,1,4,1,6,5,4,3,6,3,4,1,6,2,4,2,6,5,4,9,6,8,4,1,6,1,4,1,6,3,4,4,6,7,4,1,6,3,4,1,6,1,4,1,6,3,4,7,6,3,4,9,6,8,4,1,6,1,4,1,6,3,4,4,6,7,4,1,6,3,4,1,6,1,4,1,6,3,4,,1,7,6,2,4,23,6,11,4,1,6,2,4,1,6,1,4,5,6,1,4,1,6,1,4,10,4,2,6,18,6,1,4,1,6,1,4,3,6,4,4,7,6,1,4,16,4,2,6,18,6,1,4,1,6,1,4,3,6,4,4,7,6,1,4,,
;;;;;;;;b-a;A;Priisle - Väike-Õismäe;1234567z;;16502-1,16801-1,17001-1,16906-1,16901-1,17101-1,17504-1,17503-1,17501-1,15201-1,15308-1,15606-1,14603-1,14606-1,13801-1,13706-1,13704-1,13702-1,13701-1,13509-1,13507-1,13403-1,12905-1,07505-1,07210-1,02605-1,02501-1,02502-1,02503-1,03205-1,02108-1,01501-1,03108-1,01801-1,01803-1,01301-1,01401-1,01606-1,01104-1;
+300,+20,+16,+16,+16,+16,+16,+15,+15,+15,+15,+15,+17,+17,+17,+17,+17,+16,+16,+16,+16,+16,+16,+16,+17,+17,+17,+19,+19,+19,+19,+17,+17,+17,+17,+17,+17,+17,+17,+18,+17,+17,+17,+16,+16,+16,+16,+16,+16,+18,+18,+18,+18,+18,+18,+18,+19,+19,+19,+19,+18,+18,+18,+18,+18,+24,-01106,+30,+20,+18,+18,+19,+19,+19,+19,+19,+19,+19,+19,+19,+19,+20,+20,+20,+20,+21,+21,+21,+21,+20,+20,+20,+20,+20,+20,+20,+20,+20,+20,+20,+20,+20,+20,+20,+20,+21,+21,+21,+21,+21,+21,+21,+21,+21,+21,+21,+21,+21,+21,+31,-01085,+30,+20,+18,+18,+19,+19,+19,+19,+19,+19,+19,+19,+19,+19,+20,+20,+20,+20,+21,+21,+21,+21,+20,+20,+20,+20,+20,+20,+20,+20,+20,+20,+20,+20,+20,+20,+20,+20,+21,+21,+21,+21,+21,+21,+21,+21,+21,+21,+21,+21,+21,+21,+31,,20666,,0,,12345,66,6,54,7,,2,,2,10,6,1,4,,2,8,6,7,4,25,6,11,4,9,4,18,6,41,4,13,6,41,4,,0,3,6,5,4,1,6,50,4,1,6,53,4,6,6,48,4,6,6,,3,3,4,5,6,8,4,23,6,1,4,2,6,7,4,10,6,1,4,4,4,2,6,22,6,12,4,13,6,3,4,26,6,12,4,13,6,3,4,,1,7,6,2,4,7,6,23,4,2,6,1,4,22,6,2,4,2,6,10,4,4,6,6,4,12,6,8,4,8,6,3,4,3,6,10,4,4,6,6,4,12,6,8,4,8,6,3,4,,1,5,6,2,4,3,6,1,4,3,6,2,4,24,6,1,4,8,6,2,4,13,4,2,7,2,4,52,6,2,4,,1,51,6,4,4,53,6,3,4,51,6,3,4,,2,3,6,2,4,2,6,2,6,1,4,1,6,3,4,25,6,1,4,2,6,7,4,14,4,1,6,2,4,11,6,3,6,2,4,6,6,6,4,17,6,2,4,3,4,15,6,3,6,2,4,6,6,6,4,17,6,2,4,3,4,,2,59,4,4,6,1,4,2,6,45,4,2,6,52,4,2,6,,1,5,6,4,4,1,6,4,4,2,6,23,4,2,6,1,4,33,6,2,4,1,6,2,4,3,6,5,4,6,6,14,4,3,6,2,4,16,6,2,4,1,6,2,4,3,6,5,4,6,6,14,4,3,6,2,4,,1,4,6,1,4,4,6,1,4,4,6,1,4,25,6,1,4,8,6,1,4,13,4,1,6,11,4,2,6,6,4,5,6,12,4,8,6,3,4,2,6,16,4,2,6,6,4,5,6,12,4,8,6,3,4,2,6,,1,3,6,1,4,3,6,2,4,2,6,3,4,1,6,1,4,23,6,1,4,10,6,1,4,24,6,2,4,6,6,5,4,12,6,8,4,10,4,2,6,9,6,2,4,6,6,5,4,12,6,8,4,10,4,,3,3,4,1,6,56,4,3,6,1,4,4,6,7,4,2,6,6,4,5,6,12,4,8,6,2,4,1,6,4,4,3,6,2,4,2,6,7,4,2,6,6,4,5,6,12,4,8,6,2,4,1,6,4,4,3,6,,0,3,6,1,4,1,6,3,4,1,6,2,4,3,6,5,4,19,6,1,4,1,6,9,4,2,6,8,4,1,6,3,4,1,6,14,4,4,6,6,4,12,6,8,4,2,6,3,4,2,6,3,4,2,6,12,4,4,6,6,4,12,6,8,4,2,6,3,4,2,6,3,4,,1,68,4,6,6,3,4,1,6,37,4,3,6,4,4,6,6,3,4,1,6,37,4,3,6,,1,3,4,1,6,1,4,1,6,1,4,1,6,6,4,5,6,21,4,2,6,9,4,4,6,5,4,3,6,1,4,4,6,6,4,3,6,5,4,6,6,12,4,8,6,2,4,3,6,7,4,2,6,6,4,3,6,5,4,6,6,12,4,8,6,2,4,3,6,,1,6,4,1,6,2,4,1,6,28,4,1,6,3,4,7,6,6,4,4,6,19,4,3,6,13,4,6,6,8,4,2,6,3,4,2,6,3,4,2,6,12,4,3,6,13,4,6,6,8,4,2,6,3,4,2,6,3,4,,2,6,6,1,4,2,6,1,4,4,6,2,4,21,6,2,4,1,6,9,4,2,6,1,4,3,6,4,4,19,6,3,4,3,6,4,4,6,6,11,4,2,6,4,4,2,6,2,4,17,6,3,4,3,6,4,4,6,6,11,4,2,6,4,4,2,6,2,4,,2,4,4,1,6,9,4,2,6,21,4,1,6,13,4,1,6,7,4,1,6,3,4,1,6,4,4,7,6,3,4,3,6,3,4,4,6,12,4,5,6,2,4,4,6,2,4,5,6,4,4,7,6,3,4,3,6,3,4,4,6,12,4,5,6,2,4,4,6,2,4,5,6,,2,3,6,8,6,23,6,4,6,3,4,1,6,1,4,1,4,3,4,4,6,1,4,13,4,3,6,7,4,3,6,3,4,1,6,5,6,1,4,12,6,4,4,14,4,4,6,7,4,3,6,3,4,1,6,5,6,1,4,12,6,4,4,14,4,,2,,2,2,6,1,4,9,4,2,6,5,4,3,6,17,6,1,4,4,6,1,4,17,4,1,6,,4,2,4,1,6,2,4,1,6,10,4,3,6,22,6,3,4,16,4,2,6,1,4,2,6,3,4,5,6,9,4,1,6,4,4,1,6,13,4,3,6,8,4,1,6,9,4,5,6,9,4,1,6,4,4,1,6,13,4,3,6,8,4,1,6,,2,7,6,1,4,2,6,1,4,1,6,1,4,3,6,3,4,12,6,5,6,2,4,1,6,5,4,1,6,2,4,4,4,4,4,4,6,3,4,1,6,2,4,3,6,14,6,1,4,4,6,7,4,1,6,5,4,1,6,3,4,11,4,7,6,14,6,1,4,4,6,7,4,1,6,5,4,1,6,3,4,11,4,,2,5,6,3,7,7,4,1,4,3,6,3,4,10,6,4,4,4,6,1,6,1,4,3,4,2,4,4,6,3,4,1,6,4,4,5,4,1,6,5,6,3,4,9,6,28,4,2,6,1,4,2,6,2,4,7,6,3,4,9,6,28,4,2,6,1,4,2,6,2,4,,1,1,6,2,4,1,6,2,4,1,6,5,4,1,6,1,4,2,6,3,4,3,6,24,4,1,6,12,4,1,6,5,4,1,6,2,4,6,6,8,4,1,6,5,4,2,6,1,4,3,6,15,4,1,6,2,4,1,6,1,4,3,6,5,4,6,6,8,4,1,6,5,4,2,6,1,4,3,6,15,4,1,6,2,4,1,6,1,4,3,6,,2,1,4,1,6,4,6,1,4,5,6,1,4,6,6,3,4,16,6,1,4,1,6,1,4,10,4,1,6,3,4,4,6,4,4,1,6,2,4,2,6,23,6,3,4,14,4,1,6,2,4,1,6,5,4,5,6,23,6,3,4,14,4,1,6,2,4,1,6,5,4,,2,2,4,1,6,1,4,1,6,12,4,1,6,21,6,1,4,1,6,1,4,1,6,1,4,2,6,1,4,5,4,2,6,6,4,3,6,1,4,2,6,8,4,1,6,13,6,2,4,23,4,5,6,10,4,1,6,13,6,2,4,23,4,5,6,,1,2,6,1,4,1,6,2,4,1,6,1,4,5,6,5,4,5,6,2,4,4,6,2,4,2,6,6,4,3,6,1,4,1,6,1,4,4,6,1,4,1,6,3,4,1,6,4,4,1,6,2,4,12,6,1,4,7,6,6,4,6,6,1,4,9,6,3,4,1,6,1,4,8,6,1,4,10,6,1,4,7,6,6,4,6,6,1,4,9,6,3,4,1,6,1,4,8,6,1,4,,2,2,4,1,6,3,6,1,4,1,6,5,4,1,6,2,4,1,6,6,4,2,6,4,4,2,6,8,6,3,4,1,6,1,4,8,4,2,6,1,4,5,4,2,6,6,4,1,6,19,6,16,4,3,6,1,4,1,6,1,4,7,4,3,6,2,4,1,6,19,6,16,4,3,6,1,4,1,6,1,4,7,4,,0,2,6,4,4,1,6,7,4,2,6,1,4,1,6,15,4,4,6,4,4,1,6,1,4,1,6,5,4,1,6,1,4,1,6,3,4,4,6,4,4,1,6,1,4,3,6,2,4,2,6,2,4,1,6,13,4,2,6,1,4,1,6,2,4,1,6,14,4,1,6,10,4,2,6,2,4,2,6,2,4,1,6,13,4,2,6,1,4,1,6,2,4,1,6,14,4,1,6,,2,2,4,3,6,3,4,1,6,1,4,3,6,5,4,4,6,3,4,4,6,2,4,1,6,5,4,2,6,5,4,1,6,1,4,1,6,5,4,3,6,4,4,1,6,2,4,1,6,1,4,2,6,2,4,2,6,2,4,5,6,1,4,3,6,9,4,1,6,1,4,2,6,1,4,9,6,1,4,4,6,3,4,1,6,1,4,6,6,2,4,2,6,2,4,5,6,1,4,3,6,9,4,1,6,1,4,2,6,1,4,9,6,1,4,4,6,3,4,1,6,1,4,,0,2,6,3,4,1,6,1,4,1,6,1,4,1,6,3,4,1,6,2,4,1,6,5,4,3,6,4,4,2,6,1,4,1,6,6,4,1,6,2,4,1,6,2,4,1,6,1,4,4,6,4,4,10,6,1,4,2,6,1,4,4,6,4,4,1,6,3,4,7,6,16,4,1,6,4,4,3,6,1,4,1,6,3,4,2,6,1,4,2,6,1,4,4,6,4,4,1,6,3,4,7,6,16,4,1,6,4,4,3,6,1,4,1,6,3,4,2,6,,4,4,4,1,7,1,4,1,6,3,4,22,6,1,4,6,6,1,4,2,6,1,4,2,6,1,4,5,4,1,6,2,4,1,6,8,4,3,6,2,4,1,6,4,4,1,6,40,4,3,6,2,4,1,6,2,4,1,6,4,4,1,6,40,4,3,6,2,4,,1,13,6,1,4,9,6,1,4,5,6,1,4,14,6,1,4,2,6,5,4,2,6,1,4,29,6,3,4,17,6,1,4,4,6,1,4,4,6,1,4,23,6,3,4,17,6,1,4,4,6,1,4,4,6,1,4,,1,4,6,3,4,3,6,3,4,3,6,1,4,1,6,5,4,1,6,5,4,1,6,2,4,1,6,11,4,2,6,1,4,5,6,2,4,1,6,4,4,5,6,1,4,3,6,1,4,4,6,1,4,2,6,8,4,3,6,1,4,2,6,4,4,1,6,9,4,1,6,3,4,2,6,2,4,1,6,1,4,1,6,2,4,5,6,1,4,4,6,1,4,2,6,8,4,3,6,1,4,2,6,4,4,1,6,9,4,1,6,3,4,2,6,2,4,1,6,1,4,1,6,2,4,,1,4,4,3,6,3,4,3,6,5,4,5,6,2,4,4,6,2,4,1,6,1,4,4,6,2,4,5,6,2,4,1,6,5,4,2,6,1,4,4,6,1,4,2,6,2,4,1,6,1,4,1,6,1,4,1,6,4,4,1,6,2,4,6,6,8,4,4,6,1,4,1,6,1,4,3,6,1,4,3,6,3,4,1,6,2,4,2,6,1,4,4,6,3,4,1,6,1,4,1,6,4,4,1,6,2,4,6,6,8,4,4,6,1,4,1,6,1,4,3,6,1,4,3,6,3,4,1,6,2,4,2,6,1,4,4,6,,
15;;;;;;;;a-b;A;Estonia - Bussijaam - Sõjamäe;1234567z;;21204-1,12309-1,11706-1,11605-2,13002-1,13402-1,13404-1,09708-1,13506-1,13508-1,13502-1,13503-1,13703-1,13705-1,13707-1,13802-1,13807-1,13804-1,13805-1;
+323,+18,+19,+21,+21,+22,+20,+19,+19,+19,+18,+19,+18,+19,+19,+24,+25,+24,+24,+24,+25,+24,+24,+24,+24,+24,+25,+25,+22,+23,+21,+20,+18,+18,+18,+20,+19,+21,+22,+23,+24,+22,+24,+23,+23,+20,+27,+26,+20,+26,-01048,+32,+30,+33,+34,+33,+34,+33,+29,+29,+29,+24,+24,+24,+26,+24,+24,+24,+28,+27,+26,+26,+27,+27,+26,+26,+26,+28,+26,+25,+33,+34,+36,+36,+30,+33,+30,-01036,+32,+30,+33,+34,+33,+34,+33,+29,+29,+29,+24,+24,+24,+26,+24,+24,+24,+28,+27,+26,+26,+27,+27,+26,+26,+26,+28,+26,+25,+33,+34,+36,+36,+30,+33,+30,,20666,,0,,12345,50,6,37,7,,3,3,4,1,6,3,6,4,6,1,4,14,4,1,6,9,4,7,6,3,4,,1,3,6,8,4,1,6,31,4,3,6,6,4,11,6,15,4,5,6,6,4,11,6,15,4,5,6,,3,3,4,6,6,4,4,23,6,1,4,6,6,3,4,6,6,11,4,15,6,5,4,6,6,11,4,15,6,5,4,,1,5,6,32,6,1,4,5,4,3,6,4,4,13,6,9,4,1,6,5,4,22,6,9,4,1,6,5,4,,1,3,6,2,4,1,6,1,6,7,4,16,6,3,4,4,4,1,6,4,4,1,6,1,4,13,6,16,4,5,6,5,4,11,6,16,4,5,6,5,4,,1,5,6,1,4,2,6,4,4,12,6,1,4,1,6,1,4,46,6,4,4,33,6,4,4,,2,6,6,1,4,5,6,1,4,4,6,3,4,1,6,3,4,3,6,2,4,4,6,1,4,3,6,1,4,34,6,1,4,4,6,1,4,4,4,1,6,26,6,1,4,4,6,1,4,4,4,1,6,,0,3,6,3,4,1,6,1,4,1,6,3,4,1,6,4,4,3,6,1,4,3,6,3,4,2,6,8,4,1,6,5,4,1,6,34,4,4,6,2,4,3,6,28,4,4,6,2,4,,2,3,4,3,6,1,4,1,6,1,4,3,6,1,4,4,6,3,4,1,6,3,4,3,6,3,4,7,6,1,4,45,4,1,6,36,4,1,6,,1,3,6,2,4,2,6,1,4,1,6,3,4,1,6,4,4,3,6,1,4,4,6,2,4,3,6,7,4,1,6,4,4,1,6,1,4,13,6,6,4,5,6,4,4,6,6,4,4,12,6,6,4,5,6,4,4,6,6,4,4,,1,5,6,1,4,36,6,1,4,1,6,2,4,17,6,5,4,32,6,5,4,,0,2,6,3,4,1,6,3,4,1,6,16,4,1,6,5,4,2,6,2,4,1,6,5,4,1,6,1,4,2,6,4,4,2,6,5,4,5,6,1,4,9,6,7,4,3,6,5,4,2,6,5,4,5,6,1,4,9,6,7,4,3,6,,1,2,4,2,6,6,4,2,6,1,4,4,6,3,4,1,6,9,4,1,6,7,4,4,6,1,4,1,6,2,4,4,6,2,4,3,6,7,4,1,6,14,4,2,6,4,4,4,6,2,4,3,6,7,4,1,6,14,4,2,6,4,4,,1,3,6,1,4,6,6,1,4,3,6,3,4,3,6,1,4,21,4,1,6,1,4,2,6,9,4,2,6,35,4,2,6,,0,2,6,1,4,1,6,6,4,1,6,1,4,1,6,1,4,3,6,3,4,4,6,1,4,1,6,5,4,1,6,2,4,2,6,1,4,1,6,5,4,1,6,6,4,2,6,20,4,1,6,9,4,1,6,4,4,2,6,20,4,1,6,9,4,1,6,,1,17,4,3,6,21,4,1,6,4,4,4,6,7,4,2,6,4,4,5,6,5,4,4,6,7,4,3,6,7,4,2,6,4,4,5,6,5,4,4,6,7,4,,1,4,4,1,6,1,4,3,6,15,4,1,6,2,4,3,6,8,4,3,6,1,4,1,6,1,4,2,6,4,4,7,6,2,4,4,6,5,4,4,6,7,4,3,6,1,4,1,6,3,4,7,6,2,4,4,6,5,4,4,6,7,4,3,6,1,4,1,6,,1,6,6,1,4,71,4,1,6,36,4,1,6,,
;;;;;;;;b-a;A;Sõjamäe - Bussijaam - Estonia;1234567z;;13805-1,13803-1,13808-1,13801-1,13706-1,13704-1,13702-1,13701-1,13510-1,13509-1,13507-1,13505-1,13403-1,13401-1,13001-1,11603-2,11701-2,12307-1,21203-2;
+360,+20,+19,+21,+18,+18,+18,+18,+18,+18,+20,+20,+24,+24,+24,+24,+24,+24,+24,+24,+24,+24,+24,+24,+24,+22,+22,+20,+20,+18,+18,+18,+20,+20,+23,+23,+24,+24,+24,+24,+24,+24,+20,+27,+28,+20,+26,+26,-01013,+33,+33,+33,+33,+33,+29,+29,+29,+24,+24,+24,+24,+24,+24,+24,+28,+27,+26,+26,+27,+27,+26,+26,+26,+28,+26,+26,+34,+34,+36,+37,+32,+33,+30,-0975,+33,+33,+33,+33,+33,+29,+29,+29,+24,+24,+24,+24,+24,+24,+24,+28,+27,+26,+26,+27,+27,+26,+26,+26,+28,+26,+26,+34,+34,+36,+37,+32,+33,+30,,20666,,0,,12345,48,6,35,7,,1,2,6,1,4,,1,,1,8,6,2,4,,0,2,6,36,4,,1,,1,2,4,14,6,19,4,3,6,,0,2,6,24,4,1,6,7,4,1,6,3,4,12,6,26,4,9,6,26,4,,2,2,4,3,6,11,4,10,7,1,4,7,6,1,4,9,4,4,6,2,4,11,6,5,4,10,6,4,4,3,6,2,4,11,6,5,4,10,6,4,4,,1,5,4,6,6,65,4,4,6,31,4,4,6,,1,2,6,3,6,3,4,1,6,2,4,37,4,2,6,33,4,2,6,,1,80,4,3,6,32,4,,1,3,6,2,4,2,6,1,6,1,4,6,6,5,6,14,4,2,4,5,4,19,6,1,4,5,6,17,4,12,6,1,4,5,6,,1,6,6,1,4,,1,2,6,1,4,1,6,2,4,1,6,20,6,6,4,5,4,3,6,7,4,2,6,10,4,1,6,19,4,5,6,10,4,1,6,19,4,,1,4,6,4,4,1,6,2,4,1,6,3,4,1,6,4,4,4,6,1,6,1,4,15,4,7,6,2,4,10,6,16,4,4,6,5,4,10,6,16,4,4,6,,2,8,6,1,4,2,6,1,4,3,6,1,4,4,6,4,4,8,6,2,4,7,6,3,4,,2,5,6,1,6,1,4,4,4,2,6,2,4,2,6,3,4,4,6,1,4,1,6,6,4,4,6,1,4,23,6,5,4,30,6,5,4,,1,1,6,3,6,1,4,3,6,2,4,1,6,2,4,2,6,2,4,3,6,4,4,1,6,2,4,5,6,4,4,9,4,5,6,5,6,5,4,5,6,1,4,14,4,5,6,5,6,5,4,5,6,1,4,14,4,,
16;;;;;20661,,,,,,;;;a-b;A;Väike-Õismäe - Estonia - Tallinn-Väike;1234567z;;01610-1,01101-1,01102-1,01001-1,00901-1,00801-1,01403-1,02101-1,02103-1,02105-1,08202-1,00148-1,08001-1,07903-1,07905-1,08903-1,08904-1,11201-1,12003-1,21204-1,12309-1,12301-1,12504-1,12607-1,13302-1,13301-1,12909-1,12908-1,12911-1,12912-1,07501-1;
+330,+24,+24,+15,+15,+15,+15,+14,+13,+13,+13,+14,+14,+14,+14,+15,+15,+14,+14,+14,+14,+14,+14,+15,+15,+15,+15,+15,+15,+15,+15,+15,+15,+15,+16,+16,+16,+14,+14,+13,+13,+14,+14,+14,+14,+14,+14,+14,+14,+14,+14,+14,+15,+15,+16,+16,+16,+15,+15,+15,+15,+15,+16,+16,+16,+16,+16,+16,+17,+17,+19,+19,+16,-01091,+21,+21,+18,+19,+18,+18,+19,+19,+20,+20,+19,+19,+18,+18,+17,+17,+17,+17,+17,+16,+16,+16,+17,+18,+18,+18,+17,+17,+16,+15,+15,+15,+15,+16,+16,+16,+16,+16,+16,+16,+17,+18,+18,+20,+20,+21,+24,+24,+25,+26,+20,+19,+19,+19,+18,+19,+19,+19,+17,+17,-01062,+26,+23,+22,+23,+24,+24,+23,+24,+25,+25,+17,+17,+17,+17,+17,+17,+17,+17,+16,+16,+17,+17,+18,+18,+17,+17,+16,+16,+16,+17,+17,+16,+16,+16,+16,+17,+17,+17,+17,+18,+19,+19,+20,+23,+24,+25,+25,+25,+25,+24,+24,+24,+24,+18,,20661,,0,,12345,73,6,61,7,,0,8,6,53,4,12,6,4,4,51,6,8,4,48,6,,1,,1,8,4,53,6,12,4,4,6,51,4,8,6,48,4,,2,61,4,12,6,4,4,38,6,5,4,8,6,8,4,35,6,6,4,7,6,,1,61,6,12,4,7,6,35,4,5,6,3,4,16,6,32,4,6,6,3,4,,1,,2,8,6,37,6,3,4,12,4,7,4,10,6,38,6,5,4,3,6,5,4,6,4,2,6,35,6,6,4,3,6,4,4,,1,7,6,1,4,31,6,6,4,3,6,4,4,57,6,6,4,50,6,6,4,,1,60,6,1,4,67,4,6,6,50,4,,1,4,6,3,4,1,6,52,4,1,6,5,4,1,6,6,4,4,6,3,4,4,6,38,4,6,6,6,4,2,6,3,4,2,6,39,4,4,6,,2,7,6,1,4,37,6,2,4,20,4,6,6,4,4,3,6,47,4,7,6,2,4,2,6,46,4,,1,3,6,4,4,1,6,43,4,1,6,9,4,22,6,1,4,24,6,1,4,18,6,1,4,,1,7,6,1,4,36,6,1,4,77,6,1,4,41,6,1,4,,1,3,6,5,6,5,4,47,4,1,6,5,4,1,6,6,4,4,6,7,6,24,4,1,6,11,4,2,4,1,6,4,4,1,6,6,4,2,6,6,6,22,4,1,6,11,4,,1,67,4,6,6,11,4,24,6,34,4,22,6,,1,3,6,44,6,1,4,3,6,1,4,7,4,1,6,6,4,1,6,52,4,1,6,8,4,6,6,4,4,1,6,44,4,,2,67,4,12,6,48,4,1,6,6,4,4,6,41,4,1,6,,2,7,6,1,4,35,6,3,4,30,6,3,4,5,6,25,4,10,6,1,4,16,6,3,4,3,6,22,4,15,6,1,4,,2,3,6,4,4,1,6,4,4,1,6,38,4,1,6,8,4,22,6,1,4,26,6,10,4,1,6,2,4,18,6,2,4,22,6,15,4,,1,176,4,1,6,6,4,1,6,,1,3,4,4,6,1,4,4,6,1,4,25,6,9,4,1,6,4,4,8,6,1,4,6,6,6,4,6,6,3,4,1,6,26,4,13,6,1,4,12,6,1,4,2,6,2,4,2,6,22,4,12,6,1,4,6,6,1,4,,1,3,6,9,4,1,6,37,4,2,6,7,4,2,6,4,4,8,6,3,4,43,6,1,4,14,6,1,4,6,6,1,4,22,6,1,4,,1,3,6,1,4,2,6,5,4,1,6,1,4,24,6,18,4,4,6,1,4,13,4,1,6,2,6,3,4,3,6,1,4,26,6,10,4,17,6,2,4,2,6,1,4,24,6,11,4,,1,2,6,1,4,1,6,3,4,1,6,4,4,1,6,24,4,6,6,1,4,1,6,1,4,1,6,1,4,7,6,4,4,20,6,3,4,1,6,1,4,23,6,2,4,11,6,2,4,1,6,3,4,13,6,1,4,23,6,1,4,12,6,3,4,1,6,3,4,,1,42,6,1,4,1,6,1,4,29,4,2,6,1,4,1,6,1,4,1,6,54,4,1,6,1,4,1,6,,1,6,6,2,4,4,6,1,4,24,6,5,4,4,6,1,4,1,6,4,4,8,6,1,4,16,6,1,4,1,6,1,4,4,6,23,4,2,6,4,4,23,6,1,4,5,6,21,4,1,6,6,4,9,6,1,4,,2,6,4,2,6,4,4,1,6,33,4,1,6,1,4,4,6,3,4,6,6,4,4,9,6,2,4,6,6,1,4,24,6,2,4,4,6,7,4,14,6,2,4,2,6,1,4,1,6,2,4,28,6,5,4,,1,2,6,9,4,1,6,1,4,24,6,1,4,4,6,3,4,1,6,1,4,1,6,4,4,3,6,5,4,5,6,7,4,1,6,1,4,2,6,1,4,1,6,1,4,1,6,2,4,1,6,24,4,2,6,4,4,7,6,8,4,5,6,1,4,3,6,1,4,1,6,1,4,1,6,29,4,5,6,4,4,1,6,3,4,5,6,,1,50,4,1,6,7,4,1,6,8,4,5,6,4,4,1,6,3,4,2,6,39,4,1,6,1,4,3,6,1,4,1,6,5,4,1,6,5,4,1,6,1,4,1,6,27,4,1,6,6,4,1,6,1,4,1,6,1,4,3,6,5,4,,1,7,6,1,4,30,6,4,4,3,6,1,4,1,6,1,4,2,6,1,4,7,6,1,4,8,6,5,4,8,6,3,4,38,6,1,4,1,6,3,4,1,6,1,4,5,6,1,4,5,6,3,4,27,6,1,4,6,6,1,4,1,6,1,4,1,6,3,4,5,6,,
;;;;;;;;b-a;A;Tallinn-Väike - Estonia - Väike-Õismäe;1234567z;;07501-1,07502-1,07503-1,12910-1,12906-1,13201-1,13202-1,12502-1,12503-1,13103-1,21203-2,12401-1,11103-1,11102-1,08905-1,07906-1,07904-1,08302-1,08205-1,08203-1,08201-1,02110-1,02104-1,02102-1,01402-1,00802-1,00902-1,01002-1,01103-1,01606-1,01104-1;
+345,+24,+24,+16,+14,+15,+15,+15,+16,+15,+15,+13,+13,+13,+13,+13,+14,+14,+15,+15,+14,+14,+14,+14,+14,+15,+15,+15,+15,+15,+15,+15,+15,+15,+15,+15,+16,+16,+16,+15,+15,+14,+13,+14,+15,+15,+15,+13,+13,+13,+14,+13,+13,+13,+14,+15,+16,+16,+16,+15,+14,+14,+14,+15,+16,+15,+16,+14,+15,+15,+17,+17,+18,+18,-01099,+25,+22,+20,+20,+20,+19,+19,+19,+19,+21,+21,+19,+19,+18,+17,+18,+17,+17,+17,+17,+16,+16,+16,+17,+18,+18,+18,+17,+17,+16,+15,+15,+16,+15,+16,+17,+16,+16,+16,+16,+16,+17,+18,+18,+20,+20,+19,+23,+23,+24,+25,+21,+19,+18,+17,+18,+18,+19,+19,+17,-01044,+27,+24,+22,+25,+24,+25,+24,+24,+25,+25,+17,+17,+17,+17,+17,+17,+17,+16,+17,+16,+17,+17,+18,+18,+17,+17,+16,+17,+16,+18,+17,+16,+16,+16,+16,+17,+17,+17,+17,+18,+19,+18,+18,+23,+24,+24,+24,+25,+23,+24,+23,+24,+24,,20661,,0,,12345,74,6,61,7,,0,2,6,60,4,23,6,45,4,12,6,43,4,,1,49,4,13,6,23,4,2,6,33,4,10,6,12,4,2,6,32,4,9,6,,2,2,4,47,6,25,4,4,6,9,4,33,6,10,4,7,6,7,4,32,6,9,4,,1,2,6,4,6,3,4,59,4,6,6,13,6,33,4,9,4,1,6,14,6,32,4,,2,9,6,40,4,29,4,7,6,40,4,4,6,8,4,5,6,39,4,4,6,,0,4,6,2,4,35,6,20,4,17,6,9,4,38,6,4,4,7,6,8,4,37,6,4,4,,2,2,4,4,6,42,4,1,6,5,4,7,6,1,4,6,6,6,4,13,6,38,4,19,6,37,4,,1,2,6,2,4,44,6,1,4,5,6,7,4,1,6,6,4,,2,4,6,57,4,17,6,47,4,12,6,44,4,,3,2,6,36,6,3,4,13,4,7,6,4,4,9,6,4,4,7,6,35,4,14,6,3,4,5,6,33,4,6,6,1,4,6,6,,2,41,6,7,4,1,6,1,4,35,4,21,6,11,4,3,6,22,4,1,6,1,4,18,6,10,4,3,6,6,4,1,6,,2,5,6,2,4,30,6,1,4,10,6,1,4,1,6,3,4,1,6,7,4,4,6,2,4,3,4,8,6,39,6,2,4,15,4,2,6,25,6,1,4,10,6,2,4,10,4,1,6,3,4,,1,3,6,1,4,3,6,1,4,32,6,8,4,1,6,1,4,3,6,1,4,16,6,3,4,1,6,4,4,7,6,21,4,13,6,6,4,9,6,2,4,6,6,1,4,1,6,17,4,13,6,1,4,1,6,6,4,2,6,1,4,3,6,,2,8,6,1,4,4,6,28,4,27,4,5,6,1,4,4,6,6,6,1,4,35,4,5,6,9,4,2,6,5,6,1,4,34,4,6,6,2,4,1,6,3,4,,2,4,6,4,4,1,6,4,4,25,6,2,4,1,6,6,4,1,6,1,4,1,6,3,4,8,6,4,4,3,6,10,4,28,6,13,4,1,6,5,4,9,6,2,4,7,6,1,4,17,6,13,4,1,6,7,4,2,6,1,4,3,6,,1,5,6,2,4,1,6,1,4,4,6,5,4,19,6,1,4,2,6,8,4,1,6,1,4,4,6,6,4,25,6,2,4,18,6,1,4,36,6,1,4,,1,1,6,4,4,2,6,1,4,1,6,4,4,5,6,19,4,11,6,1,4,1,6,4,4,6,6,1,4,4,6,1,4,12,6,7,4,2,6,18,4,1,6,11,4,2,6,1,4,5,6,4,4,7,6,6,4,1,6,29,4,2,6,1,4,7,6,2,4,,1,5,6,2,4,1,6,1,4,4,6,5,4,18,6,12,4,1,6,1,4,4,6,5,4,14,4,1,6,11,6,21,4,11,6,2,4,1,6,4,4,4,4,1,6,13,6,1,4,1,6,17,4,11,6,2,4,1,6,5,4,,2,8,4,1,6,4,4,5,6,28,4,2,6,1,4,1,6,4,4,5,6,1,4,1,6,4,4,8,6,1,4,3,6,8,4,1,6,1,4,18,6,14,4,9,6,1,4,8,6,5,4,1,6,1,4,17,6,14,4,,1,3,6,2,4,3,6,28,4,10,6,2,4,1,6,3,4,1,6,6,4,26,6,1,4,1,6,18,4,1,6,7,4,6,6,6,4,4,6,5,4,2,6,1,4,5,6,1,4,1,6,17,4,1,6,6,4,8,6,5,4,4,6,3,4,,1,2,6,1,4,35,6,8,4,2,6,1,4,11,6,1,4,4,6,2,4,10,6,1,4,6,6,1,4,28,6,4,4,24,6,1,4,19,6,1,4,6,6,4,4,3,6,1,4,,1,2,4,2,6,5,4,4,6,5,4,18,6,2,4,8,6,2,4,1,6,1,4,2,6,1,4,1,6,6,4,1,6,3,4,3,6,1,4,6,6,3,4,1,6,6,4,2,6,26,4,5,6,3,4,5,6,3,4,6,6,7,4,2,6,18,4,1,6,6,4,4,6,3,4,6,6,4,4,3,6,,1,3,6,1,4,5,6,4,4,5,6,18,4,1,6,9,4,2,6,1,4,1,6,2,4,1,6,1,4,10,6,1,4,20,6,1,4,19,6,1,4,6,6,5,4,3,6,4,4,18,6,2,4,17,6,1,4,6,6,4,4,3,6,5,4,,1,2,6,1,4,1,6,47,4,1,6,1,4,1,6,5,4,1,6,1,4,4,6,1,4,2,6,6,4,3,6,1,4,6,6,21,4,1,6,7,4,4,6,2,4,5,6,1,4,3,6,1,4,12,6,2,4,1,6,24,4,4,6,3,4,5,6,1,4,,1,10,4,3,6,24,4,1,6,16,4,5,6,14,4,1,6,3,4,1,6,46,4,1,6,55,4,1,6,,2,4,4,1,6,3,4,2,6,3,4,23,6,2,4,1,6,9,4,1,6,1,4,1,6,1,4,1,6,7,4,1,6,3,4,2,6,1,4,6,6,1,4,3,6,8,4,1,6,1,4,18,6,1,4,7,6,5,4,1,6,9,4,1,6,5,4,1,6,1,4,1,6,5,4,1,6,1,4,24,6,6,4,1,6,8,4,2,6,3,4,,0,1,6,1,4,1,6,3,4,2,6,33,4,6,6,12,4,1,6,1,4,3,6,2,4,1,6,11,4,1,6,5,4,1,6,40,4,3,6,1,4,4,6,2,4,1,6,5,4,1,6,33,4,1,6,6,4,1,6,2,4,2,6,,1,1,4,1,6,1,4,1,6,1,4,1,6,41,4,1,6,1,4,1,6,18,4,6,6,5,4,5,6,2,4,1,6,30,4,1,6,10,4,1,6,4,4,1,6,3,4,4,6,31,4,2,6,7,4,1,6,5,4,1,6,,1,41,6,5,4,1,6,1,4,1,6,1,4,3,4,1,6,6,4,1,6,4,4,1,6,1,4,1,6,9,4,1,6,42,4,4,6,52,4,4,6,3,4,1,6,,0,1,6,7,4,30,6,1,4,7,6,1,4,1,6,1,4,1,6,1,4,1,6,2,4,5,6,3,4,3,6,1,4,1,6,6,4,4,6,28,4,1,6,7,4,4,6,1,4,2,6,4,4,1,6,5,4,3,6,1,4,1,6,1,4,1,6,6,4,1,6,25,4,3,6,8,4,1,6,3,4,3,6,1,4,,
18;;;;;20666,,,,,,;;;a-b;A;Viru keskus - Urda;1234567z;;21213-1,12101-1,12403-1,12603-1,11303-1,07408-1,07403-1,07405-1,06803-1,06802-1,06401-1,06407-1,06304-1,05707-1,05702-1,05705-1,05602-1,05203-1,05102-1,05104-1,04202-1,04203-1,04302-1,04405-1,04402-1,04505-1,20822-1,23396-1;
+347,+19,+20,+20,+22,+24,+25,+24,+26,+25,+32,+25,+26,+24,+22,+22,+22,+24,+24,+23,+22,+22,+25,+23,+22,+24,+24,+23,+23,+23,+29,+29,+31,+32,+29,+29,+29,+30,+27,+30,+31,+36,+27,-01051,+24,+25,+28,+28,+27,+28,+28,+40,+32,+25,+29,+29,+28,+29,+26,+31,+29,+28,+26,+30,+29,+30,+32,+34,+27,+31,+29,+30,+26,+31,+27,+31,+41,-0948,+29,+28,+28,+27,+28,+28,+40,+32,+25,+29,+29,+28,+29,+26,+31,+29,+28,+26,+30,+29,+30,+32,+34,+27,+31,+29,+30,+26,+31,+27,+31,+41,,20666,,0,,12345,43,6,34,7,,2,2,4,1,6,38,4,10,6,26,4,7,6,,1,2,6,1,4,24,6,11,4,3,6,10,4,17,6,7,4,2,6,7,4,17,6,7,4,,2,4,6,5,4,12,6,6,4,2,6,1,4,13,4,8,6,26,4,7,6,,2,2,4,1,6,25,6,1,4,1,6,1,4,45,4,1,6,32,4,,2,50,6,1,4,23,4,1,6,8,6,1,4,23,4,1,6,,2,41,4,2,6,30,4,1,6,32,4,1,6,,1,2,6,2,4,5,6,12,4,4,6,4,6,1,3,1,6,2,4,10,4,2,6,30,4,3,6,30,4,,1,1,6,1,4,2,6,5,4,4,6,22,4,3,6,1,4,4,6,7,4,1,6,17,4,7,6,8,4,1,6,17,4,7,6,,1,43,4,2,6,23,6,6,4,3,4,1,6,23,6,6,4,,1,1,6,9,6,3,4,16,6,1,4,38,4,6,6,27,4,6,6,,1,1,4,1,6,7,6,1,4,11,6,4,4,2,6,2,4,6,6,3,4,30,6,1,4,6,4,2,6,24,6,1,4,6,4,,1,1,6,3,4,9,6,2,4,1,6,5,4,5,6,1,4,2,6,4,4,17,6,1,4,18,6,5,4,1,6,2,4,6,6,1,4,18,6,5,4,1,6,,1,4,6,5,4,6,6,1,4,9,6,1,4,1,6,2,4,4,6,2,4,3,6,1,4,1,6,1,4,,1,10,6,3,4,13,6,1,4,3,6,1,4,4,6,3,4,1,6,1,4,,1,39,4,1,6,1,4,2,6,,1,9,6,1,4,6,6,9,4,4,6,1,4,1,6,2,4,6,6,1,4,1,6,2,4,2,6,5,4,1,6,18,4,9,6,5,4,1,6,18,4,,1,2,6,7,4,1,6,6,4,9,6,4,4,1,6,9,4,11,6,1,4,18,6,4,4,1,6,1,4,8,6,1,4,18,6,4,4,1,6,1,4,,2,1,6,1,4,7,6,1,4,11,6,4,4,4,6,1,4,20,4,1,6,32,4,1,6,,1,3,6,6,4,4,6,2,4,1,6,5,4,6,6,2,4,1,6,1,4,2,6,1,4,16,6,19,4,14,6,19,4,,1,1,6,2,4,6,6,4,4,2,6,1,4,5,6,6,4,1,6,2,4,1,6,2,4,1,6,2,4,3,6,2,4,2,6,7,4,27,6,6,4,,1,39,4,2,6,28,6,5,4,28,6,5,4,,1,1,4,1,6,26,4,1,6,6,4,1,6,33,4,5,6,28,4,5,6,,2,9,4,1,6,11,4,4,6,9,4,1,6,4,4,4,6,,1,1,6,1,4,7,6,1,4,11,6,4,4,3,6,1,4,1,6,1,4,3,6,1,4,15,6,18,4,15,6,18,4,,1,74,4,3,6,30,4,,1,,2,43,4,2,6,5,4,18,6,9,4,1,6,5,4,18,6,,
;;;;;;;;a1-b;A;Vana-Pääsküla - Urda;1234567z;;04402-1,04505-1,20822-1,23396-1;
+299,+20,+18,+22,-060,+26,+25,+24,+0,+22,,20666,,0,,12345,4,6,4,7,,1,4,4,,1,,1,4,6,,
;;;;;;;;b-a;A;Urda - Viru keskus;1234567z;;23396-1,23397-1,23847-1,20821-1,04401-1,04510-1,04301-1,04303-1,04201-1,05103-1,05101-1,05202-1,05601-1,05704-1,05701-1,05706-1,06303-1,06406-1,06402-1,06801-1,07404-1,07401-1,07301-1,11302-2,12601-1,12005-1,21201-1,12203-1;
+303,+20,+18,+22,+20,+22,+20,+22,+23,+24,+25,+24,+26,+24,+32,+25,+26,+25,+22,+22,+22,+24,+24,+23,+22,+22,+25,+23,+22,+25,+25,+23,+24,+26,+25,+29,+31,+29,+29,+29,+29,+30,+25,+28,+31,+33,-01120,+26,+25,+24,+22,+24,+28,+28,+28,+27,+28,+29,+41,+32,+25,+29,+29,+28,+29,+26,+31,+29,+28,+26,+30,+29,+30,+32,+34,+28,+30,+29,+30,+26,+28,+27,+30,+40,-0990,+22,+24,+28,+28,+28,+27,+28,+29,+41,+32,+25,+29,+29,+28,+29,+26,+31,+29,+28,+26,+30,+29,+30,+32,+34,+28,+30,+29,+30,+26,+28,+27,+30,+40,,20666,,0,,12345,46,6,38,7,,3,,1,46,4,4,6,34,4,1,6,,2,,1,6,6,33,4,,1,82,4,2,6,33,4,,1,3,6,5,6,3,4,35,4,3,6,5,6,19,4,16,6,19,4,,1,3,4,1,6,40,4,2,6,,1,3,6,1,4,1,6,4,4,2,6,22,4,,1,9,6,2,4,22,6,2,4,4,6,2,4,2,4,1,6,2,4,3,6,,1,4,6,29,4,2,6,4,4,2,6,8,4,3,6,27,4,8,6,27,4,,1,3,6,1,4,1,6,36,4,9,6,2,4,1,6,20,4,6,6,3,4,3,6,2,4,1,6,20,4,6,6,3,4,,1,33,6,2,4,6,6,1,4,10,6,1,4,20,6,5,4,9,6,1,4,20,6,5,4,,1,1,6,2,4,1,6,1,4,1,6,3,4,21,6,3,4,9,6,1,4,6,6,1,4,28,6,1,4,3,6,1,4,1,6,1,4,28,6,1,4,3,6,1,4,,1,1,4,1,6,3,6,1,4,3,6,21,4,5,6,4,4,10,4,1,6,32,4,1,6,1,4,1,6,32,4,1,6,,1,2,4,1,6,1,4,1,6,28,6,1,4,5,6,2,4,,1,2,6,1,4,1,6,1,4,1,6,4,4,20,6,3,4,1,6,1,4,19,6,22,4,6,6,1,4,6,6,22,4,6,6,1,4,,1,5,6,1,4,2,6,1,4,1,6,20,4,19,6,1,4,3,6,19,4,4,6,1,4,2,6,3,4,2,6,1,4,3,6,19,4,4,6,1,4,2,6,3,4,,2,2,4,1,6,1,4,2,6,1,6,1,4,2,4,19,6,3,4,1,6,1,4,1,6,4,4,2,6,1,4,9,6,1,6,1,4,24,6,1,4,1,4,3,6,2,4,2,6,1,6,1,4,24,6,1,4,1,4,3,6,,1,4,6,3,6,2,6,1,4,2,4,14,6,3,4,3,6,1,4,49,4,2,6,33,4,,1,2,6,6,6,1,4,1,6,1,4,1,6,14,4,8,6,1,4,7,4,8,6,28,4,1,6,4,4,2,6,28,4,1,6,4,4,,1,3,6,1,4,2,6,2,4,1,6,1,4,19,6,3,4,1,6,1,4,1,6,2,4,14,6,1,4,20,6,1,4,13,6,1,4,20,6,1,4,,2,2,4,3,6,4,4,1,6,19,4,1,6,5,4,2,6,4,4,1,6,35,4,1,6,1,4,4,6,29,4,1,6,1,4,4,6,,2,4,6,4,6,2,4,19,6,1,4,12,4,7,6,1,4,1,6,21,4,1,6,3,4,1,6,1,4,4,6,1,4,1,6,1,4,1,6,21,4,1,6,3,4,1,6,1,4,4,6,1,4,,1,2,6,2,4,1,6,4,4,1,6,23,4,1,6,8,4,8,6,1,4,1,6,21,4,3,6,1,4,2,6,3,4,3,6,1,4,1,6,21,4,3,6,1,4,2,6,3,4,,1,4,6,1,4,21,6,3,4,4,6,1,4,39,6,3,4,32,6,3,4,,2,6,6,2,4,1,6,1,4,22,6,1,4,17,4,1,6,25,4,1,6,2,4,5,6,1,4,1,6,25,4,1,6,2,4,,3,1,6,1,4,1,6,26,6,2,4,8,4,2,6,5,4,3,6,2,4,1,6,21,4,3,6,2,4,1,6,7,4,1,6,21,4,3,6,2,4,1,6,,
;;;;;20666,,,,,-46235,;;;b-a1;A;Urda - Vana-Pääsküla;12345z;;23396-1,23397-1,23847-1,20821-1,04401-1;
+1451,,20666,,0,,12345,,3,,1,,2,,1,,
19;;;;;20666,,,,,,;;;a-b;A;Reisadama D-terminal - Laagri alevik;1234567z;;10706-1,10707-1,00189-1,00183-1,12301-1,12504-1,11303-1,07302-1,07103-1,07208-1,07204-1,02605-1,02501-1,02403-1,02404-1,02904-1,02802-1,03612-1,03607-1,03604-1,03803-1,03705-1,03704-1,04001-1,04002-1,04605-1,04602-1,04502-1,04503-1,47342-1;
+389,+24,+24,+24,+25,+21,+21,+23,+23,+25,+21,+21,+18,+25,+25,+25,+26,+29,+28,+27,+27,+26,+23,+18,+19,+19,+19,+19,+21,+21,+21,+21,+21,+21,+25,+26,+26,+26,+25,+25,+25,+25,+29,+29,-0936,+32,+32,+31,+34,+35,+35,+34,+33,+32,+30,+30,+31,+29,+30,+30,+32,+32,+34,+33,+36,+34,+31,+32,+30,+30,+30,+30,+30,-0892,+32,+32,+31,+34,+35,+35,+34,+33,+32,+30,+30,+31,+29,+30,+30,+32,+32,+34,+33,+36,+34,+31,+32,+30,+30,+30,+30,+30,,20666,,0,,12345,44,6,29,7,,1,2,6,34,4,8,6,,3,1,6,27,6,2,4,4,4,10,6,13,6,7,4,7,4,2,6,13,6,7,4,7,4,,2,1,4,1,6,5,4,16,6,6,4,1,6,1,4,3,6,10,4,4,6,9,4,7,6,2,4,5,6,2,4,4,6,9,4,7,6,2,4,5,6,,1,1,6,1,4,5,6,16,4,1,6,4,4,1,6,1,4,1,6,3,4,13,6,1,4,9,6,7,4,2,6,5,4,5,6,1,4,9,6,7,4,2,6,5,4,,2,21,6,3,4,4,6,2,4,11,4,3,6,23,4,4,6,25,4,4,6,,3,1,6,6,4,11,6,6,6,5,4,1,6,1,4,6,4,7,6,3,4,1,6,9,4,7,6,2,4,1,6,9,4,1,6,9,4,7,6,2,4,1,6,,2,2,6,4,4,1,6,11,4,5,6,1,4,2,6,2,4,1,6,1,4,1,6,1,4,2,6,1,4,2,6,2,4,2,6,3,4,13,6,6,4,23,6,6,4,,1,10,4,7,6,7,6,2,4,12,4,1,6,,1,1,6,6,4,3,6,7,4,1,6,5,4,4,6,2,4,1,6,1,4,1,6,2,4,1,6,2,4,1,6,3,4,5,6,11,4,6,6,8,4,4,6,11,4,6,6,8,4,,2,2,4,4,6,12,4,2,6,1,4,1,6,5,4,1,6,2,4,1,6,1,4,2,6,1,4,2,6,1,4,3,6,2,4,14,6,6,4,8,6,1,4,14,6,6,4,8,6,1,4,,2,2,7,1,4,3,4,1,6,1,4,10,6,2,4,1,6,1,4,1,6,8,4,1,6,2,4,1,6,1,4,2,6,1,4,4,6,1,4,19,6,1,4,28,6,1,4,,3,2,6,1,6,2,4,2,4,13,6,3,4,4,6,1,4,2,6,1,4,6,4,2,6,2,4,8,6,13,4,2,6,3,4,11,6,13,4,2,6,3,4,,1,1,6,2,4,4,6,13,4,3,6,7,4,1,6,1,4,2,6,1,4,1,6,2,4,6,6,5,4,8,6,7,4,3,6,4,4,1,6,6,4,8,6,7,4,3,6,4,4,1,6,,1,3,6,2,4,15,6,3,4,9,6,2,4,1,6,1,4,2,6,1,4,25,6,3,4,26,6,3,4,,1,5,6,2,4,1,6,2,4,7,6,1,4,1,6,1,4,3,6,4,4,1,6,4,4,2,6,1,4,4,6,1,4,1,6,2,4,4,6,1,4,1,6,14,4,4,6,2,4,2,6,1,4,4,6,1,4,1,6,14,4,4,6,2,4,2,6,1,4,,2,8,4,2,6,7,4,1,6,1,4,1,6,8,4,4,6,2,4,1,6,4,4,1,6,1,4,7,6,1,4,14,6,1,4,2,6,1,4,2,6,2,4,6,6,1,4,14,6,1,4,2,6,1,4,2,6,2,4,,2,6,4,1,6,25,4,2,6,1,4,2,6,1,4,1,6,1,4,1,6,1,4,1,6,5,4,1,6,14,4,1,6,2,4,1,6,1,4,5,6,4,4,1,6,14,4,1,6,2,4,1,6,1,4,,1,6,6,1,4,1,6,1,4,8,6,1,4,1,6,1,4,7,6,3,4,2,6,2,4,1,6,2,4,3,6,1,4,1,6,1,4,5,6,1,4,14,6,1,4,4,6,1,4,8,6,1,4,14,6,1,4,4,6,1,4,,1,8,4,1,6,8,4,1,6,1,4,1,6,7,4,3,6,3,4,1,6,1,4,1,6,4,4,1,6,1,4,1,6,25,4,1,6,28,4,1,6,,1,36,4,1,6,2,4,1,6,1,4,1,6,,2,32,4,1,6,4,4,1,6,5,4,3,6,1,4,2,6,14,4,1,6,9,4,2,6,1,4,2,6,14,4,1,6,,1,6,4,1,6,31,4,1,6,7,4,1,6,10,4,6,6,4,4,1,6,2,4,1,6,4,4,1,6,10,4,6,6,4,4,1,6,2,4,1,6,,1,49,4,7,6,13,4,1,6,1,4,1,6,6,4,7,6,13,4,1,6,1,4,1,6,,0,6,6,1,4,1,6,2,4,7,6,3,4,4,6,7,4,1,6,2,4,1,6,1,4,2,6,1,4,4,6,1,4,5,6,7,4,1,6,6,4,4,6,1,4,1,6,3,4,6,6,7,4,1,6,6,4,4,6,1,4,1,6,3,4,,1,9,4,1,6,13,6,1,4,9,4,1,6,1,4,1,6,7,4,1,6,26,4,1,6,28,4,1,6,,1,9,6,1,4,10,6,1,4,1,6,1,4,1,6,6,4,27,4,6,6,4,4,1,6,18,4,6,6,4,4,1,6,,3,1,6,4,4,10,6,2,4,4,6,1,4,1,6,1,4,9,6,1,4,1,6,1,4,7,6,1,4,27,4,1,6,28,4,1,6,,2,1,4,4,6,1,4,1,6,1,4,2,6,5,4,2,6,1,4,9,6,2,4,2,6,1,4,2,6,1,4,1,6,2,4,19,6,6,4,4,6,1,4,3,6,1,4,14,6,6,4,4,6,1,4,3,6,1,4,,2,6,6,1,4,12,6,1,4,51,4,1,6,28,4,1,6,,
;;;;;;;;b-a;A;Laagri alevik - Reisisadama D-terminal;1234567z;;47342-1,04504-1,04501-1,04601-1,04101-1,04102-1,03702-1,03703-1,03706-1,03802-1,03605-1,03606-1,03613-1,02807-1,02801-1,02903-1,03001-1,03003-1,02601-1,02604-1,07203-1,07207-1,07102-1,07409-1,11301-1,16018-1,12503-1,13103-1,00182-1,00188-1,10701-1;
+360,+28,+27,+26,+27,+20,+18,+22,+20,+20,+21,+21,+23,+22,+21,+20,+21,+23,+25,+27,+25,+28,+29,+27,+28,+27,+23,+21,+19,+19,+19,+20,+20,+20,+19,+19,+20,+21,+26,+26,+25,+25,+25,+25,+25,+25,+25,-01021,+30,+30,+30,+30,+31,+30,+31,+33,+35,+35,+34,+34,+31,+30,+30,+32,+30,+30,+30,+32,+32,+33,+33,+35,+35,+30,+31,+30,+30,+29,-0946,+30,+30,+30,+30,+31,+30,+31,+33,+35,+35,+34,+34,+31,+30,+30,+32,+30,+30,+30,+32,+32,+33,+33,+35,+35,+30,+31,+30,+30,+29,,20666,,0,,12345,47,6,31,7,,2,45,4,,1,45,6,,3,1,6,7,4,39,4,1,6,30,4,1,6,,1,8,6,27,4,12,6,1,4,30,6,1,4,,0,2,6,5,4,28,6,10,4,8,6,13,4,18,6,13,4,,1,36,4,9,6,17,4,4,6,27,4,4,6,,1,7,6,1,4,45,4,9,6,22,4,9,6,,1,7,4,1,6,39,4,1,6,30,4,1,6,,2,4,6,4,4,,1,3,6,1,4,3,6,22,4,7,6,5,4,12,6,13,4,18,6,13,4,,1,1,6,2,4,,2,1,4,3,6,3,4,22,6,5,4,7,6,1,4,,0,3,6,1,4,4,6,21,4,5,6,2,4,6,6,3,4,2,6,1,4,3,6,2,4,13,6,3,4,9,6,1,4,3,6,2,4,13,6,3,4,,2,8,4,21,6,6,4,1,6,6,4,3,6,2,4,1,6,3,4,2,6,13,4,3,6,8,4,2,6,3,4,2,6,13,4,3,6,8,4,,1,2,6,1,4,1,6,30,4,1,6,1,4,6,6,3,4,2,6,1,4,4,6,1,4,13,6,3,4,8,6,2,4,4,6,1,4,13,6,3,4,8,6,,2,2,4,1,6,1,4,20,6,8,4,2,6,8,4,3,6,1,4,2,6,4,4,1,6,13,4,3,6,5,4,5,6,4,4,1,6,13,4,3,6,5,4,,1,3,6,3,4,1,6,17,4,8,6,2,4,13,4,1,6,18,6,2,4,6,6,2,4,2,4,1,6,18,6,2,4,6,6,2,4,,2,7,4,17,6,8,4,2,6,11,4,1,6,2,4,1,6,17,4,2,6,5,4,3,6,3,4,1,6,17,4,2,6,5,4,3,6,,1,1,6,2,8,4,3,17,4,1,6,6,4,1,6,2,4,15,4,2,6,19,4,3,6,7,4,2,6,19,4,3,6,,3,1,4,1,6,1,4,1,6,3,4,1,6,21,4,5,6,1,4,14,6,2,4,10,6,1,4,4,6,3,4,1,6,2,4,8,6,2,4,10,6,1,4,4,6,3,4,1,6,2,4,,1,1,6,1,4,1,6,1,4,3,6,1,4,16,6,1,4,1,6,8,4,1,6,6,4,1,6,1,4,2,6,1,4,2,6,1,4,2,6,10,4,1,6,6,4,4,6,4,4,3,6,1,4,2,6,10,4,1,6,6,4,4,6,4,4,,1,2,6,22,4,1,6,1,4,5,6,1,4,2,6,1,4,6,6,1,4,1,6,2,4,1,6,2,4,2,6,1,4,10,6,1,4,7,6,1,4,6,6,1,4,1,6,1,4,2,6,1,4,10,6,1,4,7,6,1,4,6,6,1,4,,2,2,4,1,6,4,4,16,6,8,4,1,6,2,4,1,6,6,4,1,6,1,4,2,6,1,4,2,6,2,4,1,6,10,4,1,6,5,4,1,6,1,4,1,6,4,4,3,6,1,4,1,6,2,4,1,6,10,4,1,6,5,4,1,6,1,4,1,6,4,4,3,6,,3,3,4,1,6,19,4,1,6,4,4,1,6,1,4,1,6,1,4,2,6,1,4,6,6,1,4,4,6,1,4,5,6,1,4,1,6,12,4,1,6,3,4,4,6,2,4,7,6,1,4,1,6,12,4,1,6,3,4,4,6,2,4,,2,28,6,1,4,1,6,1,4,14,4,2,6,5,4,1,6,1,4,2,6,6,4,4,6,2,4,2,6,4,4,2,6,7,4,1,6,1,4,2,6,6,4,4,6,2,4,2,6,4,4,2,6,,1,3,6,1,4,37,4,1,6,31,4,1,6,3,4,1,6,26,4,1,6,3,4,,2,2,6,1,4,1,6,2,4,1,6,18,6,3,4,2,4,1,6,7,4,3,6,1,4,10,6,1,4,1,6,2,4,6,6,4,4,2,6,2,4,13,6,1,4,1,6,2,4,6,6,4,4,2,6,2,4,,2,5,4,1,6,14,6,8,4,1,4,1,6,1,4,1,6,2,4,1,6,1,4,2,6,1,4,6,6,2,4,3,6,1,4,2,6,1,4,7,6,1,4,4,6,2,4,2,6,2,4,1,6,2,4,2,6,1,4,3,6,1,4,2,6,1,4,7,6,1,4,4,6,2,4,2,6,2,4,1,6,2,4,2,6,,1,1,6,3,4,1,6,18,6,6,4,6,4,4,6,2,4,1,6,3,4,2,6,3,4,1,6,2,4,1,6,7,4,1,6,5,4,1,6,3,4,1,6,1,4,2,6,1,4,2,6,3,4,1,6,2,4,1,6,7,4,1,6,5,4,1,6,3,4,1,6,1,4,2,6,1,4,,4,3,6,2,6,1,4,14,4,1,6,11,4,2,6,5,4,3,4,3,6,8,6,1,4,5,6,3,4,5,6,1,4,3,6,1,4,3,4,1,6,1,4,1,6,6,6,1,4,5,6,3,4,5,6,1,4,3,6,1,4,3,4,1,6,1,4,,
20;;;;;;;;a-b;A;Viru keskus - Teelise;1234567z;;21211-1,12101-1,12403-1,12603-1,11303-1,07408-1,07403-1,07405-1,07210-1,02605-1,02501-1,02502-1,03202-1,03106-1,03107-1,01802-1,03602-1,03604-1,03803-1,03705-1,03707-1,05004-1,04104-1,04607-1,04604-1,04506-1;
+399,+29,+27,+25,+26,+26,+25,+27,+28,+29,+29,+30,+30,+30,+31,+31,+31,+31,+31,+30,+24,+22,+27,+28,+30,+30,+28,+29,+29,+32,+30,+29,+30,+30,+29,+30,-0891,+50,+56,+55,+62,+68,+67,+62,+63,+58,+62,+66,+66,+62,+63,-0860,+50,+56,+55,+62,+68,+67,+62,+63,+58,+62,+66,+66,+62,+63,,20666,,0,,12345,36,6,15,7,,3,1,4,7,6,3,4,5,6,13,4,5,6,2,4,2,6,8,4,4,6,1,4,2,6,8,4,4,6,,1,3,6,5,4,3,6,13,4,5,6,3,4,,2,2,6,1,4,21,6,1,4,1,6,1,4,11,4,1,6,14,4,1,6,,2,25,6,1,4,1,6,2,4,,1,1,6,1,4,1,6,24,4,2,6,1,4,2,6,4,4,2,6,1,4,2,6,8,4,4,6,1,4,2,6,8,4,,2,6,4,2,6,3,4,5,6,8,4,2,6,3,4,1,6,3,4,3,6,5,4,2,6,2,4,4,6,1,4,1,6,5,4,2,6,2,4,4,6,1,4,,1,6,6,2,4,3,6,5,4,4,6,6,4,1,6,1,4,,3,3,4,1,6,2,4,10,6,4,6,4,3,4,6,2,4,9,6,4,4,2,6,4,4,1,6,1,4,3,6,4,4,2,6,4,4,1,6,,1,2,8,1,4,3,4,2,6,3,4,5,6,2,4,1,6,6,4,14,4,2,6,9,4,1,6,3,4,2,6,9,4,,3,1,6,2,6,1,3,14,6,7,4,3,4,2,6,2,4,7,6,5,4,6,6,1,4,3,6,5,4,6,6,,2,3,4,1,6,4,4,3,6,13,4,1,6,5,4,3,6,3,4,2,6,1,4,1,6,1,4,3,6,5,4,4,6,1,4,1,6,1,4,3,6,5,4,,2,3,6,1,4,4,6,8,4,16,6,1,4,,2,1,4,5,6,2,4,8,6,12,4,2,6,2,4,4,6,2,4,1,6,6,4,4,6,1,4,1,6,2,4,1,6,6,4,4,6,1,4,,1,1,6,5,4,22,6,2,4,3,6,1,4,4,6,1,4,14,6,1,4,,3,1,4,5,6,13,6,1,4,3,6,1,4,3,4,22,4,1,6,14,4,1,6,,1,1,6,5,4,2,6,2,4,6,6,9,4,2,6,1,4,2,6,3,4,1,6,2,4,4,6,4,4,1,6,5,4,5,6,4,4,1,6,5,4,,2,1,4,5,6,2,4,2,6,6,4,4,6,3,4,2,6,2,4,1,6,2,4,8,6,2,4,3,6,2,4,8,6,2,4,3,6,2,4,,1,,2,27,4,3,6,8,4,1,6,4,4,2,6,4,4,1,6,3,4,1,6,4,4,2,6,4,4,1,6,,1,25,4,1,6,13,4,1,6,14,4,1,6,,2,1,6,5,4,2,6,18,4,1,6,3,4,,1,10,4,6,6,6,4,1,6,13,4,2,6,2,4,1,6,5,4,3,6,2,4,2,6,2,4,1,6,5,4,3,6,,1,10,6,6,4,6,6,1,4,17,6,1,4,14,6,1,4,,1,6,6,2,4,9,6,1,4,15,6,1,4,2,6,2,4,8,6,3,4,2,6,2,4,8,6,3,4,,2,1,6,2,4,13,6,1,4,1,6,2,4,13,4,1,6,5,6,1,4,8,4,1,6,5,6,1,4,8,4,1,6,,
;;;;;20666,,,,,-46235,;;;a2-b;A;Lepistiku - Teelise;12345z;;02501-1,02502-1,03202-1,03106-1,03107-1,01802-1,03602-1,03604-1,03803-1,03705-1,03707-1,05004-1,04104-1,04607-1,04506-1;
+338,+24,+24,,20666,,0,,12345,,2,,2,,1,,1,,3,,1,,2,,1,,2,,1,,2,,1,,1,,3,,
;;;;;20666,,,,,,;;;b-a;A;Teelise - Viru keskus;1234567z;;04510-1,04601-1,04101-1,04102-1,03702-1,03703-1,03706-1,03802-1,03603-1,03601-1,03505-1,03405-1,03401-1,03304-1,02402-1,02601-1,02604-1,07209-1,07404-1,07401-1,07301-1,11302-2,12601-1,12005-1,21201-1,12203-1;
+343,+24,+24,+24,+24,+24,+27,+29,+30,+30,+31,+30,+30,+30,+31,+31,+31,+31,+31,+29,+21,+20,+29,+29,+30,+30,+31,+30,+30,+30,+30,+30,+30,+30,+30,+30,+30,+30,-0906,+61,+56,+63,+67,+64,+61,+60,+63,+63,+67,+66,+60,+60,+52,+53,-0916,+61,+56,+63,+67,+64,+61,+60,+63,+63,+67,+66,+60,+60,+52,+53,,20666,,0,,12345,38,6,16,7,,2,37,4,1,6,14,4,2,6,14,4,,1,4,6,5,4,12,6,6,4,23,4,2,6,14,4,2,6,,0,1,6,3,4,2,6,15,4,6,6,7,4,3,6,1,4,12,6,4,4,12,6,,1,1,4,2,6,25,4,6,6,,1,2,6,1,4,2,6,1,4,43,4,5,6,11,4,,1,2,4,1,6,,1,1,6,36,4,1,6,12,4,4,6,12,4,,1,6,6,1,4,29,4,1,6,,2,35,4,1,6,12,4,2,6,14,4,2,6,,2,1,4,1,6,1,4,1,6,3,6,1,4,30,4,10,6,2,4,14,6,2,4,,1,,1,,2,1,6,1,4,2,6,4,4,1,6,11,4,1,6,5,4,14,6,8,4,8,6,8,4,,2,1,4,1,6,18,6,1,4,5,6,1,4,25,4,2,6,14,4,,2,1,6,5,6,1,4,2,4,18,6,7,4,1,6,2,4,2,6,1,4,12,6,2,4,1,6,1,4,12,6,,2,1,4,1,6,2,8,2,4,1,6,1,3,15,6,3,3,9,4,2,6,15,4,2,6,14,4,,1,1,6,1,4,1,6,24,4,1,6,1,4,5,6,5,4,1,6,9,4,1,6,1,4,1,6,3,4,1,6,9,4,1,6,1,4,1,6,,4,3,6,4,4,43,4,1,6,15,4,1,6,,2,1,4,1,6,1,4,4,6,1,4,1,6,14,4,4,6,1,4,1,6,5,4,18,4,2,6,14,4,,1,1,6,1,4,1,6,6,4,8,6,3,4,1,6,6,4,1,6,1,4,5,6,4,4,1,6,8,4,2,6,2,4,1,6,2,4,1,6,8,4,2,6,2,4,1,6,,3,3,4,1,6,3,4,1,6,9,4,3,6,8,4,1,6,8,4,1,6,1,4,6,6,4,4,5,6,1,4,6,6,4,4,,2,34,4,3,6,1,4,1,6,6,4,4,6,4,4,2,6,6,4,4,6,4,4,,1,3,6,1,4,15,6,2,4,13,6,2,4,11,6,2,4,4,6,1,4,9,6,2,4,4,6,,2,20,6,3,4,3,6,2,4,6,4,2,6,1,4,1,6,9,4,2,6,4,4,1,6,9,4,2,6,4,4,,4,1,4,1,6,17,4,1,6,7,4,1,6,5,4,1,6,3,4,4,6,1,4,2,6,5,4,4,6,1,4,3,6,1,4,2,6,5,4,4,6,,
21;;;;;;;;a-b;A;Viru keskus - Landi;1234567z;;21214-1,12101-2,12401-1,11103-1,11102-1,08905-1,08901-1,07902-1,08602-1,08802-1,08801-1,00309-1,00308-2,00307-2,00306-1,00300-1,00299-1,00125-1,00126-1,00127-1,00112-1,00130-1,00109-1;
+367,+18,+14,+16,+19,+16,+16,+16,+16,+19,+20,+19,+24,+24,+23,+25,+22,+14,+20,+22,+19,+22,+22,+19,+20,+24,+22,+18,+17,+20,+20,+17,+18,+18,+20,+19,+20,+21,+21,+21,+25,+25,+25,+21,+16,+20,+21,+20,+22,+19,+22,+21,+20,+22,-01027,+31,+31,+33,+34,+36,+38,+42,+38,+40,+36,+36,+36,+36,+36,+38,+34,+35,+39,+36,+40,+41,+36,+34,+34,+35,+33,+32,+35,-01005,+31,+31,+33,+34,+36,+38,+42,+38,+40,+36,+36,+36,+36,+36,+38,+34,+35,+39,+36,+40,+41,+36,+34,+34,+35,+33,+32,+35,,20666,,0,,12345,54,6,29,7,,3,4,4,7,6,14,4,14,6,15,4,,2,7,6,5,4,16,6,11,4,14,4,1,6,7,6,17,4,12,6,17,4,,2,12,6,1,4,1,6,14,4,6,6,3,4,2,6,2,4,,1,1,6,6,4,6,6,1,4,14,6,6,4,3,6,2,4,2,6,2,4,10,6,1,4,6,6,18,4,11,6,18,4,,3,1,4,26,6,1,4,6,6,4,3,1,6,14,4,1,6,6,4,1,6,28,4,1,6,,2,32,6,2,4,4,6,1,4,15,4,3,6,26,4,3,6,,1,7,6,6,4,1,6,18,4,2,6,3,4,2,6,3,4,1,6,5,4,,2,7,4,6,6,1,4,18,6,2,4,3,6,2,4,,1,27,6,5,4,2,6,3,4,2,6,2,4,1,6,1,4,10,6,1,4,6,6,15,4,14,6,15,4,,1,27,4,4,6,3,4,3,6,2,4,2,6,1,4,1,6,9,4,2,6,20,4,1,6,28,4,1,6,,1,5,6,26,4,1,6,6,4,1,6,10,4,3,6,,1,4,6,1,4,22,6,5,4,6,6,1,4,3,6,1,4,6,6,3,4,2,4,4,6,18,4,11,6,18,4,,1,1,6,3,4,3,6,20,4,7,6,4,4,1,6,3,4,1,6,2,4,1,6,1,4,28,4,1,6,28,4,1,6,,2,1,4,3,6,3,4,6,6,11,4,1,6,12,4,1,6,3,4,1,6,1,4,2,6,1,4,1,6,4,4,1,6,8,4,1,6,28,4,1,6,,1,1,6,3,4,3,6,6,4,11,6,1,4,12,6,1,4,3,6,1,4,1,6,2,4,1,6,1,4,13,6,1,4,28,6,1,4,,1,1,4,3,6,7,4,2,6,,1,1,6,3,4,1,6,2,4,4,6,13,4,1,6,12,4,1,6,3,4,1,6,1,4,2,6,1,4,1,6,1,4,3,6,1,4,9,6,15,4,14,6,15,4,,2,1,4,3,6,1,4,2,6,4,4,13,6,1,4,2,6,3,4,2,6,2,4,3,6,2,4,2,6,1,4,1,6,4,4,1,6,3,4,1,6,2,4,,1,7,4,4,6,42,4,1,6,,1,52,4,1,6,,1,16,6,8,4,6,6,2,4,15,6,1,4,30,6,1,4,28,6,1,4,,0,1,6,3,4,1,6,11,4,8,6,3,4,7,6,4,4,1,6,6,4,1,6,1,4,5,6,26,4,1,6,28,4,1,6,,
;;;;;;;;b-a;A;Landi - Viru keskus;1234567z;;00109-1,00131-1,00111-1,00128-1,00113-1,00122-1,00301-1,00311-1,00601-1,00602-2,00701-1,00702-1,08701-1,08702-1,08601-1,07901-1,07905-1,08903-1,08904-1,11201-1,12003-3,21201-1,21206-1,12203-1;
+321,+23,+21,+21,+20,+16,+16,+18,+19,+18,+17,+17,+17,+17,+19,+18,+24,+24,+26,+22,+17,+20,+22,+22,+20,+19,+22,+15,+23,+23,+23,+15,+20,+21,+21,+17,+19,+19,+21,+19,+21,+20,+21,+22,+21,+20,+24,+20,+20,+20,+20,+21,+21,+20,+17,+20,-01071,+31,+28,+28,+32,+34,+33,+33,+37,+42,+41,+39,+37,+36,+36,+36,+36,+35,+38,+34,+36,+40,+37,+40,+39,+37,+35,+30,+35,+35,+33,-01063,+31,+28,+28,+32,+34,+33,+33,+37,+42,+41,+39,+37,+36,+36,+36,+36,+35,+38,+34,+36,+40,+37,+40,+39,+37,+35,+30,+35,+35,+33,,20666,,0,,12345,56,6,31,7,,0,,2,50,4,6,6,,1,45,4,5,6,6,4,3,6,5,4,26,6,5,4,,1,45,6,5,4,,1,50,6,9,4,5,6,26,4,5,6,,2,50,4,12,6,19,4,12,6,19,4,,1,,1,32,6,11,4,,1,3,6,29,4,11,6,6,4,1,6,6,4,3,6,21,4,10,6,21,4,,1,32,6,11,4,16,6,5,4,26,6,5,4,,1,18,6,24,4,1,6,7,4,6,6,3,4,5,6,26,4,5,6,,2,18,4,38,6,,1,56,4,3,6,22,4,9,6,22,4,,1,18,6,14,4,3,6,3,4,4,6,2,4,12,6,24,4,1,6,30,4,1,6,,1,43,4,1,6,12,4,3,6,22,4,9,6,22,4,,1,2,6,27,6,3,6,3,4,7,4,1,6,1,4,,1,56,4,3,6,5,4,26,6,5,4,,2,2,4,1,6,29,4,2,6,9,4,,2,42,4,1,6,13,4,3,6,28,4,3,6,,1,2,6,30,6,2,4,1,6,2,4,12,4,6,6,9,6,16,4,15,6,16,4,,3,3,4,1,6,6,4,7,6,1,4,13,6,1,4,1,6,1,6,1,4,10,4,4,6,2,4,11,6,2,4,29,6,2,4,,2,17,4,1,6,13,4,1,6,2,4,1,6,1,4,1,6,4,4,1,6,1,4,2,6,5,4,1,6,4,4,4,6,3,4,2,6,16,4,10,6,3,4,2,6,16,4,,1,3,6,7,6,1,4,25,6,1,4,22,4,1,6,18,4,2,6,10,4,1,6,18,4,2,6,,
22;;;;;;;;a-b;A;Väike-Õismäe - Kakumäe;1234567z;;01610-1,01101-1,01102-1,01001-1,00901-1,00903-1,00307-2,00306-1,00305-1,00304-1,00303-1,00203-1,00202-1,00201-1,00114-1,00112-1,00130-1,00110-1,00108-1,00106-1,00104-1,00102-1,00101-1;
+343,+34,+34,+32,+35,+40,+41,+38,+33,+33,+33,+31,+31,+32,+30,+36,+33,+34,+37,+30,+34,+35,+44,+41,+32,+33,+39,+37,+57,+68,-01031,+61,+64,+64,+83,+65,+64,+64,+60,+62,+62,+64,+78,+59,+59,+54,+56,-01019,+61,+64,+64,+83,+65,+64,+64,+60,+62,+62,+64,+78,+59,+59,+54,+56,,20666,,0,,12345,30,6,17,7,,1,,1,,0,2,6,28,4,2,6,14,4,3,6,14,4,,2,2,4,29,6,1,4,14,6,1,4,1,6,1,4,14,6,,1,,2,2,6,22,4,22,4,1,6,16,4,,1,24,6,7,4,1,6,11,4,3,6,2,4,1,6,11,4,3,6,,1,28,4,3,6,1,4,1,6,8,4,2,6,3,4,2,6,1,4,1,6,8,4,2,6,3,4,,1,,1,,0,3,6,21,4,4,6,5,4,8,6,2,4,4,6,3,4,8,6,2,4,,1,6,4,6,6,17,4,3,6,10,4,1,6,4,4,2,6,10,4,1,6,,1,1,6,2,4,3,6,6,4,12,6,3,4,2,6,3,4,1,6,8,4,1,6,2,4,3,6,2,4,1,6,8,4,1,6,2,4,,1,15,6,7,4,5,6,1,4,,2,15,4,3,6,6,4,4,6,1,4,2,6,9,4,1,6,1,4,2,6,3,4,1,6,9,4,1,6,1,4,2,6,,1,3,6,3,4,9,6,3,4,,0,6,6,1,4,5,6,3,4,7,6,6,4,1,6,2,4,1,6,1,4,7,6,5,4,2,6,1,4,1,6,1,4,7,6,5,4,,2,1,4,1,6,1,4,4,6,5,4,3,6,7,4,9,6,1,4,16,6,1,4,,0,1,6,1,4,1,6,4,4,5,6,3,4,7,6,8,4,2,6,11,4,2,6,2,4,2,6,11,4,2,6,,1,27,4,1,6,1,4,1,6,2,4,1,6,8,4,2,6,2,4,2,6,2,4,1,6,8,4,2,6,2,4,,1,18,6,4,4,5,6,1,4,1,6,1,4,2,6,1,4,8,6,1,4,7,6,1,4,8,6,1,4,,2,1,4,1,6,1,4,4,6,11,4,13,6,1,4,1,6,7,4,2,6,1,4,5,6,1,4,1,6,7,4,2,6,1,4,,
;;;;;;;;b-a;A;Kakumäe - Väike-Õismäe;1234567z;;00101-1,00103-1,00105-1,00107-1,00124-1,00131-1,00111-1,00128-1,00113-1,00122-1,00301-1,00311-1,00601-1,00602-2,01004-1,00902-1,01002-1,01103-1,01606-1,01104-1;
+366,+35,+35,+33,+35,+40,+41,+37,+33,+33,+33,+31,+32,+32,+30,+36,+33,+34,+37,+30,+34,+35,+44,+41,+31,+33,+39,+37,+56,+67,-01029,+64,+61,+64,+83,+65,+64,+64,+60,+62,+62,+64,+76,+59,+58,+54,+55,-01015,+64,+61,+64,+83,+65,+64,+64,+60,+62,+62,+64,+76,+59,+58,+54,+55,,20666,,0,,12345,30,6,17,7,,1,46,4,1,6,16,4,,0,46,6,1,4,16,6,,1,,1,,1,42,4,5,6,12,4,,1,2,6,3,4,37,6,2,4,15,6,2,4,,0,1,6,27,4,5,6,9,4,2,6,3,4,3,6,9,4,2,6,,1,26,4,2,6,18,4,1,6,16,4,,2,1,4,1,6,1,4,2,6,1,4,13,6,2,4,5,6,2,4,4,6,1,4,16,6,1,4,,1,1,6,4,4,1,6,13,4,2,6,3,4,4,6,4,4,1,6,11,4,2,6,3,4,1,6,11,4,2,6,,1,46,4,1,6,16,4,,1,2,6,20,4,2,6,4,4,,2,1,4,18,6,2,4,1,6,2,4,8,6,2,4,15,6,2,4,,1,1,6,1,6,20,4,6,4,2,6,4,6,8,4,9,6,8,4,,1,30,4,1,6,10,4,1,6,5,4,1,6,10,4,1,6,,1,6,4,9,6,11,4,2,6,3,4,1,6,14,4,1,6,1,4,1,6,14,4,,1,15,4,2,6,2,4,2,6,8,4,1,6,2,4,9,6,1,4,4,6,3,4,9,6,1,4,4,6,,0,1,6,27,4,1,6,,1,1,4,1,6,3,4,1,6,15,4,10,6,10,4,1,6,4,4,2,6,10,4,1,6,4,4,,
23;;;;;20661,,,,,,;;;a-b;A;Kadaka - Bussijaam;1234567z;;03505-1,03404-1,03504-1,02805-1,02803-1,05401-1,05406-1,06201-1,06203-1,06701-1,07201-1,07203-1,07207-1,07102-1,06901-1,06904-1,07807-1,08904-1,11201-1,12003-2,21204-1,12309-1,12301-1,13102-1,12904-1,11601-1;
+321,+17,+17,+14,+14,+13,+13,+12,+12,+11,+12,+12,+14,+13,+14,+14,+14,+17,+16,+17,+16,+18,+19,+18,+20,+20,+18,+17,+18,+19,+19,+19,+18,+18,+19,+19,+17,+15,+13,+13,+12,+13,+12,+13,+13,+15,+15,+16,+15,+16,+18,+18,+18,+17,+17,+19,+18,+18,+18,+17,+18,+20,+18,+19,+19,+19,+24,-01075,+21,+21,+21,+21,+20,+20,+20,+20,+21,+20,+20,+20,+20,+20,+20,+20,+20,+19,+20,+20,+16,+18,+18,+17,+17,+17,+16,+19,+18,+19,+20,+21,+21,+18,+18,+18,+20,+20,+20,+19,+22,+20,+20,+21,+20,+21,+21,+21,+21,+21,+21,+21,+21,+22,-01025,+21,+21,+20,+20,+20,+20,+21,+20,+20,+20,+20,+20,+20,+20,+20,+19,+20,+20,+16,+18,+18,+17,+17,+17,+16,+19,+18,+19,+20,+21,+21,+18,+18,+18,+20,+20,+20,+19,+22,+20,+20,+21,+20,+21,+21,+21,+21,+21,+21,+21,+21,+22,,20661,,0,,12345,67,6,55,7,,1,2,6,6,4,34,6,3,4,11,6,7,4,13,6,35,4,18,6,35,4,,1,2,4,6,6,33,6,1,4,3,6,1,4,30,4,35,6,18,4,35,6,,1,1,6,1,6,6,4,1,6,8,4,15,6,9,4,5,6,4,4,28,6,29,4,24,6,29,4,,2,1,4,1,6,30,4,9,6,18,4,4,6,3,4,6,6,6,4,29,6,4,4,1,6,6,4,7,6,6,4,29,6,4,4,1,6,6,4,,3,8,6,13,4,5,6,6,6,9,6,7,4,1,3,1,6,6,4,3,6,1,4,3,4,3,6,1,4,9,6,12,6,9,4,15,4,6,6,1,4,10,6,12,6,9,4,15,4,6,6,1,4,,0,1,6,1,4,6,6,3,6,5,4,1,4,4,6,27,6,2,4,9,4,1,6,16,4,1,6,11,4,9,6,32,4,1,6,11,4,9,6,,2,1,4,1,6,9,4,4,6,17,4,5,6,11,4,2,6,5,4,1,6,1,4,2,6,3,4,1,6,1,4,9,6,4,4,1,6,31,4,3,6,6,4,8,6,4,4,1,6,31,4,3,6,6,4,,1,1,6,7,4,1,6,6,4,1,6,5,4,11,6,5,4,3,6,1,4,1,6,9,4,4,6,1,4,1,6,2,4,3,6,1,4,1,6,9,4,4,6,1,4,12,6,7,4,12,6,3,4,6,6,8,4,4,6,1,4,12,6,7,4,12,6,3,4,6,6,,2,1,4,7,6,7,6,1,3,5,6,11,4,4,6,4,4,1,6,5,4,2,6,7,4,1,6,1,4,2,6,3,4,13,6,2,4,1,6,12,4,7,6,12,4,3,6,6,4,10,6,2,4,1,6,12,4,7,6,12,4,3,6,6,4,,1,8,6,7,4,1,6,10,4,5,6,5,4,1,6,5,4,4,6,4,4,1,6,5,4,1,6,3,4,12,6,3,4,34,6,3,4,6,6,1,4,6,6,3,4,34,6,3,4,6,6,1,4,,2,26,6,5,4,5,6,1,4,5,6,6,4,29,6,1,4,12,6,7,4,21,4,1,6,11,6,1,4,12,6,7,4,21,4,1,6,,1,6,6,20,4,5,6,5,4,1,6,8,4,3,6,7,4,1,6,1,4,3,6,4,4,3,6,5,4,4,6,1,4,1,6,12,4,7,6,12,4,9,6,7,4,4,6,1,4,1,6,12,4,7,6,12,4,9,6,,2,6,4,5,6,2,4,2,6,1,4,10,6,5,4,5,6,1,4,8,6,3,4,9,6,2,4,5,6,3,4,8,6,1,4,33,6,2,4,1,6,5,4,11,6,1,4,33,6,2,4,1,6,5,4,,1,5,6,6,4,2,6,2,4,1,6,20,4,1,6,9,4,2,6,9,4,2,6,3,4,10,6,3,4,1,6,33,4,2,6,1,4,5,6,1,4,7,6,3,4,1,6,33,4,2,6,1,4,5,6,1,4,,2,5,4,2,6,14,4,11,6,5,4,3,6,2,4,4,6,3,4,1,6,1,4,4,6,1,4,1,6,6,4,4,6,5,4,2,6,2,4,1,6,1,4,10,6,9,4,12,6,2,4,7,6,1,4,3,6,3,4,2,6,2,4,1,6,1,4,10,6,9,4,12,6,2,4,7,6,1,4,,1,21,6,5,4,5,6,1,4,5,6,3,4,2,6,4,4,3,6,1,4,1,6,4,4,7,4,1,6,13,6,1,4,3,6,8,4,9,6,5,4,27,6,1,4,3,6,8,4,9,6,5,4,,2,9,6,9,4,8,6,5,4,5,6,1,4,9,6,3,4,7,6,1,4,10,4,5,6,7,6,1,4,22,6,1,4,19,4,3,6,7,6,1,4,22,6,1,4,,1,1,6,15,4,1,6,31,4,1,6,7,4,1,6,3,4,2,6,12,4,1,6,1,4,1,6,2,4,2,6,16,4,6,6,6,4,2,6,7,4,1,6,8,4,1,6,1,4,1,6,2,4,2,6,16,4,6,6,6,4,2,6,7,4,1,6,,2,16,6,1,4,39,6,1,4,3,6,1,4,13,6,1,4,52,6,1,4,,2,6,6,1,4,1,6,8,4,2,6,3,4,11,6,4,4,1,6,14,4,4,6,1,4,1,6,1,4,3,6,1,4,4,4,1,6,9,6,1,4,1,6,3,4,16,6,14,4,18,6,1,4,1,6,3,4,16,6,14,4,,2,1,4,4,6,1,4,3,4,1,6,21,6,1,4,29,4,1,6,,0,2,6,3,4,2,6,1,4,1,6,1,4,1,6,2,4,3,6,2,4,3,6,10,4,1,6,5,4,3,6,6,4,2,6,1,4,2,6,4,4,3,6,1,4,2,6,2,4,3,6,1,4,4,6,1,4,1,6,1,4,1,6,1,4,1,6,1,4,3,6,16,4,14,6,6,4,1,6,1,4,3,6,5,4,1,6,1,4,1,6,1,4,3,6,16,4,14,6,6,4,1,6,1,4,,1,2,4,3,6,2,4,1,6,8,4,1,6,9,4,5,6,1,4,4,6,9,4,1,6,8,4,1,6,7,4,1,6,3,4,1,6,6,4,1,6,1,4,1,6,1,4,1,6,3,4,9,6,4,4,3,6,14,4,1,6,1,4,4,6,1,4,1,6,3,4,2,6,1,4,2,6,1,4,1,6,1,4,1,6,3,4,9,6,4,4,3,6,14,4,1,6,1,4,4,6,1,4,1,6,,1,3,6,2,4,2,6,1,4,5,6,1,4,1,6,2,4,9,6,5,4,1,6,4,4,9,6,1,4,8,6,1,4,17,6,6,4,1,6,11,4,4,6,8,4,7,6,1,4,3,6,4,4,8,6,6,4,1,6,11,4,4,6,8,4,7,6,1,4,3,6,4,4,,2,8,6,1,4,1,6,1,4,3,6,1,4,22,6,3,4,1,6,1,4,4,6,2,4,16,4,2,6,12,6,1,4,23,6,5,4,6,4,4,6,14,6,1,4,23,6,5,4,6,4,4,6,,
;;;;;;;;b-a;A;Bussijaam - Kadaka;1234567z;;11601-1,12903-1,13104-1,13103-1,21203-2,12402-1,11103-1,11102-1,07809-1,07808-1,06905-1,07104-1,07103-1,07208-1,07204-1,06703-1,06702-1,06204-1,06202-1,05407-1,05403-1,02804-1,02806-1,02807-1,03501-1,01801-1;
+359,+20,+17,+15,+14,+15,+13,+14,+13,+14,+13,+13,+14,+14,+13,+13,+15,+14,+15,+15,+16,+18,+19,+19,+19,+19,+19,+19,+19,+19,+19,+19,+19,+18,+18,+18,+18,+16,+12,+13,+13,+13,+14,+13,+14,+15,+14,+15,+14,+16,+15,+18,+18,+17,+18,+18,+17,+18,+18,+17,+17,+18,+18,+17,+18,+20,+21,-01070,+21,+20,+21,+21,+21,+20,+21,+21,+20,+21,+20,+19,+20,+20,+22,+20,+20,+19,+19,+18,+18,+18,+18,+18,+17,+16,+17,+17,+18,+19,+20,+20,+20,+19,+18,+19,+19,+20,+20,+20,+21,+21,+20,+20,+20,+20,+21,+21,+21,+20,+21,+21,+21,+22,-01024,+21,+21,+21,+20,+21,+21,+20,+21,+20,+19,+20,+20,+22,+20,+20,+19,+19,+18,+18,+18,+18,+18,+17,+16,+17,+17,+18,+19,+20,+20,+20,+19,+18,+19,+19,+20,+20,+20,+21,+21,+20,+20,+20,+20,+21,+21,+21,+20,+21,+21,+21,+22,,20661,,0,,12345,67,6,55,7,,1,8,6,48,4,21,6,35,4,18,6,35,4,,1,3,6,5,4,26,6,10,4,12,6,6,4,10,6,5,4,35,6,2,4,11,6,5,4,35,6,2,4,,1,8,6,15,4,35,4,4,6,10,4,3,6,2,6,26,4,22,4,3,6,2,6,26,4,,3,2,6,1,4,2,6,25,6,4,4,3,6,14,4,4,4,3,6,4,4,8,6,41,4,3,6,1,4,8,6,41,4,3,6,1,4,,2,6,6,5,4,29,6,5,4,6,6,1,4,18,4,2,6,31,6,1,4,7,6,1,4,2,4,1,6,4,4,3,6,1,4,2,6,31,6,1,4,7,6,1,4,2,4,1,6,4,4,,2,3,6,3,4,5,6,2,4,10,6,7,4,4,6,6,4,5,6,1,4,9,6,1,4,11,4,3,6,34,6,3,4,5,6,1,4,1,6,2,4,6,4,1,6,34,6,3,4,5,6,1,4,1,6,2,4,,1,8,6,4,4,1,6,1,4,26,6,5,4,1,6,4,4,2,6,1,4,3,6,1,4,13,6,2,4,35,6,3,4,3,6,1,4,9,6,2,4,35,6,3,4,3,6,1,4,,3,2,4,1,6,1,6,4,4,6,6,1,4,22,6,3,4,5,6,1,4,10,4,1,6,1,4,4,6,5,4,5,6,35,4,3,6,3,4,3,6,2,4,7,6,35,4,3,6,3,4,3,6,2,4,,1,3,6,1,4,11,6,8,4,9,6,5,4,9,6,3,4,1,6,2,4,1,6,2,4,1,6,1,4,1,6,2,4,53,6,1,4,52,6,1,4,,1,4,6,7,4,1,6,1,4,17,6,2,4,5,6,8,4,7,6,1,4,2,6,1,4,1,6,1,4,13,6,1,4,14,6,17,4,4,6,3,4,4,6,1,4,9,6,1,4,14,6,17,4,4,6,3,4,4,6,1,4,,2,4,4,2,6,2,4,3,6,1,4,1,6,3,4,7,6,7,4,2,6,5,4,3,6,2,4,2,6,8,4,1,6,2,4,1,6,1,4,3,6,3,4,4,6,4,4,1,6,14,4,17,6,4,4,3,6,3,4,2,6,2,4,1,6,6,4,1,6,14,4,17,6,4,4,3,6,3,4,2,6,2,4,1,6,,1,3,6,3,4,2,6,3,4,5,6,7,4,14,6,3,4,2,6,2,4,1,6,1,4,16,4,1,6,12,6,28,4,4,6,3,4,3,6,2,4,2,6,1,4,10,6,28,4,4,6,3,4,3,6,2,4,2,6,1,4,,1,1,6,2,4,1,6,12,4,7,6,14,4,1,6,5,4,1,6,1,4,1,6,5,4,1,6,2,4,1,6,5,4,2,6,3,4,9,6,1,4,28,6,4,4,3,6,3,4,2,6,2,4,2,6,2,4,6,6,1,4,28,6,4,4,3,6,3,4,2,6,2,4,2,6,2,4,,2,1,4,2,6,1,4,7,6,2,4,3,6,16,4,4,6,2,4,5,6,1,4,1,6,4,4,2,6,2,4,1,6,1,4,5,6,2,4,3,6,2,4,4,6,1,4,3,6,28,4,4,6,3,4,3,6,2,4,9,6,1,4,3,6,28,4,4,6,3,4,3,6,2,4,,2,4,6,2,6,2,4,3,4,2,6,2,4,17,6,4,4,1,6,6,4,1,6,1,4,10,6,1,4,15,4,1,6,47,4,2,6,3,4,1,6,47,4,2,6,,1,3,6,1,4,4,6,2,4,1,6,1,4,3,6,8,4,13,6,1,4,6,6,1,4,1,6,1,4,3,6,1,4,3,6,1,4,8,6,1,4,7,6,2,4,2,6,1,4,35,6,1,4,8,6,2,4,2,6,2,4,2,6,1,4,35,6,1,4,8,6,2,4,,1,2,6,1,4,2,6,1,4,4,6,1,4,1,6,1,4,17,6,2,4,14,6,1,4,3,6,2,4,2,6,1,4,1,6,4,4,3,6,1,4,39,6,1,4,11,6,1,4,40,6,1,4,11,6,1,4,,1,1,6,1,4,2,6,1,4,1,6,4,4,1,6,1,4,1,6,2,4,8,6,7,4,2,6,4,4,1,6,8,4,2,6,2,4,3,6,1,4,2,6,1,4,4,6,1,4,3,6,1,4,4,6,1,4,2,6,2,4,1,6,28,4,1,6,3,4,4,6,2,4,3,6,3,4,3,6,1,4,2,6,2,4,1,6,28,4,1,6,3,4,4,6,2,4,3,6,3,4,,1,3,6,1,4,1,6,3,4,2,6,1,4,4,6,8,4,7,6,2,4,3,6,2,4,3,6,2,4,3,6,2,4,2,6,2,4,2,6,2,4,6,6,1,4,5,6,2,4,1,6,2,4,2,6,1,4,28,6,1,4,3,6,4,4,2,6,2,4,6,6,1,4,1,6,2,4,2,6,1,4,28,6,1,4,3,6,4,4,2,6,2,4,6,6,,2,30,4,2,6,18,4,1,6,3,4,2,6,4,4,2,6,2,4,1,6,1,4,3,6,1,4,2,6,31,4,1,6,3,4,4,6,3,4,1,6,6,4,1,6,1,4,2,6,31,4,1,6,3,4,4,6,3,4,1,6,6,4,,2,16,4,1,6,1,4,5,6,26,4,1,6,3,4,1,6,4,4,2,6,2,4,2,6,1,4,1,6,1,4,3,6,2,4,3,6,38,4,1,6,3,4,6,6,2,4,3,6,38,4,1,6,3,4,,1,2,6,1,4,1,6,2,4,2,6,6,4,2,6,1,4,1,6,17,4,1,6,4,4,2,6,3,4,2,6,1,4,1,6,3,4,1,6,3,4,2,6,3,4,1,6,2,4,1,6,2,4,1,6,2,4,2,6,3,4,11,6,19,4,2,6,5,4,1,6,3,4,1,6,6,4,2,6,3,4,11,6,19,4,2,6,5,4,1,6,3,4,1,6,,2,1,4,2,6,1,4,2,6,2,4,6,6,1,4,20,6,1,4,2,6,1,4,1,6,2,4,3,6,2,4,1,6,1,4,3,6,1,4,22,6,11,4,19,6,2,4,21,6,11,4,19,6,2,4,,1,1,6,6,4,1,6,2,4,1,6,3,4,1,6,22,6,1,4,1,6,1,4,2,6,1,4,5,4,1,6,3,4,1,6,7,4,1,6,1,4,5,6,1,4,2,6,2,4,2,6,1,4,11,6,19,4,2,6,4,4,1,6,3,4,1,6,1,4,6,6,2,4,2,6,1,4,11,6,19,4,2,6,4,4,1,6,3,4,1,6,1,4,,1,1,6,6,6,1,4,2,6,1,4,24,6,1,6,1,4,5,4,1,6,2,4,13,4,16,6,12,4,19,6,5,4,1,6,3,4,1,6,1,4,11,6,12,4,19,6,5,4,1,6,3,4,1,6,1,4,,
24;;;;;20666,,,,,,;;;a-b;A;Kadaka - Estonia;1234567z;;03505-1,03405-1,03401-1,03304-1,02402-1,02601-1,02301-1,07704-1,07801-1,07804-1,08904-1,11201-1,12605-1,12001-1,21205-1;
+336,+20,+18,+16,+16,+15,+14,+14,+14,+14,+14,+15,+16,+16,+16,+17,+18,+17,+17,+17,+17,+17,+16,+16,+16,+16,+16,+16,+16,+16,+16,+16,+16,+16,+16,+15,+14,+14,+14,+14,+14,+15,+15,+15,+15,+15,+15,+15,+15,+17,+17,+17,+18,+18,+18,+16,+17,+17,+16,+17,+17,+15,+16,+16,+18,+19,+20,+21,-01030,+23,+23,+23,+22,+22,+22,+22,+22,+22,+22,+22,+20,+18,+19,+18,+18,+18,+18,+18,+18,+18,+18,+18,+18,+18,+20,+22,+22,+22,+20,+18,+18,+18,+18,+20,+21,+22,+22,+22,+22,+22,+22,+22,+22,+22,+22,+21,+22,+22,+22,-01026,+23,+23,+23,+22,+22,+22,+22,+22,+22,+22,+22,+20,+18,+19,+18,+18,+18,+18,+18,+18,+18,+18,+18,+18,+18,+20,+22,+22,+22,+20,+18,+18,+18,+18,+20,+21,+22,+22,+22,+22,+22,+22,+22,+22,+22,+22,+21,+22,+22,+22,,20666,,0,,12345,68,6,51,7,,1,6,6,52,4,,1,58,6,7,4,,2,4,6,2,4,2,6,5,4,27,6,9,4,32,6,20,4,31,6,20,4,,1,2,6,2,4,2,6,1,6,1,4,5,6,1,4,35,6,3,4,61,4,2,6,49,4,2,6,,2,1,6,1,4,2,6,9,4,1,6,39,4,21,6,7,4,20,6,8,4,16,6,7,4,20,6,8,4,,2,3,6,1,4,4,6,4,4,1,6,1,4,23,6,1,6,2,4,3,6,3,4,3,4,4,6,6,4,11,6,4,4,7,6,21,4,7,6,2,4,2,6,2,4,6,6,4,4,7,6,21,4,7,6,2,4,2,6,2,4,,2,1,4,1,6,1,4,1,6,2,4,1,6,1,4,1,6,2,4,1,6,1,4,1,6,24,4,2,6,3,4,3,6,1,4,2,6,4,4,6,6,6,4,37,6,7,4,2,6,2,4,40,6,7,4,2,6,2,4,,1,1,6,3,4,2,6,56,4,3,6,42,4,2,6,49,4,2,6,,2,1,4,3,6,3,4,1,6,6,4,21,6,2,4,1,6,2,4,3,6,8,4,11,6,2,4,8,6,30,4,5,6,4,4,12,6,30,4,5,6,4,4,,1,1,6,3,4,3,6,1,4,3,6,24,4,2,6,1,4,2,6,19,4,5,6,8,4,2,6,27,4,1,6,6,4,11,6,4,4,2,6,27,4,1,6,6,4,,2,1,4,2,6,8,4,2,6,33,4,1,6,2,4,2,6,7,4,1,6,5,4,6,6,4,4,27,6,6,4,1,6,11,4,2,6,4,4,27,6,6,4,1,6,,2,3,4,1,6,2,4,1,6,6,4,21,6,9,4,3,6,1,4,2,6,3,4,1,6,3,4,2,6,1,4,5,6,6,4,2,6,30,4,5,6,2,4,2,6,10,4,2,6,30,4,5,6,2,4,2,6,,1,3,6,1,4,2,6,1,4,1,6,26,4,1,6,16,4,1,6,12,4,4,6,40,4,1,6,2,4,8,6,40,4,1,6,2,4,,1,2,6,1,4,1,6,4,4,6,6,2,4,18,6,1,4,8,6,10,4,11,6,2,4,42,6,1,4,4,6,2,4,44,6,1,4,4,6,2,4,,
;;;;;;;;b-a;A;Estonia - Kadaka;1234567z;;21205-1,12002-2,11103-1,11102-1,07805-1,07802-1,07601-1,07705-1,02302-1,02501-1,02502-1,03202-1,03106-1,03107-1,01801-1;
+360,+20,+20,+16,+16,+16,+15,+15,+15,+15,+14,+15,+15,+15,+15,+17,+17,+18,+17,+17,+17,+17,+16,+16,+16,+16,+16,+16,+16,+16,+16,+16,+16,+16,+16,+16,+14,+14,+15,+14,+15,+15,+15,+15,+15,+15,+15,+15,+15,+16,+17,+17,+17,+17,+18,+16,+16,+17,+15,+17,+16,+16,+15,+17,+16,+19,+20,+20,-01029,+24,+24,+23,+22,+22,+23,+22,+22,+22,+22,+22,+20,+18,+19,+18,+18,+18,+18,+18,+18,+18,+18,+18,+18,+18,+20,+22,+22,+22,+20,+18,+18,+18,+18,+20,+21,+22,+22,+21,+22,+22,+22,+21,+22,+21,+22,+21,+22,+22,+22,-01026,+24,+24,+23,+22,+22,+23,+22,+22,+22,+22,+22,+20,+18,+19,+18,+18,+18,+18,+18,+18,+18,+18,+18,+18,+18,+20,+22,+22,+22,+20,+18,+18,+18,+18,+20,+21,+22,+22,+21,+22,+22,+22,+21,+22,+21,+22,+21,+22,+22,+22,,20666,,0,,12345,68,6,51,7,,1,41,6,18,4,,3,41,4,18,6,57,4,3,6,48,4,,1,4,6,9,4,23,6,9,4,71,6,1,4,50,6,1,4,,2,2,6,34,4,5,6,18,4,18,6,38,4,2,6,2,4,9,6,38,4,2,6,,1,2,4,1,6,1,4,9,6,64,4,9,6,23,4,6,6,1,4,3,6,9,4,9,6,23,4,6,6,1,4,,1,4,6,6,4,21,6,10,4,26,4,1,6,9,6,9,4,30,6,3,4,9,6,9,4,30,6,,1,2,6,1,4,7,6,21,4,14,6,9,4,5,6,3,4,5,6,1,4,7,6,2,4,32,6,6,4,11,6,2,4,32,6,6,4,,2,3,6,1,4,36,6,5,4,20,4,3,6,48,4,3,6,48,4,,2,4,6,9,4,17,6,10,4,1,6,9,4,4,6,3,4,7,4,1,6,6,6,4,4,11,6,12,4,24,6,4,4,11,6,12,4,,1,3,6,6,4,4,6,27,6,1,4,13,4,3,6,2,4,3,6,5,4,2,6,2,4,4,6,11,4,12,6,15,4,2,6,4,4,1,6,2,4,4,6,11,4,12,6,15,4,2,6,,2,9,6,3,4,24,6,4,4,22,4,2,6,1,4,2,6,13,6,18,4,14,4,1,6,2,4,1,6,1,4,2,6,12,6,18,4,14,4,1,6,2,4,1,6,1,4,,2,9,4,3,6,18,4,5,6,1,4,3,6,14,4,1,6,10,4,1,6,2,4,3,6,5,4,2,6,3,4,18,6,11,4,3,6,2,4,1,6,1,4,1,6,2,4,2,6,5,4,2,6,3,4,18,6,11,4,3,6,2,4,1,6,1,4,1,6,,1,9,6,3,4,18,6,5,4,18,6,1,4,21,6,2,4,40,4,2,6,7,6,2,4,40,4,,1,1,6,3,6,5,4,3,6,1,4,22,6,5,6,3,4,3,4,4,6,2,4,2,6,1,4,5,4,2,6,3,4,2,6,8,4,2,6,36,4,1,6,12,4,2,6,36,4,1,6,,
24A;;;;;;;;a-b;A;Kadaka - Estonia;1234567z;;01802-1,03609-1,03602-1,03605-1,03606-1,03613-1,02807-1,03501-1,03405-1,03401-1,03304-1,02402-1,02601-1,02301-1,07704-1,07801-1,07804-1,08904-1,11201-1,12605-1,12001-1,21205-1;
+335,+18,+16,+16,+15,+14,+14,+14,+14,+14,+15,+15,+16,+17,+17,+17,+17,+17,+17,+17,+17,+16,+16,+16,+16,+16,+16,+16,+16,+16,+16,+16,+16,+16,+16,+14,+14,+14,+14,+14,+14,+15,+15,+15,+15,+15,+16,+16,+17,+17,+17,+17,+17,+17,+17,+17,+17,+17,+16,+16,+16,+17,+17,+17,+19,+21,+21,+21,-01055,+23,+23,+23,+22,+22,+22,+22,+22,+22,+22,+22,+20,+20,+18,+18,+18,+18,+18,+18,+18,+18,+18,+18,+18,+18,+22,+22,+22,+22,+18,+18,+18,+18,+18,+18,+22,+22,+22,+22,+22,+22,+22,+22,+22,+22,+22,+22,+22,+23,+23,+23,-01052,+23,+23,+23,+22,+22,+22,+22,+22,+22,+22,+22,+20,+21,+17,+18,+18,+18,+18,+18,+18,+18,+18,+18,+18,+18,+22,+22,+22,+22,+18,+18,+18,+18,+18,+18,+22,+22,+22,+22,+22,+22,+22,+22,+22,+22,+22,+22,+22,+23,+23,+23,,20666,,0,,12345,68,6,52,7,,5,2,4,4,6,56,4,6,6,3,4,12,6,19,4,14,6,7,4,12,6,19,4,14,6,,1,2,6,4,4,56,6,3,4,3,4,3,6,49,4,3,6,,2,62,4,3,6,1,4,2,6,48,4,4,6,48,4,,1,,1,10,6,3,4,89,6,7,4,45,6,7,4,,1,6,6,4,4,3,6,39,4,,1,2,6,11,4,26,6,20,4,3,6,3,4,1,6,2,4,3,6,31,4,7,6,5,4,9,6,31,4,7,6,5,4,,1,52,4,7,6,5,4,1,6,1,4,2,6,3,4,1,6,11,4,6,6,24,4,1,6,9,4,1,6,11,4,6,6,24,4,1,6,,1,52,6,4,4,8,6,1,4,18,6,6,4,46,6,6,4,,2,10,6,1,4,2,6,35,4,8,6,3,4,12,6,1,4,10,6,1,4,30,6,1,4,9,6,1,4,10,6,1,4,30,6,1,4,,1,2,6,5,6,3,4,1,6,2,4,35,6,3,4,13,4,2,6,36,6,7,4,4,4,1,6,2,4,4,6,34,6,7,4,4,4,1,6,2,4,,3,2,4,1,6,8,4,25,6,16,4,7,6,3,4,2,6,2,4,8,6,8,4,1,6,19,4,7,6,3,4,4,6,3,4,7,6,8,4,1,6,19,4,7,6,3,4,4,6,3,4,,2,6,6,1,4,1,6,5,4,21,6,2,4,1,6,11,4,3,6,5,4,16,6,2,4,8,6,1,4,30,6,1,4,10,6,2,4,8,6,1,4,30,6,1,4,,1,2,6,4,4,1,6,40,4,1,6,3,4,5,6,3,4,3,6,2,4,2,6,2,4,2,6,2,4,7,6,3,4,1,6,30,4,1,6,2,4,3,6,1,4,2,6,2,4,7,6,3,4,1,6,30,4,1,6,2,4,3,6,,2,3,4,3,6,28,4,1,6,31,4,2,6,2,4,1,6,38,4,3,6,2,4,6,6,2,4,1,6,38,4,3,6,2,4,,1,3,6,3,4,4,6,3,4,21,6,1,4,1,6,1,4,5,6,6,4,18,6,2,4,2,6,1,4,1,6,7,4,3,6,1,4,26,6,3,4,2,6,1,4,1,6,4,4,2,6,1,4,1,6,7,4,3,6,1,4,26,6,3,4,2,6,1,4,1,6,,2,3,4,3,6,4,4,3,6,23,4,1,6,25,4,2,6,1,4,4,6,1,4,1,6,1,4,1,6,36,4,4,6,1,4,1,6,1,4,5,6,1,4,1,6,1,4,1,6,36,4,4,6,1,4,1,6,1,4,,1,3,6,39,4,5,6,9,4,3,6,2,4,1,6,2,4,1,6,4,4,1,6,1,4,1,6,1,4,8,6,1,4,1,6,30,4,1,6,1,4,1,6,3,4,1,6,1,4,1,6,1,4,1,6,1,4,8,6,1,4,1,6,30,4,1,6,1,4,1,6,3,4,,2,6,4,1,6,1,4,1,6,25,4,2,6,11,4,1,6,11,4,2,6,1,4,6,6,2,4,1,6,10,4,1,6,1,4,18,6,13,4,1,6,1,4,3,6,3,4,1,6,12,4,18,6,13,4,1,6,1,4,3,6,,1,2,6,1,4,3,6,1,4,1,6,5,4,20,6,4,4,2,6,13,4,4,6,5,4,1,6,4,4,4,6,2,4,1,6,28,4,13,6,1,4,1,6,4,4,2,6,2,4,1,6,8,4,1,6,19,4,13,6,1,4,1,6,,1,1,6,1,4,1,6,3,4,1,6,2,4,4,6,20,4,2,6,1,4,1,6,2,4,3,6,6,4,4,6,4,4,5,6,1,4,4,6,2,4,1,6,1,4,43,6,1,4,1,6,1,4,5,6,1,4,43,6,1,4,1,6,1,4,,
;;;;;;;;b-a;A;Estonia - Kadaka;1234567z;;21205-1,12002-2,11103-1,11102-1,07805-1,07802-1,07601-1,07705-1,02302-1,02501-1,02502-1,03202-1,03106-1,03107-1,03404-1,03504-1,03612-1,03607-1,03603-1,03608-1,03601-1,01801-1;
+370,+20,+18,+16,+15,+15,+15,+15,+15,+15,+15,+15,+15,+15,+16,+17,+17,+17,+17,+17,+17,+16,+16,+16,+16,+16,+16,+16,+16,+16,+16,+16,+16,+17,+16,+15,+14,+15,+14,+15,+14,+15,+15,+15,+15,+15,+16,+15,+17,+17,+16,+16,+16,+17,+17,+17,+17,+16,+16,+15,+16,+16,+15,+18,+18,+20,+20,+20,-01053,+24,+24,+24,+23,+22,+23,+22,+21,+23,+22,+22,+20,+20,+19,+18,+18,+18,+18,+18,+18,+18,+18,+18,+18,+18,+22,+22,+22,+22,+18,+18,+18,+18,+17,+18,+22,+22,+22,+22,+22,+21,+22,+22,+21,+21,+22,+21,+21,+22,+23,+24,-01052,+24,+24,+24,+23,+22,+23,+22,+21,+23,+22,+22,+20,+21,+18,+18,+18,+18,+18,+18,+18,+18,+18,+18,+18,+18,+22,+22,+22,+22,+18,+18,+18,+18,+17,+18,+22,+22,+22,+22,+22,+21,+22,+22,+21,+21,+22,+21,+21,+22,+23,+24,,20666,,0,,12345,68,6,52,7,,1,40,6,19,4,,3,40,4,19,6,57,4,4,6,48,4,,1,3,6,9,4,23,6,10,4,71,6,2,4,50,6,2,4,,2,2,6,33,4,5,6,19,4,18,6,38,4,3,6,2,4,9,6,38,4,3,6,,1,2,4,10,6,46,4,1,6,18,4,9,6,24,4,5,6,2,4,3,6,9,4,9,6,24,4,5,6,2,4,,1,4,6,6,4,20,6,10,4,18,6,1,4,8,4,1,6,9,6,9,4,31,6,3,4,9,6,9,4,31,6,,1,2,6,2,4,6,6,20,4,15,6,9,4,5,6,3,4,5,6,1,4,7,6,2,4,33,6,6,4,11,6,2,4,33,6,6,4,,2,40,6,4,4,20,4,4,6,47,4,5,6,47,4,,2,1,6,1,4,1,6,9,4,18,6,20,4,4,6,3,4,15,6,3,4,11,6,12,4,26,6,3,4,11,6,12,4,,1,3,6,6,4,3,6,27,6,1,4,14,4,3,6,2,4,3,6,5,4,3,6,2,4,3,6,11,4,12,6,15,4,2,6,5,4,2,6,2,4,3,6,11,4,12,6,15,4,2,6,,2,9,6,2,4,18,6,1,4,5,6,4,4,23,4,5,6,14,6,17,4,14,4,1,6,4,4,3,6,13,6,17,4,14,4,1,6,4,4,,2,1,4,1,6,1,4,1,6,5,4,2,6,18,4,10,6,10,4,1,6,3,4,1,6,4,4,1,6,8,4,3,6,5,4,2,6,4,4,17,6,11,4,3,6,2,4,3,6,3,4,2,6,5,4,2,6,4,4,17,6,11,4,3,6,2,4,3,6,,1,3,6,1,4,5,6,2,4,19,6,5,4,18,6,1,4,22,6,1,4,32,6,1,4,8,4,2,6,8,6,1,4,32,6,1,4,8,4,,1,6,6,2,4,3,6,1,4,17,6,1,4,5,6,7,4,2,6,1,4,4,6,1,4,67,4,1,6,51,4,1,6,,0,1,6,1,4,1,6,46,4,1,6,10,4,2,6,1,4,4,6,3,4,2,6,4,4,1,6,32,4,1,6,3,4,1,6,8,4,2,6,4,4,1,6,32,4,1,6,3,4,1,6,,1,1,6,5,4,2,6,3,4,1,6,17,4,1,6,22,4,2,6,2,4,4,6,2,4,9,6,1,4,4,6,1,4,4,6,17,4,11,6,1,4,13,6,1,4,4,6,1,4,4,6,17,4,11,6,1,4,,2,1,4,3,6,4,4,3,6,1,4,17,6,1,4,12,6,1,4,9,6,1,4,3,6,1,4,6,6,4,4,3,6,1,4,4,6,1,4,4,6,1,4,17,6,11,4,1,6,2,4,1,6,1,4,8,6,1,4,4,6,1,4,4,6,1,4,17,6,11,4,1,6,2,4,1,6,1,4,,1,2,6,2,4,1,6,6,4,1,6,17,4,6,6,7,4,1,6,1,4,1,6,3,4,1,6,3,4,1,6,1,4,10,4,3,6,10,6,3,4,49,6,3,4,,2,1,6,2,4,1,6,1,4,3,6,4,4,17,6,6,4,2,6,2,4,1,6,3,4,1,6,1,4,3,6,1,4,3,6,1,4,1,6,5,4,3,6,1,4,1,6,6,4,1,6,4,4,1,6,1,4,3,6,31,4,1,6,1,4,1,6,8,4,1,6,4,4,1,6,1,4,3,6,31,4,1,6,1,4,1,6,,3,2,4,1,6,7,4,1,6,18,4,1,6,10,4,2,6,20,4,8,6,1,4,1,6,8,4,1,6,17,4,13,6,1,4,1,6,2,4,7,6,1,4,1,6,8,4,1,6,17,4,13,6,1,4,1,6,2,4,,2,1,4,1,6,1,6,1,4,2,6,1,4,4,4,1,6,18,4,3,6,7,6,2,4,14,4,12,6,4,4,3,6,1,4,1,6,4,4,4,6,28,4,2,6,9,4,3,6,1,4,1,6,4,4,4,6,28,4,2,6,,
25;;;;;20332,,,,,,;;;a-b;A;Tiskre - Reisisadama D-terminal;1234567z;;00115-1,00144-1,00123-1,21552-1,47040-1,00118-1,47225-1,00121-1,00403-1,00501-1,00602-2,00701-1,00702-1,08601-1,07905-1,08903-1,08904-1,16018-1,12503-1,13103-1,00182-1,00188-1,10701-1;
+370,+22,+16,+15,+12,+15,+16,+13,+14,+14,+16,+15,+16,+16,+16,+16,+21,+22,+24,+24,+25,+23,+27,+27,+28,+29,+26,+25,+28,+27,+20,+15,+15,+14,+15,+17,+17,+17,+18,+19,+19,+19,+19,+22,+23,+28,+29,+28,+30,+29,+28,-01009,+32,+30,+31,+30,+30,+30,+30,+28,+27,+27,+26,+26,+26,+26,+26,+28,+28,+30,+29,+26,+26,+26,+26,+26,+26,+27,+29,+29,+30,+28,+30,+31,+29,+30,+30,+26,-01015,+32,+30,+31,+30,+30,+30,+30,+28,+27,+27,+26,+26,+26,+26,+26,+28,+28,+30,+29,+26,+26,+26,+26,+26,+26,+27,+29,+29,+30,+28,+30,+31,+29,+30,+30,+26,,20332,,0,,12345,51,6,37,7,,1,,1,3,6,40,4,8,6,31,4,6,6,31,4,,1,1,6,2,4,79,6,6,4,31,6,,2,1,4,29,6,7,4,6,6,8,4,,0,1,6,34,4,2,6,9,4,5,6,,2,1,4,4,6,5,4,18,6,2,4,5,6,2,4,9,6,5,4,,1,1,6,42,4,9,6,32,4,5,6,32,4,,1,3,6,2,4,5,6,1,4,14,6,3,4,2,6,5,4,2,6,9,4,14,6,19,4,18,6,19,4,,1,3,4,2,6,5,4,1,6,34,4,1,6,14,4,19,6,18,4,19,6,,1,1,6,2,6,8,4,24,6,1,4,13,4,2,6,9,6,19,4,18,6,19,4,,2,1,4,1,6,1,4,8,6,24,4,1,6,1,4,12,6,2,4,,1,1,6,1,4,1,6,22,4,3,6,8,4,1,6,6,4,2,6,4,4,7,6,22,4,1,6,2,4,12,6,22,4,1,6,2,4,,3,2,6,1,4,1,6,6,4,15,6,3,4,1,6,5,4,1,6,2,4,6,6,2,4,7,6,4,4,22,6,1,4,10,6,4,4,22,6,1,4,,3,1,4,2,6,6,4,1,6,14,6,4,6,7,4,1,4,1,6,3,4,3,4,6,6,2,4,,1,50,4,1,6,35,4,2,6,35,4,,2,5,6,4,4,28,4,3,6,9,4,1,6,34,4,2,6,35,4,2,6,,4,2,6,2,6,1,4,5,4,14,6,1,4,2,6,8,4,7,4,1,6,8,4,1,6,34,4,3,6,34,4,,1,25,6,2,4,,2,1,6,1,4,1,6,22,4,2,6,2,6,4,4,10,4,8,6,1,4,4,6,22,4,10,6,1,4,4,6,22,4,,1,1,6,3,4,1,6,3,4,2,6,14,4,1,6,4,6,1,4,5,4,2,6,3,4,3,6,2,4,7,6,1,4,36,6,1,4,,2,1,4,1,6,3,4,3,6,19,6,2,4,1,6,3,4,4,4,3,6,2,4,9,6,1,4,1,6,27,4,8,6,1,4,1,6,27,4,,4,5,6,5,4,14,6,3,4,2,6,3,4,1,6,1,4,10,4,1,6,41,4,2,6,35,4,,
;;;;;;;;b-a;A;Reisisadama D-terminal - Tiskre;1234567z;;10706-1,10707-1,00189-1,00183-1,12301-1,12504-1,16017-1,11102-1,08905-1,08901-1,08602-1,00309-1,00308-2,00307-2,00401-1,00404-1,00120-1,47226-1,00119-1,00115-1;
+360,+28,+11,+13,+13,+13,+13,+14,+17,+14,+16,+17,+17,+18,+18,+23,+23,+24,+25,+25,+27,+27,+27,+27,+26,+26,+26,+26,+19,+14,+14,+14,+15,+17,+17,+19,+19,+20,+20,+20,+21,+22,+25,+28,+29,+30,+31,+31,+27,+32,-01010,+30,+30,+30,+29,+30,+28,+27,+27,+27,+26,+26,+26,+26,+26,+28,+28,+28,+29,+26,+26,+26,+26,+26,+28,+28,+29,+30,+30,+30,+30,+30,+30,+30,+30,+30,-0986,+30,+30,+30,+29,+30,+28,+27,+27,+27,+26,+26,+26,+26,+26,+28,+28,+28,+29,+26,+26,+26,+26,+26,+28,+28,+29,+30,+30,+30,+30,+30,+30,+30,+30,+30,,20332,,0,,12345,50,6,36,7,,1,4,6,39,4,7,6,,3,4,6,24,6,8,4,6,4,1,6,2,4,12,6,22,4,14,6,22,4,,2,12,4,11,6,16,4,3,6,1,4,7,6,7,4,10,6,18,4,1,6,7,4,10,6,18,4,,1,12,6,11,4,3,6,2,4,6,6,1,4,4,6,3,4,3,6,5,4,7,6,10,4,26,6,10,4,,1,3,6,1,6,8,4,16,6,6,4,1,6,4,4,6,4,5,6,,2,3,6,1,4,19,6,10,6,2,4,3,4,5,6,1,4,12,6,1,4,10,6,8,4,17,6,1,4,10,6,8,4,,2,3,6,8,4,15,6,2,4,1,6,8,4,2,6,2,4,1,6,1,4,,2,4,6,22,4,2,6,1,4,1,6,3,4,1,6,5,4,2,6,1,4,2,6,3,4,,2,26,6,4,4,2,6,2,4,1,6,1,4,8,4,3,6,,2,1,6,9,4,18,6,4,4,1,6,2,4,2,6,1,4,5,6,2,4,10,6,1,4,12,6,6,4,11,4,1,6,5,6,1,4,12,6,6,4,11,4,,3,10,6,18,4,2,6,7,4,1,6,3,4,4,6,2,4,3,4,2,6,15,6,1,4,18,4,2,6,15,6,1,4,,1,3,6,1,4,24,6,2,4,7,6,1,4,3,6,2,4,1,6,1,4,12,6,10,4,26,6,10,4,,2,1,4,1,6,1,4,1,6,6,4,15,6,3,4,1,6,8,4,1,6,3,4,2,6,1,4,,2,10,6,28,4,3,6,2,4,10,6,2,4,1,6,23,4,10,6,2,4,1,6,23,4,,1,25,4,1,6,27,4,2,6,2,4,10,6,11,4,1,6,10,4,2,6,2,4,10,6,11,4,1,6,,1,3,6,1,4,21,6,1,4,2,6,1,4,28,6,10,4,26,6,10,4,,1,1,6,2,4,1,6,24,4,1,6,21,4,2,6,32,4,4,6,32,4,,1,3,6,1,4,24,6,1,4,3,6,1,4,19,4,1,6,2,4,1,6,32,4,1,6,2,4,1,6,,1,26,6,2,4,2,6,2,4,14,4,1,6,,
26;;;;;20674,,,,,,;;;a-b;A;Väike-Õismäe - Paljassaare;1234567z;;01610-1,01101-1,01701-1,01302-1,00802-1,02114-1,00701-1,00702-1,08701-1,08702-1,08601-1,07901-1,08907-1,10001-1,10002-1,09901-1,09902-1,09606-1,09701-1,09702-1,09302-1,09304-1;
+315,+18,+18,+18,+18,+16,+15,+34,+19,+18,+36,+25,+27,+24,+27,+28,+32,+27,+29,+31,+26,+29,+31,+27,+18,+18,+18,+18,+21,+33,+40,+23,+19,+22,+25,+27,+27,+32,+32,+31,+30,-0974,+29,+28,+28,+28,+29,+30,+31,+31,+33,+35,+31,+30,+30,+27,+30,+30,+27,+30,+30,+26,+31,+30,+29,+35,+34,+31,+36,+33,+28,+33,+31,+30,-0974,+29,+28,+28,+28,+29,+30,+31,+31,+33,+35,+31,+30,+30,+27,+30,+30,+27,+30,+30,+26,+31,+30,+29,+35,+34,+31,+36,+33,+28,+33,+31,+30,,20674,,0,,12345,41,6,33,7,,1,,1,5,6,35,4,3,6,30,4,3,6,30,4,,2,5,4,35,6,3,4,30,6,3,4,30,6,,1,7,6,33,4,3,6,30,4,3,6,30,4,,2,43,4,4,6,29,4,4,6,,1,7,6,6,4,13,6,10,4,,1,5,6,2,4,6,6,13,4,10,6,2,4,5,6,4,4,2,6,20,4,4,6,1,4,2,6,4,4,2,6,20,4,4,6,,2,5,4,2,6,6,4,13,6,10,4,2,6,5,4,4,6,26,4,1,6,2,4,4,6,26,4,,1,13,6,13,4,15,4,2,6,31,4,2,6,,1,5,6,2,4,29,6,2,4,3,6,6,4,22,6,1,4,4,6,6,4,22,6,1,4,,1,7,6,6,4,,2,4,6,1,4,2,6,5,4,1,7,2,4,5,4,1,6,5,6,9,4,2,4,10,6,22,4,1,6,1,4,9,6,22,4,1,6,1,4,,1,5,6,2,4,5,6,1,4,2,6,6,4,1,6,14,4,2,6,3,4,3,6,3,4,24,6,3,4,3,6,3,4,24,6,,1,4,6,1,4,2,6,5,4,1,6,4,4,3,6,2,4,3,6,1,4,2,6,3,4,4,6,3,4,5,6,1,4,5,6,22,4,5,6,1,4,5,6,22,4,,1,3,6,1,4,4,6,5,4,4,6,3,4,2,6,3,4,1,6,2,4,2,6,5,4,13,6,1,4,22,6,1,4,9,6,1,4,22,6,1,4,,1,7,6,1,4,13,6,1,4,3,6,1,4,2,6,2,4,,2,3,4,1,6,3,4,1,6,11,4,1,6,1,4,1,6,3,4,1,6,2,4,3,6,5,4,1,6,2,4,8,6,24,4,1,6,2,4,6,6,24,4,1,6,,1,7,6,1,4,11,6,1,4,5,6,1,4,2,6,3,4,5,6,1,4,,1,5,6,2,6,3,4,15,4,1,6,9,4,4,6,2,4,3,6,3,4,6,6,8,4,16,6,3,4,6,6,8,4,,2,13,6,2,4,6,6,1,4,3,6,1,4,9,6,1,4,4,4,1,6,3,4,1,6,32,4,1,6,,1,3,6,2,4,1,6,7,4,2,6,6,4,1,6,3,4,1,6,9,4,5,6,1,4,2,6,2,4,2,6,6,4,8,6,7,4,3,6,1,4,4,6,2,4,2,6,6,4,8,6,7,4,3,6,1,4,,
;;;;;;;;b-a;A;Paljassaare - Väike-Õismäe;1234567z;;09304-1,09303-1,09301-1,09703-1,09404-1,09607-1,10202-1,10201-1,10101-1,08908-1,07902-1,08602-1,08802-1,08801-1,00309-1,00308-2,01004-1,00911-1,00801-1,01301-1,01401-1,01606-1,01104-1;
+343,+20,+19,+19,+19,+18,+17,+36,+18,+18,+39,+21,+26,+25,+27,+28,+32,+26,+29,+31,+26,+29,+32,+27,+18,+18,+19,+19,+23,+34,+39,+20,+18,+23,+24,+26,+25,+30,+30,+31,+28,-0973,+30,+29,+29,+29,+28,+30,+33,+31,+33,+35,+31,+31,+30,+27,+30,+30,+27,+30,+30,+26,+31,+30,+29,+35,+34,+31,+35,+33,+28,+29,+31,+28,-0973,+30,+29,+29,+29,+28,+30,+33,+31,+33,+35,+31,+31,+30,+27,+30,+30,+27,+30,+30,+26,+31,+30,+29,+35,+34,+31,+35,+33,+28,+29,+31,+28,,20674,,0,,12345,41,6,33,7,,1,,1,,2,4,6,25,4,12,4,2,6,6,6,18,4,5,4,4,6,6,6,18,4,5,4,,1,29,6,6,4,6,6,2,4,2,6,4,4,18,6,1,4,4,6,4,4,2,6,4,4,18,6,1,4,4,6,,1,4,6,18,6,1,4,1,6,5,4,10,4,5,6,1,4,4,6,23,4,5,6,1,4,4,6,23,4,,1,8,6,2,4,11,6,1,4,1,6,1,4,5,6,1,4,9,6,2,4,6,6,2,4,31,6,2,4,,1,1,6,3,4,3,6,1,4,2,6,11,4,4,6,4,4,1,6,1,4,4,6,2,4,6,6,1,4,1,6,2,4,2,6,16,4,7,6,2,4,2,6,1,4,1,6,2,4,2,6,16,4,7,6,,1,5,6,2,4,14,6,4,4,4,6,1,4,1,6,4,4,2,6,2,4,26,6,7,4,26,6,7,4,,2,1,4,3,6,1,4,1,6,15,4,3,6,5,4,1,6,3,4,2,6,2,4,4,6,2,4,1,6,22,4,2,6,1,4,5,6,2,4,1,6,22,4,2,6,1,4,,2,1,6,4,6,1,4,14,6,2,6,2,4,6,4,3,6,2,4,2,6,2,4,2,4,2,6,1,4,3,6,2,4,1,6,8,4,8,6,2,4,4,6,2,4,2,6,1,4,3,6,2,4,1,6,8,4,8,6,2,4,4,6,,1,7,6,13,4,1,6,1,4,7,6,5,4,15,6,1,4,8,6,7,4,4,6,1,4,12,6,1,4,8,6,7,4,4,6,1,4,,1,4,6,1,4,1,6,1,4,13,6,1,4,4,6,4,4,5,6,1,4,30,6,1,4,2,6,1,4,1,6,2,4,26,6,1,4,2,6,1,4,1,6,2,4,,1,1,4,2,6,1,4,1,6,1,4,1,6,13,4,1,6,4,4,4,6,5,4,1,6,8,4,1,6,3,4,2,6,16,4,1,6,2,4,6,6,2,4,1,6,3,4,2,6,16,4,1,6,2,4,,2,7,4,13,6,17,4,2,6,2,4,2,6,1,4,3,6,2,4,1,6,8,4,7,6,9,4,2,6,1,4,3,6,2,4,1,6,8,4,7,6,,1,7,6,14,4,4,6,4,4,8,6,2,4,6,6,2,4,2,6,1,4,8,6,8,4,2,6,1,4,9,6,2,4,2,6,1,4,8,6,8,4,2,6,1,4,,2,5,6,16,6,4,4,4,6,1,4,6,4,8,6,1,4,1,6,19,4,1,6,2,4,1,6,5,4,3,6,1,4,1,6,19,4,1,6,2,4,1,6,,1,25,6,4,4,1,6,4,4,2,6,1,4,28,6,1,4,2,6,1,4,29,6,1,4,2,6,1,4,,1,20,6,1,4,2,6,2,4,12,6,2,4,11,6,8,4,8,6,1,4,16,6,8,4,8,6,1,4,,1,1,6,2,4,1,6,1,4,1,6,1,4,1,6,2,4,12,6,1,4,19,6,1,4,4,6,3,4,8,6,7,4,2,6,1,4,1,6,3,4,3,6,1,4,4,6,3,4,8,6,7,4,2,6,1,4,1,6,3,4,,1,7,6,1,4,3,6,9,4,1,6,1,4,7,6,1,4,4,6,1,4,4,6,2,4,2,6,1,4,32,6,1,4,,1,5,6,1,4,4,6,1,4,9,6,1,4,2,6,6,4,1,6,4,4,1,6,3,4,3,6,1,4,3,6,2,4,2,6,18,4,1,6,2,4,4,6,1,4,3,6,2,4,2,6,18,4,1,6,2,4,,1,1,4,2,6,17,4,1,6,2,4,6,6,7,4,2,6,3,4,1,6,3,4,2,6,2,4,16,6,1,4,1,6,2,4,1,6,4,4,1,6,3,4,2,6,2,4,16,6,1,4,1,6,2,4,1,6,,
26A;;;;;20674,,,,,-46243,;;;a-b;A;Väike-Õismäe - Paljassaare põik;12345z;;01610-1,01101-1,01701-1,01302-1,00802-1,02114-1,00701-1,00702-1,08701-1,08702-1,08601-1,07901-1,08907-1,10001-1,10002-1,09901-1,09902-1,09606-1,09701-1,09702-1,09302-1,09304-1,09307-1,09305-1;
+434,+71,+491,+38,,20674,,0,,12345,,1,,2,,1,,1,1,6,,3,1,4,,1,1,6,,2,1,4,,1,1,6,,1,,2,1,4,,1,1,6,1,4,,3,2,6,,1,2,6,,2,,2,2,4,1,6,,1,2,6,1,4,,2,2,4,,1,2,6,,2,1,6,1,4,,2,,1,1,6,,4,1,4,,1,,
;;;;;;;;b-a;A;Paljassaare põik - Väike-Õismäe;12345z;;09305-1,09308-1,09303-1,09301-1,09703-1,09404-1,09607-1,10202-1,10201-1,10101-1,08908-1,07902-1,08602-1,08802-1,08801-1,00309-1,00308-2,01004-1,00911-1,00801-1,01301-1,01401-1,01606-1,01104-1;
+472,+74,+491,+37,,20674,,0,,12345,,0,,4,1,4,1,6,,1,1,6,1,4,,3,,1,2,6,1,4,,2,,1,3,6,,2,3,4,,1,3,6,,2,3,4,,3,2,6,,2,1,4,2,6,,1,1,6,2,4,,1,1,4,2,6,,1,1,6,,2,1,4,1,6,1,4,,3,1,6,1,4,,1,2,6,,1,,1,,1,,2,,0,1,6,,
27;;;;;20605,,,,,-273,;;;a-b;A;Harkujärve - Laagri alevik;1234567z;;47007-1,47006-1,47003-1,47009-1,47234-1,01602-1,01604-1,01101-1,01701-1,01302-1,01403-1,03104-1,03402-1,03403-1,02808-1,05402-1,05405-1,04702-1,05006-1,05002-1,05004-1,04104-1,04607-1,04604-1,04405-1,04402-1,04505-1,20816-1,20824-1,04504-1,04501-1;
+345,+21,+21,+20,+20,+26,+26,+27,+27,+28,+30,+29,+29,+29,+30,+30,+30,+30,+29,+30,+30,+30,+29,+22,+22,+25,+27,+28,+28,+30,+28,+29,+29,+28,+29,+30,+29,+30,-01003,+95,+47,+44,+41,+35,+41,+43,+44,+45,+36,+39,+38,+38,+38,+34,+34,+50,+68,+57,+57,+58,-0982,+96,+60,+67,+49,+62,+63,+55,+55,+58,+59,+60,+61,+61,+61,+57,+58,,20605,38,20332,,0,,12345,38,6,22,7,,1,38,4,5,6,8,4,13,6,6,4,,2,5,6,4,4,11,6,14,4,4,6,5,4,8,6,13,4,6,6,,2,5,4,4,6,11,4,14,6,4,4,,0,4,6,31,4,5,6,16,4,6,6,12,4,,3,9,4,13,6,8,4,5,6,2,4,3,4,1,6,10,4,5,6,14,4,4,6,,1,5,6,3,4,16,6,3,4,,2,5,6,15,6,2,4,5,4,3,6,3,4,10,6,15,4,6,6,11,4,,1,4,6,1,4,3,6,1,4,13,6,2,4,3,6,3,4,3,6,2,4,2,6,1,4,1,6,2,4,17,6,2,4,1,6,1,4,13,6,,1,2,6,2,4,1,6,2,4,2,6,13,4,2,6,3,4,15,6,1,4,,1,2,4,2,6,16,4,2,6,2,4,3,6,10,4,1,6,4,4,1,6,15,4,2,6,15,4,,2,2,6,2,4,3,6,1,4,12,6,2,4,1,6,4,4,10,6,1,4,4,6,1,4,15,6,2,4,3,6,1,4,11,6,,2,4,6,3,4,1,6,1,4,10,6,1,4,2,6,1,4,1,6,4,4,13,6,1,4,1,6,13,4,6,6,1,4,1,6,9,4,,1,6,4,1,6,12,4,1,6,4,4,4,6,10,4,1,6,2,4,1,6,1,4,13,6,2,4,3,6,1,4,1,6,1,4,9,6,2,4,,2,2,4,2,6,2,6,2,4,11,6,3,4,1,6,5,4,9,4,1,6,5,6,8,4,13,6,6,4,,2,2,6,6,4,1,6,26,4,2,6,2,4,1,6,2,4,9,6,10,4,1,6,1,4,7,6,,1,5,6,1,4,2,6,1,4,,1,5,4,1,6,2,4,1,6,25,4,1,6,3,4,1,6,17,4,5,6,13,4,,1,4,6,3,4,1,6,12,4,2,6,5,4,1,6,5,4,1,6,1,4,7,6,1,4,13,6,4,4,14,6,,1,5,6,1,4,1,6,1,4,12,6,2,4,5,6,1,4,15,6,13,4,7,6,10,4,,1,24,6,3,4,,1,51,4,5,6,14,4,3,6,,2,2,4,4,6,1,4,1,6,1,4,9,6,2,4,2,6,2,4,4,6,2,4,21,6,5,4,14,6,3,4,,1,4,6,1,4,4,6,9,4,2,6,2,4,,1,2,6,3,6,1,4,28,4,1,6,16,4,5,6,2,4,2,6,,1,4,6,1,4,19,6,4,4,6,6,1,4,4,6,1,4,11,6,5,4,2,6,2,4,1,6,1,4,,1,39,4,1,6,18,4,2,6,15,4,,2,3,6,2,4,1,4,1,6,2,4,9,6,6,4,4,6,1,4,1,6,4,4,1,6,2,4,2,6,3,4,16,6,2,4,2,6,1,4,1,6,5,4,4,6,1,4,1,6,,1,3,6,1,4,2,6,1,4,2,6,9,4,11,6,1,4,7,6,1,4,4,6,9,4,12,6,1,4,5,6,1,4,4,6,1,4,,2,24,6,3,4,36,4,1,6,5,4,1,6,4,4,1,6,,1,5,6,1,4,16,6,1,4,4,6,1,4,35,6,1,4,5,6,4,4,1,6,1,4,,
;;;;;;;;b-a;A;Laagri alevik - Harkujärve;1234567z;;04501-1,04502-1,04503-1,20818-1,20820-1,20822-1,20821-1,04401-1,04510-1,04603-1,04103-1,04107-1,05003-1,05001-1,05005-1,04701-1,05404-1,05403-1,02906-1,03302-1,03204-1,02102-1,01402-1,01301-1,01401-1,01606-1,01605-1,01603-1,20813-3,47004-1,47005-1,47007-1;
+346,+21,+23,+21,+22,+22,+24,+27,+26,+26,+26,+27,+29,+30,+29,+29,+30,+30,+30,+30,+30,+31,+30,+30,+29,+23,+23,+25,+27,+27,+25,+29,+28,+28,+29,+27,+27,+28,+29,+29,-01004,+97,+49,+43,+41,+36,+41,+43,+44,+45,+36,+39,+38,+37,+38,+34,+34,+50,+67,+57,+55,+58,-0982,+98,+62,+66,+50,+62,+63,+55,+55,+58,+58,+60,+61,+60,+61,+55,+58,,20605,40,20332,,0,,12345,40,6,22,7,,1,,1,2,6,38,4,3,6,10,4,11,6,8,4,,3,2,4,51,6,1,4,,1,3,6,26,4,12,6,2,4,11,6,7,4,2,6,1,4,8,6,6,4,,1,29,6,1,4,,1,4,6,22,4,15,4,2,6,17,4,1,6,2,4,1,6,13,4,1,6,,1,2,6,2,4,2,6,1,4,19,6,13,4,2,6,2,4,4,6,6,4,7,6,1,4,2,6,1,4,4,6,4,4,5,6,1,4,,1,2,4,1,6,1,6,2,4,1,6,7,4,4,6,8,4,11,4,2,6,2,4,2,6,4,4,5,6,8,4,2,6,1,4,1,6,4,4,3,6,6,4,,2,3,6,4,4,7,6,4,4,8,6,3,4,1,6,3,4,4,6,2,4,1,4,1,6,1,6,1,4,4,6,5,4,8,6,1,4,1,4,1,6,5,6,3,4,6,6,1,4,,1,2,6,1,4,4,6,7,4,4,6,11,4,4,6,2,4,18,6,1,4,,1,1,6,1,4,,1,33,4,2,6,2,4,2,6,14,4,1,6,,1,1,4,1,6,3,6,2,4,7,6,4,4,42,4,1,6,16,4,1,6,,1,4,6,1,4,24,6,1,4,,1,3,6,19,6,3,4,10,4,2,6,2,4,4,6,4,4,6,6,1,4,10,6,4,4,,1,37,4,2,6,9,6,4,4,16,6,3,4,,2,5,6,4,4,9,6,9,4,13,4,2,6,6,4,4,6,1,4,1,6,5,4,1,6,1,4,3,6,4,4,3,6,5,4,1,6,1,4,,2,47,6,5,4,16,6,3,4,,1,1,6,1,4,1,6,2,4,1,6,2,4,1,6,9,4,1,6,10,4,11,6,7,4,5,6,2,4,5,6,1,4,2,6,6,4,8,6,1,4,,1,2,6,7,4,5,6,8,4,3,6,14,4,3,6,1,4,4,6,5,4,2,6,5,4,2,6,1,4,6,6,8,4,2,6,,3,2,4,2,6,22,4,3,6,1,4,3,6,1,4,1,6,2,4,2,6,3,4,1,6,11,4,5,6,2,4,1,6,9,4,5,6,2,4,,1,1,6,13,4,1,6,18,4,1,6,1,4,2,6,2,4,1,6,1,4,1,6,5,4,1,6,12,4,1,6,16,4,,1,40,4,1,6,12,4,1,6,7,4,3,6,4,4,3,6,5,4,1,6,,1,14,6,1,4,7,6,3,4,1,6,3,4,1,6,4,4,13,6,1,4,5,6,1,4,7,6,1,4,1,6,1,4,4,6,3,4,5,6,1,4,,2,1,4,1,6,12,4,1,6,13,4,1,6,1,4,4,6,13,4,1,6,5,4,1,6,5,4,1,6,1,4,1,6,1,4,1,6,4,4,3,6,5,4,1,6,,2,1,6,1,4,1,6,4,4,2,6,6,4,3,6,1,4,2,6,5,4,2,6,1,4,1,6,4,4,13,6,1,4,20,6,3,4,,1,9,4,5,6,16,4,4,6,3,4,2,6,4,4,10,6,11,4,3,6,1,4,3,6,,2,2,6,2,4,1,6,1,4,3,6,5,4,3,6,1,4,1,6,2,4,4,6,9,4,3,6,2,4,4,6,10,4,11,6,3,4,1,6,3,4,,2,1,4,3,6,1,4,1,6,3,4,6,6,2,4,1,6,1,4,2,6,5,4,8,6,2,4,5,6,2,4,10,6,1,4,5,6,1,4,1,6,1,4,1,6,1,4,3,6,1,4,3,6,1,4,4,6,1,4,,2,1,6,1,4,3,6,1,4,3,6,6,4,2,6,1,4,1,6,2,4,5,6,8,4,6,6,1,4,7,6,4,4,10,6,1,4,,1,16,6,1,4,1,6,1,4,2,6,4,4,9,6,1,4,1,6,1,4,2,6,1,4,3,6,5,4,4,6,1,4,1,6,5,4,1,6,1,4,3,6,3,4,1,6,3,4,1,6,4,4,1,6,,
;;;;;-25569,,,,,45901,;;;b1-a;A;Autobussikoondis - Harkujärve;67z;;02102-1,01402-1,01301-1,01401-1,01606-1,01605-1,01603-1,20813-3,47004-1,47005-1,47007-1;
+481,+14,,20332,,0,,6,1,7,,1,,1,,1,,1,,3,,0,,3,,1,,2,,1,,
;;;;;20605,,,,,-273,;;;a-c;A;Harkujärve - Väike-Õismäe;1234567z;;47007-1,47006-1,47003-1,47009-1,47234-1,01602-1,01604-1,01101-1;
+1388,-017,+58,-058,+58,,20605,1,20332,,0,,12345,1,6,2,7,,1,1,4,,2,1,6,,2,1,4,,0,,2,,1,,2,,
28;;;;;20485,,,,,-46054,;;;a-b;A;Vana-Lõuna - Väike-Õismäe;12345z;;11314-1,00162-1,13201-1,13202-1,11308-1,11304-1,07302-1,07103-1,07101-1,07706-1,07709-1,02302-1,02501-1,02502-1,03202-1,03204-1,02102-1,01402-1,01301-1,01401-1,01102-1,01001-1,00901-1;
+370,+23,+16,+17,+18,+18,+16,+19,+18,+20,+20,+21,+18,+18,+19,+20,+19,+19,+19,+19,+19,+19,+19,+19,+19,+19,+19,+20,+20,+20,+19,+19,+17,+17,+17,+18,+18,+19,+20,+20,+19,+19,+19,+19,+19,+19,+19,+19,+19,+19,+19,+19,,20485,,0,,12345,,3,3,6,35,4,10,4,,2,3,4,35,6,8,4,,0,3,6,35,4,10,6,,3,3,4,28,6,10,4,7,4,,2,,2,3,6,6,4,15,6,22,4,,1,24,4,6,6,,2,37,4,,1,1,6,13,4,9,6,,2,1,4,1,6,5,4,7,6,9,4,7,6,15,4,,1,1,6,1,4,1,6,7,4,14,6,6,4,15,6,,2,1,4,1,7,1,4,4,6,2,4,1,6,4,4,9,6,1,4,23,4,1,6,,2,10,4,4,6,31,4,2,6,,2,10,6,4,4,16,6,8,4,10,4,,2,2,4,1,6,4,4,7,6,9,4,15,6,2,4,5,6,,3,3,4,4,6,22,6,1,4,17,4,1,6,,1,1,6,13,4,8,6,23,4,2,6,1,4,,1,,2,1,4,2,6,4,4,7,6,8,4,1,6,6,4,1,6,8,4,7,6,2,4,,1,2,6,1,4,4,6,1,4,30,6,3,4,7,6,,1,2,4,1,6,4,4,1,6,30,4,3,6,4,4,1,6,2,4,,1,2,6,1,4,4,6,3,4,12,6,1,4,15,6,6,4,1,6,1,4,2,6,,
;;;;;;;;b-a;A;Väike-Õismäe - Vana-Lõuna;12345z;;00901-1,00902-1,01002-1,01103-1,01701-1,01302-1,01403-1,03104-1,03105-1,03304-1,02402-1,02601-1,02301-1,07703-1,07205-1,07206-1,07102-1,07409-1,11301-1,12607-1,13302-1,13301-1,00011-1,11315-1;
-01,+0,+0,+0,+0,+410,-0410,+434,+15,+19,+18,+18,+16,+18,+18,+18,+20,+21,+18,+18,+19,+20,+19,+19,+19,+19,+19,+19,+19,+20,+19,+19,+19,+20,-0920,+943,+18,+20,+20,+17,+17,+17,+18,+18,+18,+18,+20,+18,+18,+19,+19,+19,+18,+17,+19,+18,,20485,,0,,12345,,327,1,25,1,21,1,21,1,21,1,-389,1,428,1,-418,27,938,1,-928,,0,7,6,27,4,1,6,11,4,,1,,2,42,4,4,6,,1,6,6,1,4,27,6,1,4,7,6,4,4,,1,,2,7,6,6,4,,2,35,6,7,3,4,6,,1,3,6,4,4,1,6,27,4,7,6,4,4,,2,7,6,1,4,27,6,7,4,,2,5,6,3,6,5,4,20,6,1,4,7,4,1,6,8,4,,1,3,6,2,6,2,4,27,6,1,4,6,6,1,4,,2,,1,3,6,2,4,2,6,5,4,1,6,21,4,1,6,6,4,,2,3,4,2,6,1,4,6,6,1,4,21,6,1,4,6,6,4,4,5,6,,1,6,6,35,4,1,6,8,4,,2,12,4,1,6,29,4,8,6,,2,3,6,27,4,3,6,1,4,1,6,6,4,1,6,8,4,,2,2,6,1,4,1,6,9,4,17,6,2,6,1,4,1,6,1,4,15,4,,1,3,6,2,4,8,6,19,4,9,6,1,4,,1,38,6,2,4,,1,38,4,2,6,,2,2,4,3,6,6,4,1,6,1,4,22,6,5,4,10,6,1,4,,
30;;;;;20332,,,,,-45901,;;;a-b;A;Seli - Iru - Kärmu;12345z;;16601-1,16506-1,16502-1,16504-1,19101-1,19104-1,19302-1,19403-1,19401-1;
+370,+46,+48,+50,+406,+58,+54,+51,,20332,,0,,12345,,2,1,6,6,4,,2,1,4,6,6,,3,1,6,6,4,,3,,1,,1,,1,,1,,
;;;;;;;;b-a;A;Kärmu - Iru - Seli;12345z;;19401-1,19402-1,19301-1,19103-1,19102-1,16507-1,16702-1,16511-1,16302-1,16501-1,16605-1,16603-1;
+385,+47,+48,+50,+411,+57,+50,+62,,20332,,0,,12345,,1,,1,,1,,2,,3,5,6,1,4,,3,,1,,1,2,6,3,6,1,4,,1,2,6,3,4,1,6,,1,5,6,1,4,,1,2,4,4,6,1,4,,
31;;;;;20666,,,,,,;;;a-b;A;Priisle - Estonia;1234567z;;16502-1,16509-1,16703-1,16904-1,16902-1,17103-1,16907-1,16108-1,16107-1,15803-1,15802-1,15605-1,15302-1,15301-1,15110-1,15303-1,15306-1,15312-1,15111-1,15105-1,11508-1,11501-1,11401-1,12220-1,21204-1;
+343,+19,+19,+19,+20,+21,+20,+20,+18,+22,+16,+19,+17,+18,+18,+18,+19,+19,+22,+22,+20,+20,+20,+20,+20,+20,+20,+18,+18,+19,+19,+19,+18,+18,+18,+18,+18,+20,+22,+22,+17,+22,+23,+23,+26,+16,+18,+19,+23,+23,+21,+23,+23,+20,-01045,+26,+27,+31,+30,+36,+33,+31,+36,+39,+37,+34,+35,+36,+36,+37,+37,+37,+36,+37,+38,+34,+36,+46,+34,+37,+33,+31,+35,+36,-01011,+26,+27,+31,+30,+36,+33,+31,+36,+39,+37,+34,+35,+36,+36,+37,+37,+37,+36,+37,+38,+34,+36,+46,+34,+37,+33,+31,+35,+36,,20666,,0,,12345,54,6,30,7,,1,4,6,39,4,23,6,8,4,22,6,8,4,,2,6,6,5,4,,1,3,6,1,4,2,6,4,4,1,6,27,4,5,6,4,4,16,6,3,4,8,6,2,4,17,6,3,4,8,6,2,4,,2,3,4,1,6,6,4,28,6,5,4,4,6,7,4,7,6,2,4,3,6,8,4,2,6,4,4,11,6,2,4,3,6,8,4,2,6,4,4,,1,10,6,1,4,18,6,13,4,1,6,4,4,10,6,9,4,8,6,3,4,3,6,4,4,3,6,9,4,8,6,3,4,3,6,,1,4,6,6,4,1,6,27,4,28,6,8,4,22,6,8,4,,2,10,6,1,4,27,6,1,4,18,4,6,6,17,4,4,6,3,4,6,6,17,4,,1,5,6,5,4,1,6,27,4,1,6,3,4,24,6,7,4,7,6,4,4,12,6,7,4,7,6,,1,3,6,2,4,5,6,1,4,22,6,11,4,3,6,3,4,4,6,11,6,1,4,7,6,1,4,21,6,1,4,7,6,1,4,,1,2,6,1,4,2,6,5,4,1,6,22,4,11,6,3,4,16,6,2,4,9,6,2,4,17,6,2,4,9,6,2,4,,2,2,4,2,6,1,4,5,6,1,4,17,6,16,4,13,6,6,4,2,6,8,4,4,6,3,4,7,6,6,4,2,6,8,4,4,6,3,4,,1,2,6,41,4,1,6,10,4,9,6,2,4,11,6,1,4,16,6,2,4,11,6,1,4,,1,5,6,5,4,1,6,17,4,5,6,4,4,6,6,1,4,22,6,10,4,20,6,10,4,,1,6,4,1,6,26,4,4,6,29,4,7,6,1,4,2,6,20,4,7,6,1,4,2,6,,2,6,6,1,4,22,6,8,4,7,6,3,4,3,6,4,4,12,6,7,4,1,6,2,4,20,6,7,4,1,6,2,4,,1,50,4,4,6,,2,44,4,3,6,19,4,7,6,1,4,2,6,20,4,7,6,1,4,2,6,,1,3,6,1,4,1,6,1,4,1,6,2,4,1,6,1,4,17,6,1,4,4,6,6,4,5,6,2,4,20,6,7,4,1,6,2,4,20,6,7,4,1,6,2,4,,1,4,6,1,4,1,6,1,4,22,6,4,4,6,6,2,4,24,6,1,4,29,6,1,4,,2,1,6,1,4,26,6,1,4,17,6,1,4,3,6,4,4,8,6,3,4,27,6,3,4,,1,1,4,1,6,37,4,2,6,5,4,1,6,3,4,4,6,9,4,2,6,28,4,2,6,,1,1,6,26,6,1,4,11,6,2,4,2,4,3,6,11,4,4,6,2,6,2,4,22,4,4,6,2,6,2,4,,2,4,6,6,4,18,6,9,4,,2,3,6,1,4,7,6,17,4,1,6,7,4,1,6,4,4,2,6,3,4,11,6,4,4,5,6,9,4,12,6,4,4,5,6,9,4,,
;;;;;;;;b-a;A;Estonia - Priisle;1234567z;;21204-1,12305-2,11402-1,11502-1,11507-1,15106-1,15311-1,15305-1,15304-1,14708-1,14709-1,14710-1,14404-1,14407-1,14403-1,16001-1,16111-1,16112-1,16906-1,16901-1,16903-1,16905-1,16704-1,16702-1,16511-1,16302-1,16501-1;
+377,+20,+20,+20,+24,+22,+22,+20,+18,+20,+15,+18,+17,+18,+18,+18,+19,+19,+22,+22,+20,+20,+20,+20,+20,+20,+20,+19,+20,+20,+19,+19,+18,+18,+18,+18,+18,+18,+21,+22,+17,+21,+21,+22,+26,+16,+18,+17,+23,+23,+21,+23,+23,+20,-01047,+26,+27,+32,+30,+36,+33,+32,+37,+41,+37,+35,+36,+36,+36,+37,+37,+37,+36,+36,+37,+34,+34,+46,+34,+36,+33,+31,+35,+36,-01013,+26,+27,+32,+30,+36,+33,+32,+37,+41,+37,+35,+36,+36,+36,+37,+37,+37,+36,+36,+37,+34,+34,+46,+34,+36,+33,+31,+35,+36,,20666,,0,,12345,54,6,30,7,,2,2,6,42,4,,2,3,6,38,4,20,6,18,4,12,6,18,4,,1,1,6,2,4,41,6,3,4,17,6,10,4,20,6,10,4,,1,1,4,1,6,42,4,3,6,,2,29,6,6,4,6,6,6,4,32,6,3,4,27,6,3,4,,2,41,4,3,6,17,4,1,6,17,4,3,6,9,4,1,6,17,4,3,6,,1,28,6,1,4,6,6,1,4,5,6,3,4,,1,25,6,3,4,8,6,3,4,40,6,3,4,27,6,3,4,,2,2,6,23,4,4,6,6,4,4,6,2,4,20,6,1,4,2,6,13,4,14,6,1,4,2,6,13,4,,1,40,4,1,6,,1,2,4,1,6,5,4,17,6,39,4,10,6,20,4,10,6,,2,2,6,1,4,5,6,17,4,3,6,1,4,11,6,1,4,13,4,2,6,8,6,9,4,11,4,2,6,8,6,9,4,,1,,1,2,4,1,6,5,4,16,6,37,4,1,6,12,4,3,6,2,4,3,6,9,4,1,6,12,4,3,6,2,4,3,6,,1,2,6,1,4,5,6,16,4,1,6,3,4,16,6,2,4,15,6,3,4,9,6,4,4,2,6,3,4,9,6,3,4,9,6,4,4,2,6,3,4,,2,44,4,2,6,35,4,1,6,29,4,1,6,,1,4,6,3,4,22,6,10,4,2,6,2,4,1,6,2,4,7,4,1,6,6,6,1,4,3,6,9,4,17,6,1,4,3,6,9,4,,2,3,6,1,4,3,6,6,4,11,6,1,4,3,6,1,4,10,6,1,4,3,6,1,4,6,4,3,6,9,6,2,4,13,6,2,4,13,6,2,4,13,6,2,4,,1,43,4,1,6,10,4,1,6,29,4,1,6,,1,2,6,1,4,1,6,3,4,6,6,11,4,3,6,1,4,1,6,5,4,1,6,1,4,7,6,1,4,10,6,1,4,3,6,2,4,4,6,9,4,11,6,1,4,3,6,2,4,4,6,9,4,,1,13,4,11,6,3,4,1,6,7,4,1,6,18,4,1,6,3,4,2,6,24,4,1,6,3,4,2,6,,1,1,6,1,4,1,6,1,4,9,6,11,4,1,6,4,4,5,6,4,4,2,6,1,4,13,6,1,4,3,6,2,4,24,6,1,4,3,6,2,4,,1,1,4,1,6,38,4,1,6,13,4,1,6,3,4,2,6,24,4,1,6,3,4,2,6,,1,1,6,1,4,47,4,1,6,,2,13,4,10,6,11,4,4,6,1,4,1,6,1,4,8,6,5,4,3,6,3,4,1,6,16,4,10,6,3,4,1,6,16,4,,1,2,6,1,4,53,4,1,6,25,4,2,6,2,4,1,6,25,4,,
31A;;;;;;;;a-b;A;Priisle - Iru hooldekodu - Estonia;1234567z;;16502-1,16512-2,16510-1,16513-1,16509-1,16703-1,16904-1,16902-1,17103-1,16907-1,16008-1,16106-1,15803-1,15802-1,15605-1,15302-1,15301-1,15110-1,15303-1,15306-1,15312-1,15111-1,15105-1,11508-1,11501-1,11401-1,12220-1,21204-1;
+330,+37,+38,+24,+41,+41,+31,+34,+37,+34,+23,+25,+35,+25,+35,+44,+32,+39,+38,+32,+30,+25,+26,+31,+30,+30,+41,+39,+41,+28,+35,+30,+35,-01015,+30,+25,+38,+34,+34,+42,+34,+35,+32,+35,+36,+35,+37,+37,+36,+37,+37,+38,+37,+38,+42,+37,+37,+30,+34,+36,+32,+32,-0987,+30,+25,+38,+34,+34,+42,+34,+35,+32,+35,+36,+35,+37,+37,+36,+37,+37,+38,+37,+38,+42,+37,+37,+30,+34,+36,+32,+32,,20666,,0,,12345,33,6,29,7,,2,3,6,23,4,7,4,2,6,26,4,3,6,26,4,,2,21,6,2,4,3,6,1,4,8,4,4,6,19,4,3,6,3,4,4,6,19,4,3,6,,1,4,6,2,4,13,6,2,4,2,6,3,4,1,6,1,4,8,6,3,4,19,6,3,4,4,6,3,4,19,6,3,4,,1,17,6,2,4,8,4,1,6,,2,4,6,2,4,30,4,3,6,19,4,3,6,4,4,3,6,19,4,3,6,,1,3,6,14,4,2,6,4,4,4,6,2,4,7,6,3,4,5,6,7,4,7,6,3,4,4,6,3,4,5,6,7,4,7,6,3,4,,1,2,6,1,4,14,6,2,4,4,6,4,4,2,6,2,4,4,6,1,4,3,6,5,4,7,6,4,4,9,6,1,4,3,6,5,4,7,6,4,4,,2,2,4,1,6,14,4,2,6,7,4,1,6,1,4,3,6,4,4,8,6,11,4,1,6,3,4,3,6,3,4,8,6,11,4,1,6,3,4,3,6,,1,4,6,2,4,11,6,2,4,21,6,3,4,26,6,3,4,,1,2,6,2,6,17,6,1,4,3,4,8,4,2,6,8,6,8,4,11,4,2,6,8,6,8,4,,1,,2,54,6,1,4,28,6,1,4,,1,3,6,1,4,15,6,2,4,5,6,1,4,7,6,1,4,9,6,7,4,12,6,1,4,9,6,7,4,,1,1,6,2,4,1,6,22,4,1,6,1,4,5,6,1,4,2,6,8,4,7,6,3,4,1,6,2,4,1,6,3,4,1,6,1,4,2,6,8,4,7,6,3,4,1,6,2,4,1,6,3,4,,2,1,4,1,6,2,4,2,6,19,4,1,6,1,4,1,6,5,4,11,6,7,4,22,6,7,4,,1,3,6,3,4,11,6,2,4,2,6,2,4,2,6,1,4,1,6,1,4,12,6,4,4,25,6,4,4,,1,21,4,2,6,2,4,1,6,,2,1,6,1,4,17,6,4,4,2,6,1,4,2,6,1,4,,1,1,4,1,6,,2,25,4,1,6,2,4,1,6,,1,1,6,1,4,1,6,2,4,1,6,13,4,2,6,1,4,1,6,3,4,28,6,1,4,28,6,1,4,,1,2,6,1,4,16,6,2,4,30,6,2,4,27,6,2,4,,2,5,6,1,4,20,6,1,4,1,6,1,4,6,6,1,4,8,6,7,4,2,6,1,4,10,6,1,4,8,6,7,4,2,6,1,4,,1,5,4,1,6,20,4,1,6,1,4,1,6,6,4,1,6,8,4,10,6,10,4,1,6,8,4,10,6,,1,1,6,15,6,3,4,6,4,1,6,1,4,1,6,5,4,1,6,2,4,3,6,5,6,9,4,1,4,1,6,3,4,3,6,1,4,1,6,2,4,3,6,5,6,9,4,1,4,1,6,3,4,3,6,,2,3,6,3,4,13,6,2,4,1,6,1,4,,2,2,6,1,4,1,6,1,4,11,6,3,4,2,6,1,4,1,6,1,4,1,6,1,4,12,6,2,4,2,6,2,4,14,6,3,4,6,6,2,4,2,6,2,4,14,6,3,4,,
;;;;;;;;b-a;A;Estonia - Iru hooldekodu - Priisle;1234567z;;21204-1,12305-2,11402-1,11502-1,11507-1,15106-1,15311-1,15305-1,15304-1,14708-1,14709-1,14710-1,14404-1,14407-1,14403-1,16001-1,16006-1,16906-1,16901-1,16903-1,16905-1,16704-1,16702-1,16511-1,16512-1,16510-1,16513-2,16302-1,16501-1;
+369,+38,+41,+28,+44,+40,+28,+34,+37,+34,+23,+25,+35,+25,+35,+44,+33,+42,+38,+32,+30,+24,+25,+30,+30,+27,+40,+38,+40,+27,+35,+30,-01030,+48,+30,+26,+38,+34,+34,+44,+36,+35,+32,+37,+36,+35,+37,+37,+36,+37,+37,+36,+37,+37,+41,+36,+37,+30,+33,+36,-0972,+48,+30,+26,+38,+34,+34,+44,+36,+35,+32,+37,+36,+35,+37,+37,+36,+37,+37,+36,+37,+37,+41,+36,+37,+30,+33,+36,,20666,,0,,12345,32,6,28,7,,2,1,6,26,4,,2,2,6,22,4,14,6,19,4,9,6,19,4,,1,1,6,1,4,25,6,1,4,14,6,9,4,19,6,9,4,,1,27,4,1,6,,2,17,6,4,4,3,6,2,4,1,6,1,4,29,6,2,4,26,6,2,4,,2,24,4,2,6,12,4,1,6,18,4,2,6,7,4,1,6,18,4,2,6,,1,24,6,2,4,,1,15,6,2,4,4,6,2,4,34,6,2,4,26,6,2,4,,2,2,6,13,4,2,6,3,4,3,6,1,4,2,6,1,4,11,6,1,4,2,6,14,4,11,6,1,4,2,6,14,4,,1,,1,5,4,10,6,11,4,1,6,15,4,9,6,19,4,9,6,,2,5,6,10,4,11,6,1,4,5,4,1,6,9,6,9,4,9,4,1,6,9,6,9,4,,1,,1,5,4,10,6,23,4,1,6,12,4,4,6,2,4,2,6,7,4,1,6,12,4,4,6,2,4,2,6,,1,5,6,12,4,3,6,1,4,17,6,1,4,1,6,1,4,10,6,4,4,2,6,2,4,7,6,1,4,1,6,1,4,10,6,4,4,2,6,2,4,,2,5,4,10,6,5,4,1,6,17,4,1,6,1,4,1,6,16,4,2,6,7,4,1,6,1,4,1,6,16,4,2,6,,3,1,6,3,4,1,6,12,6,3,4,3,4,10,4,2,6,3,6,13,4,8,4,1,6,1,4,2,6,3,6,13,4,8,4,,1,32,4,1,6,27,4,1,6,,1,4,6,1,4,19,6,2,4,8,6,1,4,22,6,3,4,2,6,1,4,22,6,,1,34,4,1,6,22,4,3,6,2,4,1,6,22,4,,1,1,6,3,4,12,6,5,4,13,6,1,4,6,6,1,4,15,6,3,4,2,6,1,4,6,6,1,4,15,6,,1,34,4,1,6,22,4,3,6,2,4,1,6,22,4,,1,14,6,1,4,27,6,8,4,20,6,8,4,,1,5,6,9,4,1,6,1,4,5,6,3,4,2,6,1,4,6,6,2,4,4,6,2,4,9,6,4,4,3,6,2,4,2,6,2,4,4,6,2,4,9,6,4,4,3,6,2,4,,2,1,6,1,4,14,6,1,4,1,6,3,4,3,6,1,4,8,4,2,6,4,4,1,6,17,4,2,6,2,4,2,6,4,4,1,6,17,4,2,6,,1,2,6,3,4,12,6,1,4,3,6,3,4,1,6,1,4,1,6,1,4,5,6,2,4,4,6,1,4,17,6,2,4,2,6,2,4,4,6,1,4,17,6,2,4,,2,14,6,1,4,3,6,1,4,4,4,1,6,1,4,1,6,1,4,1,6,5,4,2,6,22,4,2,6,2,4,2,6,22,4,2,6,,1,2,6,2,4,11,6,1,4,16,4,1,6,26,4,2,6,26,4,,
32;;;;;20605,,,,,-46174,;;;a-b;A;Männiku - Kopli;12345z;;06101-1,06104-1,06106-1,05903-1,05901-1,06410-1,06406-1,06402-1,06801-1,07404-1,07401-1,07301-1,11306-1,11307-1,11202-1,11203-1,08906-1,08912-1,10001-1,10002-1,09901-1,09902-1,09606-1,09401-1,09402-1,09405-1,09104-1,09110-1,09008-1,09006-1;
+323,+22,+21,+19,+18,+18,+18,+21,+23,+25,+299,+32,+25,+24,+20,+20,+20,+21,+21,+21,+24,+24,+26,+30,,20605,,0,,12345,,1,8,4,,1,8,6,,1,6,6,2,4,,1,6,4,1,6,,1,6,6,1,4,1,6,2,4,,1,1,4,2,6,,1,1,6,2,4,4,6,,1,3,6,5,6,2,4,,1,5,6,1,6,1,4,3,6,13,4,,1,,1,3,6,2,4,1,6,17,4,,2,3,6,3,6,1,6,3,3,,1,7,6,,1,1,4,4,6,,1,1,6,4,4,1,6,12,7,5,3,,2,1,4,3,6,1,6,13,6,3,4,,1,1,6,3,4,3,6,2,4,12,6,1,4,,1,4,6,3,4,2,6,1,4,8,6,3,4,,1,7,6,2,4,5,6,4,4,3,6,1,4,,1,6,6,1,4,2,6,5,4,4,6,4,4,1,6,,1,1,4,1,6,,1,1,6,1,4,4,6,4,4,8,6,4,4,,1,1,4,1,6,4,4,1,6,,1,,1,17,6,1,4,,1,1,6,1,4,4,6,1,4,7,6,3,4,1,6,3,4,,1,1,4,1,6,4,4,1,6,2,4,1,6,4,4,3,6,1,4,3,6,2,4,,1,2,4,2,6,3,4,2,6,8,4,1,6,,1,,
;;;;;;;;a1-b;A;Sõle - Kopli;12345z;;10001-1,10002-1,09901-1,09902-1,09606-1,09401-1,09402-1,09405-1,09104-1,09110-1,09008-1,09006-1;
+326,,20605,,0,,12345,,1,,1,,0,,2,,0,,1,,1,,2,,0,,1,,1,,
;;;;;;;;b-a;A;Kopli - Männiku;12345z;;09006-1,09001-1,09101-1,09102-1,09502-1,09503-1,09504-1,09607-1,10202-1,10201-1,10101-1,08911-1,08904-1,11204-1,11207-1,11303-1,07408-1,07403-1,07405-1,06803-1,06802-1,06401-1,06409-1,06411-1,05902-1,05904-1,06107-1,06105-1,06102-1;
+337,+20,+23,+22,+21,+20,+20,+23,+24,+24,+25,+292,+32,+26,+25,+21,+20,+20,+22,+24,+22,+23,+23,+23,+26,,20605,,0,,12345,,0,,1,16,6,4,4,,1,6,6,3,4,11,6,2,4,,1,9,6,11,4,2,6,,1,9,4,11,6,2,4,,1,16,6,4,4,,1,5,6,11,4,4,6,,1,9,4,7,6,4,4,,1,4,6,1,4,11,6,4,4,,2,4,4,1,6,,1,4,7,1,4,,1,2,6,3,7,1,4,13,4,1,6,,2,6,6,2,4,6,6,6,4,,2,2,4,2,6,10,4,1,6,4,4,1,6,1,4,,1,2,6,6,4,6,6,2,4,3,6,1,4,,2,4,4,1,6,,1,3,6,17,6,1,4,,1,4,6,1,4,10,6,1,6,3,4,1,4,,1,5,6,4,4,2,6,3,4,1,6,4,4,,1,6,4,2,6,3,4,1,6,8,6,1,4,,2,4,4,2,6,2,4,1,6,3,4,2,6,6,4,1,6,,1,4,6,2,4,2,6,1,4,3,6,2,4,1,6,1,4,,0,3,6,2,4,1,6,2,4,1,6,3,4,2,6,1,4,1,6,,1,1,6,2,4,2,6,1,4,2,6,1,4,3,6,2,4,1,6,1,4,,1,1,4,2,6,2,4,1,6,2,4,1,6,3,4,2,6,1,4,1,6,,1,4,4,1,6,16,4,,0,1,6,2,4,1,6,,2,1,4,2,6,2,4,10,6,1,4,5,6,,
33;;;;;20606,,,,,,;;;a-b;A;Männiku - Kopli;1234567z;;06101-1,06104-1,06106-1,05905-1,05906-1,05702-1,05705-1,05602-1,05201-1,05204-1,04801-1,04701-1,05404-1,05403-1,02906-1,03302-1,03303-1,02101-1,02103-1,02105-1,08204-1,00148-1,08001-1,07903-1,08907-1,10001-1,10002-1,09901-1,09902-1,09606-1,09401-1,09402-1,09502-1;
+337,+19,+16,+16,+16,+15,+15,+15,+15,+17,+17,+17,+18,+19,+19,+19,+19,+20,+20,+20,+20,+20,+20,+18,+17,+17,+17,+17,+17,+18,+18,+18,+18,+18,+18,+18,+18,+18,+20,+20,+20,+22,+22,+22,+20,+20,+20,+22,+24,+24,+24,+21,+21,+21,+21,+22,+21,-01066,+25,+25,+25,+20,+18,+18,+21,+21,+21,+21,+18,+18,+18,+18,+18,+18,+19,+18,+18,+18,+18,+19,+18,+18,+18,+18,+17,+16,+15,+15,+16,+17,+17,+18,+18,+18,+18,+19,+18,+18,+17,+18,+20,+21,+22,+21,+21,+20,+19,+18,+18,+18,+18,+18,+18,+17,+15,+15,-01005,+21,+20,+20,+20,+20,+20,+21,+19,+18,+19,+18,+18,+18,+19,+17,+17,+19,+19,+20,+18,+17,+18,+19,+16,+16,+15,+15,+15,+17,+18,+18,+18,+18,+16,+16,+16,+18,+20,+20,+21,+20,+20,+21,+21,+21,+20,+18,+18,+18,+18,+18,+18,+16,+15,+15,,20606,,0,,12345,57,6,59,7,,1,,1,32,6,11,4,,1,2,6,30,4,2,6,17,4,,2,57,4,7,6,48,4,8,6,48,4,,2,54,4,3,6,7,4,1,6,41,4,6,6,8,4,1,6,41,4,6,6,,1,2,4,3,6,48,4,1,6,3,4,3,6,,1,6,6,10,4,16,6,2,4,19,6,1,4,59,4,3,6,4,6,1,4,48,4,,1,2,6,4,4,10,6,16,4,2,6,8,4,1,6,8,4,16,6,30,4,26,6,30,4,,1,7,6,9,4,16,6,2,4,8,6,1,4,11,6,1,4,42,6,6,4,3,6,3,4,44,6,6,4,3,6,3,4,,1,1,6,1,4,4,6,1,4,9,6,16,4,4,6,6,4,9,6,2,4,11,6,3,4,42,6,3,4,9,6,2,4,42,6,3,4,,1,1,4,1,6,49,4,2,6,1,4,1,6,2,4,3,6,4,4,3,6,30,4,6,6,3,4,7,6,8,4,2,6,30,4,6,6,3,4,7,6,,1,53,4,1,6,2,4,1,6,3,4,4,6,10,4,23,6,19,4,4,6,10,4,23,6,,1,1,6,4,7,1,4,1,6,6,4,3,4,16,6,4,4,1,6,3,4,15,4,1,6,18,6,19,4,20,4,3,6,14,6,19,4,20,4,,2,36,6,1,4,3,6,1,4,2,6,1,4,21,6,2,4,5,6,2,4,35,4,4,6,8,6,2,4,5,6,2,4,19,6,3,4,13,4,4,6,,2,2,4,1,6,31,6,1,4,8,4,1,6,6,4,1,6,3,4,1,6,1,4,4,6,5,4,2,6,5,4,2,6,23,4,3,6,3,4,3,6,14,4,3,6,5,4,2,6,19,4,3,6,1,4,3,6,3,4,3,6,,1,1,4,1,6,4,6,1,4,9,6,16,4,11,6,1,4,9,4,1,6,1,4,1,6,45,4,2,6,3,4,3,6,48,4,2,6,3,4,3,6,,2,1,6,4,6,1,4,1,6,6,4,20,6,7,4,1,6,2,4,1,6,4,4,9,4,2,6,13,6,2,4,23,6,3,4,1,6,2,4,6,4,7,6,12,6,2,4,19,6,3,4,1,6,3,4,1,6,2,4,6,4,,2,1,4,31,6,1,4,2,6,1,4,57,6,3,4,,1,1,6,2,4,25,6,4,4,1,6,1,4,6,6,1,4,18,4,1,6,,1,3,6,25,4,6,6,1,4,1,6,4,4,2,6,6,4,2,6,1,4,2,6,1,4,3,6,3,4,5,6,2,4,3,6,2,4,2,6,19,4,3,6,1,4,6,6,3,4,14,6,3,4,3,6,2,4,2,6,19,4,3,6,1,4,6,6,3,4,,2,1,6,2,4,3,6,1,4,2,6,25,4,1,6,15,4,1,6,2,4,8,6,3,4,3,6,3,4,2,6,2,4,32,6,3,4,8,6,3,4,3,6,3,4,2,6,2,4,19,6,3,4,10,6,3,4,,1,7,6,2,4,23,6,1,4,1,6,2,4,28,6,1,4,28,6,3,4,4,6,1,4,55,6,1,4,,1,29,6,3,4,1,6,1,4,6,6,2,4,8,6,1,4,23,6,19,4,4,6,3,4,30,6,19,4,4,6,3,4,,3,6,6,6,4,23,6,4,4,11,4,1,6,2,4,1,6,3,4,9,6,1,4,3,6,4,4,22,6,1,4,4,6,5,4,16,6,1,4,3,6,4,4,22,6,1,4,4,6,5,4,,1,3,6,37,4,2,6,6,4,8,4,1,6,2,6,7,4,1,6,36,4,3,6,4,4,6,6,6,4,1,6,36,4,3,6,3,4,,2,3,4,2,6,1,4,2,6,8,4,12,6,1,4,3,6,3,4,2,6,5,4,6,6,3,4,5,6,1,4,9,6,1,4,7,6,22,4,4,6,1,4,2,6,3,4,16,6,1,4,7,6,18,4,1,6,3,4,7,6,3,4,,1,3,6,2,4,1,6,2,4,4,6,1,4,3,6,12,4,1,6,3,4,2,6,3,4,5,6,6,4,5,6,1,4,3,6,2,4,6,6,1,4,1,6,5,4,24,6,4,4,10,6,6,4,4,6,2,4,1,6,5,4,20,6,1,4,3,6,5,4,8,6,,1,5,6,1,4,1,6,5,4,16,6,1,4,4,6,1,4,2,6,6,4,15,4,2,6,13,6,2,4,39,4,3,6,12,6,2,4,39,4,,1,1,6,2,4,1,6,3,4,1,6,2,4,3,6,15,4,1,6,4,4,1,6,6,4,1,6,3,4,4,6,1,4,1,6,1,4,9,6,1,4,3,6,1,4,1,6,1,4,7,6,18,4,1,6,3,4,5,6,2,4,3,6,3,4,4,6,4,4,5,6,1,4,7,6,18,4,1,6,3,4,5,6,2,4,3,6,3,4,4,6,,1,7,6,1,4,40,4,1,6,1,4,1,6,9,4,1,6,3,4,1,6,20,4,7,6,1,4,3,6,20,4,1,6,24,4,7,6,,1,6,6,1,4,5,6,1,4,20,6,1,4,6,6,1,4,,2,1,4,2,6,1,4,1,6,1,4,2,6,4,4,1,6,16,4,1,6,3,4,1,6,6,4,1,6,6,4,1,6,4,4,5,6,2,4,1,6,1,4,3,6,1,4,5,6,2,4,13,6,16,4,2,6,3,4,3,6,1,4,6,6,1,4,9,6,2,4,13,6,8,4,3,6,5,4,2,6,3,4,3,6,1,4,,
;;;;;20606,,,,,,-46175;;;a1-b;A;Kadaka selver - Kopli;123456z;;02101-1,02103-1,02105-1,08204-1,00148-1,08001-1,07903-1,08907-1,10001-1,10002-1,09901-1,09902-1,09606-1,09401-1,09402-1,09502-1;
+324,+19,-07,,20606,,0,,12345,2,6,,1,2,4,,1,,1,2,6,,2,,1,,1,,3,2,4,,2,2,4,,1,,1,2,6,,1,2,4,,2,,0,,1,,2,,
;;;;;20606,,,,,,;;;b-a;A;Kopli - Männiku;1234567z;;09502-1,09503-1,09504-1,09607-1,10202-1,10201-1,10101-1,08908-1,07906-1,07904-1,08302-1,00149-1,08206-1,08201-1,02110-1,02104-1,03104-1,03402-1,03403-1,02808-1,05402-1,05405-1,04702-1,04802-1,04803-1,05105-1,05202-1,05601-1,05704-1,05703-1,06109-1,06108-1,06107-1,06105-1,06102-1;
+308,+20,+18,+18,+17,+14,+13,+13,+16,+18,+18,+17,+16,+16,+17,+16,+17,+17,+17,+19,+18,+19,+20,+20,+20,+20,+20,+20,+18,+18,+17,+17,+17,+17,+18,+18,+18,+19,+19,+19,+18,+18,+19,+19,+19,+20,+20,+21,+21,+20,+19,+21,+21,+22,+22,+23,+20,+20,+21,+20,-01092,+22,+23,+20,+25,+26,+26,+22,+19,+19,+21,+22,+22,+21,+18,+19,+19,+18,+18,+18,+19,+19,+18,+18,+18,+18,+18,+19,+18,+17,+17,+17,+15,+15,+16,+17,+17,+17,+18,+18,+18,+19,+17,+17,+17,+18,+19,+21,+22,+21,+20,+20,+18,+18,+18,+17,+17,+17,+17,+17,-01070,+21,+25,+25,+25,+23,+20,+21,+21,+21,+21,+21,+20,+18,+19,+19,+19,+18,+18,+18,+18,+18,+19,+19,+18,+17,+18,+19,+16,+16,+15,+15,+15,+17,+18,+18,+17,+18,+17,+16,+16,+16,+19,+20,+21,+21,+20,+20,+20,+20,+20,+18,+17,+17,+17,+17,+17,+17,,20606,,0,,12345,60,6,60,7,,0,2,6,45,4,,2,2,4,45,6,10,4,3,6,42,4,18,6,40,4,,1,4,6,43,4,10,6,3,4,42,6,18,4,40,6,,1,47,6,1,4,26,6,28,4,30,6,28,4,,1,36,6,11,4,1,6,4,4,16,6,6,4,28,6,2,4,22,6,6,4,28,6,2,4,,1,2,6,2,4,3,6,36,4,4,6,1,4,4,6,4,4,9,6,3,4,6,6,3,4,27,6,14,4,5,6,3,4,6,6,2,4,28,6,14,4,,2,2,4,3,6,42,4,1,6,5,4,3,6,4,4,3,6,2,4,3,6,6,4,3,6,32,4,12,6,2,4,3,6,6,4,2,6,33,4,,2,7,6,29,4,7,6,4,4,16,4,2,6,9,6,28,4,19,4,2,6,9,6,28,4,,1,36,6,7,4,4,6,1,4,5,6,3,4,7,6,2,4,8,6,1,4,35,6,4,4,8,6,2,4,8,6,1,4,35,6,4,4,,1,4,6,38,4,1,6,4,4,1,6,5,4,17,6,3,4,29,6,2,4,14,6,2,4,8,6,3,4,29,6,2,4,14,6,,1,27,6,3,4,1,6,5,4,6,6,2,4,3,6,5,4,1,6,2,4,1,6,1,4,8,6,3,4,6,6,28,4,2,6,5,4,4,6,5,4,5,6,3,4,6,6,28,4,2,6,5,4,4,6,5,4,,2,27,4,3,6,1,4,5,6,7,4,1,6,4,4,4,6,1,4,2,6,1,4,1,6,1,4,2,6,3,4,5,6,6,4,35,6,4,4,7,6,1,4,5,6,6,4,35,6,4,4,,1,8,6,5,4,4,6,25,4,1,6,2,4,3,6,4,4,1,6,2,4,3,6,2,4,3,6,5,4,6,6,35,4,12,6,5,4,6,6,35,4,,2,8,4,5,6,4,4,14,6,5,4,6,6,1,4,2,6,3,4,4,6,1,4,15,6,2,4,3,6,1,4,52,6,2,4,3,6,1,4,,0,2,6,2,4,1,6,26,4,5,6,10,4,2,6,4,4,3,6,2,4,3,6,3,4,7,6,3,4,1,6,10,4,29,6,8,4,7,6,3,4,1,6,10,4,29,6,,1,7,6,6,4,4,6,33,4,2,6,3,4,1,6,4,4,3,6,7,4,1,6,3,4,10,6,29,4,8,6,7,4,1,6,3,4,10,6,29,4,,2,4,6,3,4,6,6,4,4,14,6,10,4,2,6,1,4,2,6,1,4,3,6,2,4,18,6,1,4,3,6,10,4,29,6,4,4,11,6,1,4,3,6,10,4,29,6,4,4,,1,5,4,2,6,24,4,5,6,7,4,1,6,12,4,1,6,1,4,4,6,1,4,2,6,5,4,1,6,6,4,7,6,29,4,4,6,4,4,2,6,5,4,1,6,5,4,8,6,29,4,4,6,,2,2,4,3,7,2,4,3,6,3,4,18,6,5,4,5,6,5,4,5,4,1,6,5,4,1,6,4,4,1,6,14,6,7,4,35,4,2,6,13,6,8,4,35,4,,2,2,6,3,4,2,6,2,6,1,4,29,6,3,4,3,4,1,6,6,4,4,6,1,4,5,6,3,4,5,6,1,4,13,6,18,4,17,6,4,4,5,6,1,4,13,6,18,4,17,6,,1,5,6,2,4,29,6,6,4,3,6,1,4,27,6,1,4,28,6,2,4,27,6,1,4,28,6,2,4,,1,36,6,3,4,17,4,1,6,6,4,1,6,9,4,1,6,28,4,2,6,15,4,1,6,1,4,1,6,9,4,1,6,28,4,2,6,15,4,,1,4,6,1,4,2,6,7,4,3,6,14,4,2,6,6,6,2,4,5,4,16,4,1,6,1,4,1,6,6,6,11,4,38,4,1,6,1,4,1,6,6,6,11,4,,1,14,6,3,4,14,6,2,4,3,6,3,4,2,6,1,4,18,4,1,6,3,6,1,4,57,6,1,4,,1,5,6,4,4,1,6,3,4,5,6,13,4,3,6,2,4,7,6,2,4,2,6,4,4,1,6,3,4,1,6,1,4,3,6,1,4,1,6,2,4,1,6,6,4,2,6,1,4,8,6,31,4,6,6,3,4,1,6,6,4,2,6,1,4,8,6,31,4,6,6,,1,6,6,1,4,1,6,2,4,3,6,5,4,9,6,3,4,1,6,12,4,2,6,2,4,4,6,1,4,3,6,1,4,13,6,1,4,1,6,2,4,1,6,8,4,45,6,1,4,1,6,2,4,1,6,8,4,,1,5,6,1,4,1,6,1,4,2,6,2,4,31,6,1,4,3,6,1,4,16,6,1,4,5,6,1,4,11,6,27,4,10,4,1,6,2,6,1,4,5,6,1,4,11,6,27,4,10,4,,1,4,6,1,4,1,6,1,4,2,6,1,4,2,6,1,4,5,6,9,4,3,6,1,4,2,6,1,4,5,6,2,4,1,6,1,4,1,6,1,4,3,6,2,4,3,6,1,4,14,6,1,4,4,6,9,4,27,6,4,4,6,6,1,4,6,6,1,4,4,6,9,4,27,6,4,4,6,6,,1,5,6,1,4,2,6,1,4,4,6,1,4,3,6,1,4,13,6,2,4,3,6,3,4,6,6,1,4,4,6,1,4,2,4,1,6,6,4,1,6,48,4,4,6,6,4,1,6,47,4,4,6,6,4,,1,10,6,2,4,2,6,3,4,17,6,2,4,5,6,1,4,29,6,2,4,36,6,4,4,16,6,2,4,36,6,4,4,,1,7,6,1,4,1,6,1,4,8,6,13,4,2,6,1,4,9,6,1,4,2,6,2,4,3,6,4,4,5,6,1,4,4,6,3,4,1,6,1,4,12,6,22,4,15,6,1,4,3,6,3,4,1,6,2,4,11,6,22,4,15,6,,1,2,6,5,4,1,6,1,4,3,6,2,4,3,6,1,4,13,6,2,4,1,6,7,4,1,6,1,4,1,6,2,4,2,6,3,4,19,6,1,4,3,6,8,4,22,6,5,4,23,6,8,4,22,6,5,4,,1,2,4,4,6,2,4,1,6,4,4,1,6,31,4,1,6,4,4,1,6,1,4,3,6,1,4,1,6,3,4,1,6,9,4,1,6,33,4,5,6,10,4,1,6,14,4,1,6,27,4,5,6,10,4,,1,2,6,4,4,1,6,2,4,1,6,2,4,1,6,4,4,10,6,3,4,3,6,1,4,7,6,1,4,3,6,1,4,4,6,1,4,1,6,2,4,4,4,2,7,2,4,8,6,1,4,2,6,1,4,30,6,5,4,22,6,1,4,2,6,1,4,27,6,5,4,,
;;;;;20606,,,,,,-46175;;;b1-a;A;Autobussikoondis - Männiku;123456z;;03104-1,03402-1,03403-1,02808-1,05402-1,05405-1,04702-1,04802-1,04803-1,05105-1,05202-1,05601-1,05704-1,05703-1,06109-1,06108-1,06107-1,06105-1,06102-1;
+305,-02,,20606,,0,,12345,1,6,,2,,0,,2,,2,,1,,1,,1,,1,,1,,1,,1,,1,,1,,1,,1,,1,,1,,1,,
;;;;;-25569,,,,,46175,;;;b-c;A;Kopli - Kadaka selver;67z;;09502-1,09503-1,09504-1,09607-1,10202-1,10201-1,10101-1,08908-1,07906-1,07904-1,08302-1,00149-1,08206-1,08201-1,02110-1,02104-1;
+1439,+0,,20606,,0,,6,1,7,,0,,1,,2,,1,,1,,1,,1,,2,,1,,1,,1,,2,,1,,1,,0,,
34;;;;;20605,,,,,-273,;;;a-b;A;Viru keskus - Muuga aedlinn;1234567z;;21215-1,12214-1,11903-2,11803-2,11805-1,00152-1,12702-1,12704-1,12705-1,17902-1,17909-1,17908-1,18502-1,18504-1,18602-1,18604-1,18606-1,18614-1,18616-1,18618-1,18620-1,19902-1,19903-1,20001-1,20002-1;
+318,+16,+17,+16,+16,+16,+14,+16,+14,+14,+14,+17,+18,+17,+18,+18,+19,+21,+21,+21,+23,+18,+19,+19,+18,+19,+19,+19,+19,+19,+19,+19,+18,+19,+20,+19,+17,+14,+17,+16,+16,+18,+18,+19,+17,+19,+19,+19,+19,+20,+19,+19,+19,+18,+18,+18,+18,+18,+18,+19,+21,+21,-01081,+21,+21,+22,+19,+18,+21,+21,+20,+20,+21,+20,+21,+23,+22,+22,+21,+16,+21,+19,+17,+20,+19,+23,+22,+23,+23,+17,+18,+18,+19,+20,+19,+20,+20,+20,+20,+21,+26,+26,+25,+24,+24,+24,+23,+23,+21,+23,+22,+22,+20,+22,-01052,+21,+22,+19,+18,+21,+21,+20,+20,+21,+20,+21,+23,+22,+22,+21,+16,+21,+19,+17,+20,+19,+23,+22,+23,+23,+17,+18,+18,+19,+20,+19,+20,+20,+20,+20,+21,+26,+26,+25,+24,+24,+24,+23,+23,+21,+23,+22,+22,+20,+22,,20605,62,20332,,0,,12345,62,6,52,7,,1,6,6,47,4,13,6,41,4,10,6,41,4,,2,1,6,8,6,5,4,1,6,32,4,15,4,5,6,47,4,4,6,,1,6,6,39,4,2,6,13,4,6,6,1,4,5,6,34,4,11,6,1,4,5,6,34,4,,1,103,4,3,6,48,4,3,6,,1,5,6,4,4,5,6,1,4,30,6,12,4,3,6,2,4,10,6,42,4,9,6,,1,5,4,3,6,39,4,10,6,3,4,2,6,10,4,3,6,21,4,7,6,3,4,8,6,9,4,3,6,21,4,7,6,3,4,,1,96,6,7,4,44,6,7,4,,1,8,4,1,6,36,4,2,6,15,4,3,6,1,4,1,6,47,4,2,6,1,4,1,6,,1,59,4,1,6,12,6,3,4,48,6,3,4,,0,5,6,9,4,1,6,42,4,2,6,1,4,2,6,3,4,1,6,1,4,8,6,41,4,1,6,1,4,8,6,,1,96,4,7,6,44,4,7,6,,1,96,6,7,4,44,6,7,4,,1,62,4,5,6,29,4,7,6,1,4,3,6,3,4,8,6,29,4,7,6,1,4,3,6,3,4,,3,5,4,2,6,5,4,2,6,1,4,15,6,26,4,1,6,2,4,3,6,5,4,8,6,32,4,3,6,8,4,8,6,32,4,3,6,,1,6,6,1,4,5,6,35,4,9,6,1,4,3,6,2,4,10,6,3,4,48,6,3,4,,0,4,6,26,4,15,6,1,4,1,6,9,4,1,6,3,4,5,6,7,4,3,6,28,4,1,6,6,4,6,6,7,4,3,6,28,4,1,6,6,4,,2,6,4,1,6,43,4,6,6,3,4,1,6,5,4,2,6,8,4,28,6,1,4,3,6,9,4,2,6,8,4,28,6,1,4,3,6,,1,4,4,1,6,2,4,1,6,37,4,1,6,11,4,2,6,2,4,2,6,4,4,5,6,35,4,3,6,8,4,5,6,35,4,3,6,,1,4,6,1,4,1,6,2,4,1,6,5,4,1,6,32,4,3,6,6,4,1,6,3,4,1,6,1,4,5,6,5,4,3,6,28,4,1,6,6,4,8,6,5,4,3,6,28,4,1,6,6,4,,1,67,4,5,6,46,4,5,6,,1,8,6,1,4,5,6,1,4,15,6,16,4,1,6,3,4,6,6,1,4,10,6,5,4,46,6,5,4,,2,8,4,1,6,21,4,16,6,1,4,3,6,6,4,1,6,1,4,4,6,1,4,2,6,2,4,5,6,24,4,7,6,1,4,3,6,7,4,2,6,2,4,5,6,24,4,7,6,1,4,3,6,,1,8,6,1,4,21,6,16,4,1,6,3,4,6,6,1,4,1,6,1,4,1,6,2,4,34,6,7,4,44,6,7,4,,1,4,6,2,4,1,6,1,4,1,6,5,4,1,6,15,4,16,6,1,4,3,6,6,4,1,6,1,4,1,6,1,4,44,6,3,4,48,6,3,4,,
;;;;;;;;b-a;A;Muuga aedlinn - Viru keskus;1234567z;;20002-1,20101-1,20102-1,19904-1,19901-1,18619-1,18617-1,18615-1,18612-1,18605-1,18603-1,18601-1,18503-1,18501-1,17907-1,17901-1,12706-1,12703-1,12701-1,11807-1,11804-1,11802-1,10702-1,12212-1,12221-1;
+349,+16,+18,+17,+16,+17,+16,+16,+15,+15,+15,+17,+17,+17,+18,+18,+19,+21,+21,+21,+23,+18,+19,+19,+18,+19,+19,+19,+19,+19,+20,+19,+19,+19,+19,+19,+17,+15,+17,+15,+16,+18,+18,+19,+17,+19,+19,+17,+19,+19,+19,+18,+18,+17,+18,+18,+18,+17,+18,+19,+20,+20,-01085,+22,+21,+23,+21,+18,+21,+21,+21,+21,+23,+20,+21,+26,+22,+22,+21,+16,+21,+19,+17,+20,+18,+23,+23,+23,+22,+18,+18,+18,+19,+20,+19,+20,+19,+20,+20,+22,+24,+26,+26,+22,+24,+24,+22,+23,+19,+23,+21,+22,+20,+20,-01053,+21,+23,+21,+18,+21,+21,+21,+21,+23,+20,+21,+26,+22,+22,+21,+16,+21,+19,+17,+20,+18,+23,+23,+23,+22,+18,+18,+18,+19,+20,+19,+20,+19,+20,+20,+22,+24,+26,+26,+22,+24,+24,+22,+23,+19,+23,+21,+22,+20,+20,,20605,62,20332,,0,,12345,62,6,52,7,,2,59,4,7,6,37,4,14,6,37,4,,1,59,6,7,4,37,6,14,4,37,6,,1,4,6,41,4,25,6,27,4,16,4,1,6,7,6,27,4,16,4,,1,4,4,2,6,6,4,33,6,25,4,27,6,12,4,4,6,8,4,27,6,12,4,4,6,,1,4,6,2,4,6,6,33,4,22,6,33,4,9,6,3,4,6,6,33,4,9,6,3,4,,1,59,4,3,6,5,4,7,6,35,4,3,6,6,4,7,6,35,4,3,6,,2,4,4,2,6,6,4,33,6,1,4,13,6,3,4,4,6,8,4,26,6,3,4,6,6,3,4,5,6,8,4,26,6,3,4,6,6,3,4,,1,6,4,1,6,38,4,1,6,13,4,3,6,4,4,1,6,33,4,3,6,6,4,3,6,5,4,1,6,33,4,3,6,6,4,3,6,,1,4,6,7,4,1,6,43,4,4,6,3,4,4,6,1,4,7,6,29,4,6,6,3,4,5,6,1,4,7,6,29,4,6,6,3,4,,1,7,4,4,6,37,4,7,6,4,4,3,6,35,4,3,6,9,4,3,6,36,4,3,6,9,4,3,6,,1,7,6,5,4,36,6,5,4,17,6,4,4,23,6,3,4,21,6,4,4,23,6,3,4,,3,48,4,5,6,2,4,4,6,11,4,4,6,23,4,3,6,2,4,7,6,4,4,1,6,7,4,4,6,23,4,3,6,2,4,7,6,4,4,,1,2,6,44,4,2,6,5,4,2,6,4,4,11,6,4,4,1,6,34,4,4,6,1,4,7,6,4,4,1,6,34,4,4,6,,2,2,4,10,6,26,4,8,6,2,4,5,6,2,4,19,6,1,4,22,6,3,4,25,6,1,4,22,6,3,4,,1,7,6,4,4,27,6,1,4,40,6,18,4,33,6,18,4,,0,2,6,107,6,3,4,48,6,3,4,,1,,1,2,4,1,6,55,4,1,6,,1,47,4,1,6,5,4,5,6,51,4,3,6,48,4,3,6,,2,3,4,3,6,1,4,4,6,1,4,22,6,4,4,1,6,5,4,3,6,1,4,5,6,5,4,12,6,4,4,1,6,4,4,5,6,24,4,1,6,3,4,9,6,4,4,1,6,4,4,5,6,24,4,1,6,3,4,,0,3,6,31,4,4,6,9,4,1,6,5,4,5,6,1,4,3,6,8,4,4,6,1,4,3,6,6,4,24,6,1,4,5,6,7,4,4,6,1,4,3,6,6,4,24,6,1,4,,3,3,4,1,6,54,4,1,6,3,4,8,6,8,4,1,6,29,4,4,6,2,4,7,6,8,4,1,6,29,4,4,6,,1,3,6,9,4,22,6,5,4,8,6,1,4,27,6,4,4,5,6,18,4,24,6,4,4,5,6,18,4,,1,7,6,3,4,2,6,1,4,26,6,7,4,21,6,3,4,4,6,1,4,4,6,5,4,25,6,3,4,6,6,3,4,4,6,1,4,4,6,5,4,25,6,3,4,,
35;;;;;20605,,,,,-485,;;;a-b;A;Seli - Pelguranna;1234567z;;16601-1,16401-1,16207-1,16204-1,16202-1,16003-1,16002-1,15802-1,15605-1,15603-1,15602-1,17601-1,17801-1,12803-1,12801-1,11804-1,11802-1,10702-2,12212-1,12221-1,12101-1,12402-1,11103-1,11102-1,08906-1,08912-1,10001-1,10002-1,09901-1,09902-1,09606-1,09505-1,09501-1,09601-1,09605-1;
+300,+16,+15,+15,+16,+12,+12,+11,+17,+14,+14,+15,+15,+16,+15,+15,+19,+21,+18,+16,+15,+15,+14,+14,+19,+19,+14,+15,+14,+14,+14,+12,+14,+16,+15,+12,+16,+13,+13,+13,+12,+12,+16,+17,+17,+15,+15,+15,+15,+14,+18,+17,+19,+15,+19,+18,+16,+16,+15,+15,+18,+14,+16,+16,+17,+18,+16,+15,+26,+25,+25,-01105,+19,+18,+18,+17,+16,+14,+15,+13,+14,+15,+16,+16,+14,+19,+21,+17,+15,+17,+18,+16,+17,+19,+15,+18,+17,+16,+15,+15,+15,+17,+14,+15,+16,+17,+17,+17,+15,+18,+11,+19,+15,+17,+17,+18,+17,+21,+19,+15,+15,+18,+21,+20,+17,+18,+15,+18,+15,+16,+22,+18,+25,+24,+24,+18,+19,-01113,+19,+18,+18,+17,+16,+14,+15,+13,+14,+15,+16,+16,+14,+19,+21,+17,+15,+17,+18,+16,+17,+19,+15,+18,+17,+16,+15,+15,+15,+17,+14,+15,+16,+17,+17,+17,+15,+18,+11,+19,+15,+17,+17,+18,+17,+21,+19,+15,+15,+18,+21,+20,+17,+18,+15,+18,+15,+16,+22,+18,+25,+24,+24,+18,+19,,20605,71,20120,,0,,12345,71,6,66,7,,2,66,4,5,6,56,4,10,6,56,4,,1,66,6,5,4,56,6,10,4,56,6,,1,,1,9,6,9,4,25,6,23,4,,2,42,6,1,4,28,4,9,6,23,6,14,4,20,4,9,6,23,6,14,4,,1,80,6,23,4,14,6,3,4,26,6,23,4,14,6,3,4,,2,9,6,33,4,1,6,23,4,14,4,5,6,61,4,5,6,,1,7,6,2,4,33,7,1,4,9,4,19,6,14,4,6,6,26,4,3,6,6,4,11,6,14,4,6,6,26,4,3,6,6,4,,1,,1,7,4,1,6,34,4,1,6,28,4,9,6,11,4,12,6,17,4,6,6,11,4,9,6,11,4,12,6,17,4,6,6,,2,42,6,1,4,37,4,4,6,7,6,12,4,17,6,6,4,6,4,5,6,9,4,4,6,7,6,12,4,17,6,6,4,6,4,,2,,1,7,6,1,4,1,6,33,4,1,6,9,4,14,6,3,4,16,6,6,4,12,6,14,4,34,6,6,4,12,6,14,4,,1,7,4,1,6,43,4,1,6,14,4,3,6,16,4,6,6,25,4,1,6,8,4,1,6,25,4,6,6,25,4,1,6,8,4,1,6,,2,8,6,1,4,33,6,1,4,8,6,4,4,11,6,3,4,2,4,8,6,6,6,6,4,25,6,4,4,17,4,8,6,6,6,6,4,25,6,4,4,,0,6,6,2,4,1,6,42,4,4,6,11,4,3,6,10,4,5,6,1,4,5,6,26,4,4,6,6,4,11,6,8,4,5,6,1,4,5,6,26,4,4,6,6,4,,3,51,6,1,4,17,4,2,6,31,6,1,4,13,6,4,4,5,4,1,6,42,6,1,4,13,6,4,4,5,4,1,6,,1,8,6,9,4,24,6,1,4,1,6,8,4,1,6,3,4,25,6,4,4,1,6,5,4,1,6,11,4,1,6,13,4,4,6,6,4,20,6,4,4,1,6,5,4,1,6,11,4,1,6,13,4,4,6,6,4,,1,7,6,2,4,9,6,47,4,4,6,2,4,13,6,1,4,5,6,1,4,11,6,1,4,13,6,4,4,6,6,6,4,18,6,1,4,5,6,1,4,11,6,1,4,13,6,4,4,6,6,6,4,,2,7,4,2,6,9,4,23,6,28,4,2,6,13,4,1,6,17,4,1,6,47,4,1,6,17,4,1,6,,2,7,6,2,4,8,6,24,4,1,6,1,4,8,6,4,4,16,4,7,6,1,6,1,4,4,6,1,4,17,6,1,4,34,4,7,6,1,6,1,4,4,6,1,4,17,6,1,4,,2,71,6,7,4,25,6,13,4,21,6,7,4,25,6,13,4,,1,5,6,2,4,2,6,8,4,24,6,1,4,1,6,8,4,34,6,5,4,61,6,5,4,,2,5,4,2,7,2,4,31,6,1,4,1,6,1,4,28,4,7,6,13,6,11,4,18,6,6,4,11,4,7,6,13,6,11,4,18,6,6,4,,1,5,6,2,4,64,6,7,4,59,6,7,4,,1,7,6,34,6,1,4,1,6,7,4,1,6,3,4,10,4,26,6,1,4,10,6,23,4,2,6,1,4,5,6,4,4,20,6,1,4,10,6,23,4,2,6,1,4,5,6,4,4,,1,6,6,1,4,2,6,7,4,1,6,24,4,1,6,1,4,7,6,1,4,38,6,1,4,12,6,1,4,13,6,1,4,10,6,4,4,24,6,1,4,12,6,1,4,13,6,1,4,10,6,4,4,,1,4,6,1,4,2,6,10,4,24,6,1,4,1,6,7,4,1,6,3,4,24,6,1,4,12,6,25,4,1,6,3,4,24,6,1,4,12,6,25,4,1,6,3,4,,1,6,6,3,4,30,6,2,4,14,6,9,4,2,6,2,4,22,6,1,4,12,6,12,4,41,6,1,4,12,6,12,4,,2,4,4,1,6,1,4,3,6,7,4,1,6,22,4,3,6,1,4,7,6,1,4,3,6,1,4,10,6,1,4,3,6,2,4,12,6,2,4,4,6,1,4,10,6,2,4,14,6,1,4,7,6,2,4,23,6,2,4,4,6,1,4,10,6,2,4,14,6,1,4,7,6,2,4,,1,6,6,3,4,7,6,1,4,22,6,3,4,1,6,7,4,1,6,1,4,28,6,3,4,8,6,9,4,2,6,12,4,3,6,1,4,28,6,3,4,8,6,9,4,2,6,12,4,3,6,1,4,,1,,1,,1,4,6,76,4,2,6,50,4,4,6,10,4,2,6,50,4,4,6,,
;;;;;;;;b-a;A;Pelguranna - Seli;1234567z;;09605-1,09603-1,09604-1,09607-1,10202-1,10201-1,10101-1,08911-1,08904-1,11201-1,12003-2,21201-1,12305-1,00188-1,11903-1,11803-1,11805-1,12802-1,17802-1,15201-1,15308-1,14404-1,14407-1,14403-1,14402-1,16004-1,16203-1,16205-1,16402-1,16602-1;
+302,+25,+22,+16,+15,+15,+16,+14,+14,+14,+17,+16,+14,+16,+15,+16,+15,+14,+19,+18,+18,+16,+15,+15,+14,+14,+19,+19,+14,+15,+14,+14,+14,+13,+13,+16,+15,+14,+14,+13,+13,+14,+13,+13,+17,+17,+18,+15,+15,+15,+15,+14,+17,+17,+18,+16,+16,+17,+16,+16,+15,+15,+18,+14,+16,+16,+17,+18,+26,+26,-01103,+22,+23,+19,+18,+18,+17,+16,+15,+16,+14,+15,+15,+15,+16,+16,+20,+21,+17,+15,+18,+19,+16,+17,+19,+15,+18,+17,+16,+16,+15,+16,+17,+14,+16,+16,+17,+17,+17,+15,+18,+11,+19,+15,+17,+17,+17,+16,+19,+20,+15,+15,+18,+20,+20,+16,+16,+15,+18,+15,+16,+20,+17,+25,+24,+24,-01122,+22,+23,+19,+18,+18,+17,+16,+15,+16,+14,+15,+15,+15,+16,+16,+20,+21,+17,+15,+18,+19,+16,+17,+19,+15,+18,+17,+16,+16,+15,+16,+17,+14,+16,+16,+17,+17,+17,+15,+18,+11,+19,+15,+17,+17,+17,+16,+19,+20,+15,+15,+18,+20,+20,+16,+16,+15,+18,+15,+16,+20,+17,+25,+24,+24,,20605,70,20120,,0,,12345,70,6,66,7,,1,,1,,1,90,6,14,4,52,6,14,4,,1,10,6,46,4,27,6,7,4,42,4,4,6,13,6,7,4,42,4,,1,10,6,4,4,42,6,4,4,,1,6,6,4,4,4,6,42,4,34,6,46,4,20,6,,2,10,6,4,4,,2,6,6,4,4,4,6,41,4,1,6,3,4,23,6,39,4,27,6,39,4,,2,65,4,5,6,1,4,1,6,10,4,3,6,42,4,9,6,1,4,1,6,10,4,3,6,42,4,,2,10,6,4,4,45,6,1,4,19,6,1,4,3,6,2,4,60,6,1,4,3,6,2,4,,2,5,6,1,4,36,6,14,4,4,6,10,4,12,6,1,4,65,6,1,4,,1,3,6,6,6,1,4,60,4,2,6,1,4,4,6,2,4,1,6,2,4,1,6,37,4,2,6,2,4,3,6,9,4,2,6,1,4,4,6,2,4,1,6,2,4,1,6,37,4,2,6,2,4,3,6,,1,3,6,11,6,28,4,14,6,3,4,11,4,1,6,1,4,1,6,62,4,2,6,1,4,1,6,62,4,,3,6,6,3,4,1,6,3,4,29,6,12,4,17,4,1,6,1,4,5,6,5,4,6,6,38,4,9,6,1,4,1,6,1,4,5,6,5,4,6,6,38,4,,1,2,6,1,4,1,6,2,4,2,6,62,4,1,6,1,4,1,6,5,4,1,6,1,4,2,6,39,6,1,4,2,6,2,4,10,4,1,6,1,4,1,6,5,4,1,6,1,4,2,6,39,6,1,4,2,6,2,4,,1,2,4,1,6,1,4,1,6,37,6,1,4,78,4,1,6,2,4,2,6,61,4,1,6,2,4,2,6,,1,2,6,3,4,1,6,2,4,1,6,1,4,3,6,29,4,1,6,13,4,22,6,1,4,1,6,2,4,3,6,4,4,13,6,1,4,1,6,15,4,2,6,1,4,2,6,2,4,1,6,4,4,13,6,1,4,1,6,2,4,3,6,4,4,13,6,1,4,1,6,15,4,2,6,1,4,2,6,2,4,1,6,4,4,,2,3,4,1,6,2,4,2,6,56,4,7,6,14,4,4,6,15,4,15,6,8,4,10,6,14,4,4,6,15,4,15,6,8,4,,2,,1,3,6,57,4,4,6,6,4,2,6,63,4,3,6,63,4,,2,6,6,3,4,1,6,2,4,65,6,1,4,7,6,4,4,15,6,15,4,1,6,1,4,22,6,1,4,7,6,4,4,15,6,15,4,1,6,1,4,,1,14,4,27,6,17,4,1,6,14,4,3,6,1,4,1,6,42,4,1,6,18,4,3,6,1,4,1,6,42,4,1,6,,1,6,4,1,6,1,4,1,6,1,4,2,6,42,4,2,6,3,4,1,6,25,4,4,6,13,4,1,6,1,4,15,6,6,4,1,6,9,4,1,6,15,4,4,6,13,4,1,6,1,4,15,6,6,4,1,6,9,4,,2,3,4,2,6,8,4,1,6,50,4,7,6,14,6,4,4,32,4,4,6,1,4,1,6,4,4,4,6,1,4,1,6,14,6,4,4,32,4,4,6,1,4,1,6,4,4,4,6,,1,3,6,4,4,1,6,4,4,1,6,28,4,13,6,2,4,2,6,2,4,4,6,8,4,1,6,5,4,4,6,3,4,4,6,14,4,1,6,15,4,3,6,2,4,2,6,1,4,9,6,2,4,1,6,5,4,4,6,3,4,4,6,14,4,1,6,15,4,3,6,2,4,2,6,1,4,,2,4,6,1,4,1,6,3,4,1,6,1,4,30,6,13,4,2,6,2,4,2,6,3,4,7,4,1,6,8,6,1,4,1,6,1,4,6,6,1,4,14,6,1,4,32,4,1,6,8,6,1,4,1,6,1,4,6,6,1,4,14,6,1,4,,2,3,4,4,6,1,4,1,6,1,4,2,6,1,4,27,6,1,4,1,6,1,4,44,6,1,4,1,6,1,4,63,6,1,4,1,6,1,4,,1,3,6,3,4,1,6,5,4,1,6,40,4,1,6,2,4,3,6,1,4,3,6,2,4,4,6,2,4,1,6,1,4,4,6,2,4,1,6,1,4,1,6,5,4,3,6,13,4,1,6,18,4,2,6,2,4,1,6,10,4,1,6,1,4,4,6,2,4,1,6,1,4,1,6,5,4,3,6,13,4,1,6,18,4,2,6,2,4,1,6,,2,4,4,1,6,3,6,1,4,1,6,1,3,1,6,2,4,27,6,1,4,1,6,16,4,1,6,4,4,1,6,4,4,2,6,1,4,1,6,4,4,1,6,4,4,3,6,16,4,2,6,1,4,17,6,6,4,4,6,3,4,3,6,1,4,1,6,4,4,1,6,4,4,3,6,16,4,2,6,1,4,17,6,6,4,4,6,3,4,,
36;;;;;20605,,,,,-273,;;;a-b;A;Väike-Õismäe - Nõmme - Viru;1234567z;;01610-1,01606-1,01609-1,01608-1,03506-1,03505-1,03405-1,03401-1,03402-1,03403-1,02808-1,05401-1,05501-1,06301-1,06404-1,06305-1,06402-1,06801-1,07404-1,07401-1,07301-1,11302-2,12601-1,12004-1,21207-1;
+308,+16,+15,+15,+14,+14,+12,+12,+12,+11,+11,+11,+11,+11,+11,+12,+13,+14,+14,+14,+15,+15,+16,+17,+16,+16,+16,+17,+16,+16,+16,+16,+16,+16,+15,+15,+15,+15,+15,+15,+13,+13,+11,+11,+11,+11,+12,+13,+12,+13,+13,+13,+13,+14,+14,+14,+14,+15,+15,+15,+16,+16,+16,+16,+16,+15,+15,+15,+15,+15,+15,+15,+15,+15,+15,+15,+20,+22,-01102,+17,+17,+17,+17,+16,+16,+16,+17,+17,+16,+17,+17,+18,+19,+18,+19,+18,+19,+19,+18,+16,+16,+15,+16,+16,+16,+16,+18,+19,+19,+19,+19,+17,+16,+16,+17,+16,+17,+15,+15,+17,+19,+19,+19,+19,+19,+17,+19,+19,+18,+18,+18,+19,+19,+19,+19,+19,+19,+19,+19,+20,+20,-01061,+17,+17,+16,+16,+16,+17,+17,+16,+17,+17,+18,+19,+18,+19,+18,+19,+19,+18,+16,+16,+15,+16,+16,+16,+16,+18,+19,+19,+19,+19,+17,+16,+16,+17,+16,+17,+15,+15,+17,+19,+19,+19,+19,+19,+17,+19,+19,+18,+18,+18,+19,+19,+19,+19,+19,+19,+19,+19,+20,+20,,20605,78,20332,,0,,12345,78,6,63,7,,2,,2,7,6,5,6,4,4,32,7,6,4,6,4,7,4,11,4,2,6,12,6,32,4,13,4,4,6,12,6,32,4,13,4,,1,8,6,4,4,4,6,4,4,27,6,1,4,6,6,6,4,7,6,5,4,6,6,2,4,8,6,4,4,11,6,13,4,8,6,11,4,14,6,4,4,11,6,13,4,8,6,11,4,,2,13,6,3,4,4,6,2,4,46,4,4,6,26,6,5,4,29,4,3,6,24,6,5,4,29,4,3,6,,1,9,6,1,6,9,4,3,6,25,4,1,6,9,4,17,4,11,6,9,6,4,4,40,4,8,6,9,6,4,4,40,4,,1,5,6,2,4,1,6,1,4,3,6,1,4,3,6,6,4,46,6,4,4,2,6,2,4,16,6,2,4,22,6,6,4,16,6,1,4,14,6,2,4,22,6,6,4,16,6,1,4,,1,11,6,1,4,3,6,1,4,31,6,6,4,7,6,4,4,12,6,1,4,11,6,4,4,11,6,13,4,33,6,4,4,11,6,13,4,,1,7,6,1,4,1,6,2,4,2,6,2,4,7,6,25,4,6,6,3,4,1,6,1,4,6,6,3,4,5,6,1,4,9,6,3,4,2,6,1,4,6,6,9,4,19,6,2,4,8,6,3,4,8,6,3,4,2,6,1,4,6,6,9,4,19,6,2,4,8,6,3,4,,1,9,4,2,6,43,4,2,6,1,4,1,6,14,4,1,6,9,4,3,6,37,4,2,6,8,4,3,6,8,4,3,6,37,4,2,6,8,4,3,6,,2,7,4,1,6,1,6,2,4,1,6,1,4,3,6,5,4,26,6,6,4,1,6,6,4,6,4,1,6,1,4,4,6,2,4,3,6,1,4,2,6,7,4,4,6,31,6,1,4,15,4,1,6,9,4,4,6,31,6,1,4,15,4,1,6,,2,3,6,4,6,2,4,2,8,1,4,2,6,2,4,2,4,1,4,2,6,3,4,5,6,15,7,3,4,6,6,1,3,3,4,20,4,1,6,10,6,3,4,1,6,2,4,3,6,18,4,1,6,1,4,22,4,2,6,8,6,3,4,1,6,2,4,3,6,18,4,1,6,1,4,22,4,,1,10,6,1,4,2,6,1,4,28,6,2,4,2,6,7,4,27,4,1,6,7,4,3,6,6,4,1,6,18,4,1,6,24,4,1,6,7,4,3,6,6,4,1,6,18,4,1,6,,2,19,6,1,4,47,4,1,6,5,4,1,6,,1,19,4,1,6,2,4,2,6,28,4,1,6,19,4,1,6,3,4,1,6,1,4,2,6,18,4,5,6,9,4,3,6,24,4,1,6,19,4,5,6,9,4,3,6,24,4,1,6,,1,12,6,1,4,6,6,1,4,2,6,7,4,23,6,1,4,25,6,2,4,17,6,6,4,9,6,3,4,24,6,1,4,18,6,6,4,9,6,3,4,24,6,1,4,,1,5,6,2,4,1,6,2,4,1,6,1,4,1,6,6,4,1,6,2,4,7,6,13,4,2,6,2,4,3,6,3,4,1,6,5,4,2,6,4,4,2,6,1,4,20,6,5,4,2,6,3,4,18,6,7,4,1,6,1,4,24,6,5,4,2,6,3,4,18,6,7,4,1,6,1,4,,1,2,6,3,4,2,6,3,6,3,4,1,6,3,4,4,4,1,6,7,4,8,6,7,4,1,6,1,6,3,4,2,4,1,6,4,4,2,6,2,4,4,6,2,4,1,6,4,4,1,6,2,4,2,6,1,4,5,6,3,4,3,6,3,4,1,6,2,4,3,6,18,4,1,6,1,4,5,6,1,4,1,6,14,4,5,6,3,4,3,6,3,4,1,6,2,4,3,6,18,4,1,6,1,4,5,6,1,4,1,6,14,4,,2,2,4,2,6,9,6,1,4,5,6,1,4,1,6,1,4,14,6,1,4,7,6,1,4,6,6,1,4,16,4,3,6,6,4,3,6,2,4,3,6,46,4,1,6,3,4,3,6,5,4,3,6,46,4,1,6,3,4,3,6,,1,5,6,3,4,1,6,2,4,1,6,6,4,2,6,1,4,1,6,2,4,5,6,7,4,6,6,2,4,1,6,1,4,6,6,1,4,3,6,5,4,33,6,3,4,18,6,1,4,15,6,1,4,23,6,3,4,18,6,1,4,15,6,1,4,,1,2,6,5,4,1,6,5,4,1,6,8,4,2,6,18,4,2,6,12,4,5,6,6,4,1,6,4,4,5,6,3,4,2,6,3,4,2,6,1,4,3,6,3,4,2,6,19,4,1,6,6,4,1,6,8,4,4,6,1,4,7,6,3,4,2,6,1,4,3,6,3,4,2,6,19,4,1,6,6,4,1,6,8,4,4,6,1,4,,3,2,4,1,6,2,4,1,6,46,4,1,6,11,4,3,6,4,4,1,6,5,3,1,6,3,6,1,4,3,6,11,4,2,6,16,4,1,6,1,4,1,6,7,4,13,6,1,4,4,6,1,4,3,6,11,4,2,6,16,4,1,6,1,4,1,6,7,4,13,6,1,4,,1,5,6,1,4,1,6,6,6,1,4,38,6,1,4,15,4,3,6,2,4,1,6,2,4,1,6,1,4,2,6,1,4,1,6,3,4,3,6,4,4,2,6,4,4,5,6,9,4,2,6,9,4,1,6,13,4,1,6,1,4,2,6,1,4,1,6,3,4,3,6,4,4,2,6,4,4,5,6,9,4,2,6,9,4,1,6,13,4,1,6,1,4,,2,8,6,1,4,2,6,1,4,55,4,1,6,4,4,1,6,1,4,2,6,1,4,1,6,2,4,1,6,1,4,3,6,3,4,3,6,12,4,1,6,18,4,1,6,8,4,8,6,2,4,1,6,1,4,3,6,3,4,3,6,12,4,1,6,18,4,1,6,8,4,8,6,,1,6,6,2,4,34,6,2,4,2,6,5,4,16,6,1,4,22,6,1,4,7,6,6,4,8,6,2,4,37,6,1,4,7,6,6,4,8,6,2,4,,
;;;;;;;;b-a;A;Viru - Nõmme - Väike-Õismäe;1234567z;;21207-1,12101-1,12403-1,12603-1,11303-1,07408-1,07403-1,07405-1,06803-1,06802-1,06403-1,06405-1,06302-1,05502-1,05403-1,02906-1,03302-1,03106-1,03107-1,01801-1,01803-1,01607-1,01601-1,01101-1,01104-1;
+343,+16,+16,+16,+15,+16,+13,+14,+14,+13,+12,+13,+12,+11,+12,+12,+12,+12,+13,+13,+14,+15,+16,+16,+16,+17,+16,+17,+16,+16,+16,+16,+16,+16,+15,+15,+14,+16,+15,+15,+13,+13,+11,+12,+13,+12,+12,+13,+13,+13,+13,+13,+12,+13,+13,+14,+13,+14,+14,+15,+15,+14,+15,+16,+16,+15,+14,+15,+14,+15,+14,+14,+15,+15,+15,+15,+18,+19,-01101,+17,+18,+18,+18,+16,+16,+16,+18,+19,+17,+17,+17,+19,+20,+18,+19,+18,+20,+19,+18,+16,+16,+15,+16,+16,+16,+16,+18,+19,+19,+19,+19,+17,+16,+16,+17,+15,+17,+14,+15,+17,+19,+19,+18,+18,+19,+17,+19,+19,+18,+18,+18,+19,+18,+18,+19,+18,+19,+18,+17,+19,+20,-01059,+18,+18,+16,+16,+16,+18,+19,+17,+17,+17,+19,+20,+18,+19,+18,+20,+19,+18,+16,+16,+15,+16,+16,+16,+16,+18,+19,+19,+19,+19,+17,+16,+16,+17,+15,+17,+14,+15,+17,+19,+19,+18,+18,+19,+17,+19,+19,+18,+18,+18,+19,+18,+18,+19,+18,+19,+18,+17,+19,+20,,20605,78,20332,,0,,12345,78,6,63,7,,1,6,6,67,4,,2,6,4,3,6,5,4,28,6,11,4,20,6,5,4,11,6,47,4,14,6,47,4,,2,14,6,1,4,38,6,2,4,19,4,4,6,11,4,1,6,60,4,1,6,,1,2,6,,2,2,4,2,6,10,4,1,6,62,4,6,6,7,4,2,6,41,4,11,6,7,4,2,6,41,4,,2,42,4,3,6,1,6,5,4,3,4,1,6,17,4,5,6,1,4,11,6,50,4,11,6,50,4,,1,6,6,3,4,5,6,2,4,1,6,28,6,1,4,4,4,4,6,1,4,80,4,1,6,60,4,1,6,,1,9,6,5,4,2,6,1,4,24,6,5,4,1,6,7,4,1,6,7,4,73,6,1,4,60,6,1,4,,1,14,6,1,4,31,6,1,4,15,6,1,4,,2,62,4,1,6,14,4,1,6,57,4,1,6,60,4,1,6,,1,5,6,4,4,6,6,26,4,3,6,9,4,1,6,1,4,7,6,1,4,14,6,1,4,,1,77,4,2,6,,1,4,6,1,4,3,6,7,4,26,6,4,4,1,6,4,4,1,6,3,4,1,6,7,4,1,6,2,4,12,6,2,4,12,6,1,4,43,6,1,4,3,6,1,4,12,6,1,4,43,6,1,4,3,6,1,4,,2,5,6,3,4,1,6,2,6,1,4,2,4,1,6,1,4,1,6,27,4,1,6,6,4,12,4,2,6,8,4,8,6,54,4,5,6,1,4,1,6,54,4,5,6,,2,8,6,1,4,5,6,1,4,1,6,1,4,27,6,2,4,4,6,3,4,1,6,1,4,37,6,21,4,40,6,21,4,,2,14,4,1,6,1,4,24,6,10,4,3,6,1,4,1,6,7,4,1,6,9,4,2,6,3,4,2,6,2,4,1,6,10,4,4,6,8,4,9,6,22,4,1,6,3,4,2,6,1,4,1,6,10,4,4,6,8,4,9,6,22,4,1,6,3,4,,2,8,4,1,6,58,4,5,6,2,4,3,6,2,4,2,6,1,4,8,6,1,4,1,6,4,4,8,6,28,4,1,6,1,4,1,6,1,4,3,6,1,4,2,6,1,4,8,6,1,4,1,6,4,4,8,6,28,4,1,6,1,4,1,6,1,4,3,6,1,4,,1,8,6,1,4,41,6,3,4,1,6,1,4,7,6,1,4,26,6,1,4,1,6,1,4,4,6,8,4,46,6,1,4,1,6,1,4,4,6,8,4,,1,2,6,4,6,2,4,2,6,1,4,1,6,1,4,1,6,1,4,1,6,27,6,2,4,1,6,4,4,1,4,2,6,1,4,1,6,2,4,21,4,1,6,16,6,1,4,8,6,8,4,21,4,1,6,1,4,1,6,3,4,1,6,16,6,1,4,8,6,8,4,21,4,1,6,1,4,1,6,3,4,1,6,,1,2,4,2,6,2,4,2,6,2,4,1,6,1,4,1,6,1,4,1,6,1,4,20,6,13,4,1,6,6,4,1,6,5,4,1,6,2,4,2,6,5,4,6,6,1,4,2,6,8,4,3,6,3,4,17,6,8,4,13,6,1,4,1,6,1,4,3,6,1,4,2,6,8,4,3,6,3,4,17,6,8,4,13,6,1,4,1,6,1,4,3,6,1,4,,2,6,6,2,4,1,6,2,4,1,6,1,4,1,6,1,4,2,6,19,4,6,6,2,4,1,6,3,4,1,6,4,4,3,6,1,4,8,6,2,4,28,6,11,4,14,6,12,4,7,4,1,6,16,6,11,4,14,6,12,4,7,4,1,6,,1,8,6,1,4,2,6,1,4,1,6,1,4,1,6,2,4,22,6,1,4,4,6,2,4,2,6,1,4,4,6,1,4,3,6,1,4,4,6,1,4,28,6,1,4,14,6,6,4,40,6,1,4,14,6,6,4,,1,2,6,3,6,3,4,2,6,1,4,1,6,1,4,1,6,1,4,25,6,3,4,4,6,1,4,6,6,1,4,3,6,2,4,2,4,1,6,4,4,5,6,7,6,2,4,8,6,2,4,1,6,3,4,1,6,8,4,28,6,1,4,8,6,1,4,8,6,2,4,1,6,3,4,1,6,8,4,28,6,1,4,,2,5,4,3,6,2,4,1,6,1,4,1,6,1,4,1,6,1,4,1,6,23,4,3,6,4,4,1,6,5,4,2,6,1,4,4,6,3,4,4,6,5,4,10,6,7,4,1,6,2,4,2,6,2,4,8,6,16,4,14,6,1,4,4,6,1,4,3,6,7,4,1,6,2,4,2,6,2,4,8,6,16,4,14,6,1,4,4,6,1,4,,
37;;;;;20666,,,,,,;;;a-b;A;Mustamäe - Kakumäe sadam;1234567z;;03404-1,03504-1,02801-1,02903-1,03001-1,03003-1,02601-1,02111-1,02303-1,03205-1,02108-1,02102-1,00310-1,02112-1,02114-1,00307-2,00306-1,00300-1,00299-1,00125-1,00126-1,00127-1,00129-1,00132-1,00502-1;
+383,+18,+17,+15,+15,+15,+16,+14,+15,+15,+15,+16,+17,+15,+18,+19,+30,+30,+30,+30,+30,+30,+25,+22,+20,+17,+17,+16,+17,+15,+14,+15,+16,+17,+16,+15,+16,+17,+19,+22,+24,+30,+28,+29,+28,+30,+30,-0927,+40,+35,+35,+30,+28,+33,+34,+35,+34,+34,+34,+35,+29,+31,+32,+29,+30,+32,+33,+29,+37,+37,+38,+40,+37,+40,+38,+37,-0956,+40,+35,+35,+30,+28,+33,+34,+35,+34,+34,+34,+35,+29,+31,+32,+29,+30,+32,+33,+29,+37,+37,+38,+40,+37,+40,+38,+37,,20666,,0,,12345,47,6,29,7,,1,34,6,3,4,,1,4,6,5,4,19,6,6,4,3,6,4,4,,2,4,4,5,6,64,4,3,6,26,4,,1,4,6,24,4,6,6,3,4,36,6,3,4,26,6,,1,32,6,2,4,3,6,6,4,,2,4,6,3,4,23,6,2,4,10,4,1,6,,3,3,6,1,4,3,6,2,4,19,6,2,4,4,6,3,4,,1,27,6,1,4,4,6,2,4,,2,3,4,1,6,23,4,1,6,4,4,1,6,6,4,3,6,5,4,2,6,22,4,7,6,22,4,,1,2,6,6,4,1,6,6,4,12,6,1,4,2,6,3,4,6,6,4,4,5,6,1,4,4,6,9,4,9,6,2,4,4,6,1,4,4,6,9,4,9,6,2,4,,2,15,6,12,4,1,6,2,4,2,6,5,4,6,6,2,4,26,4,2,6,27,4,2,6,,1,1,6,1,4,1,6,1,4,1,6,2,4,1,6,3,4,16,6,1,4,5,6,2,4,2,6,4,4,4,6,2,4,15,6,6,4,3,6,2,4,18,6,6,4,3,6,2,4,,1,1,4,1,6,1,4,1,6,1,4,2,6,2,4,2,6,16,4,1,6,5,4,2,6,2,4,4,6,2,4,4,6,1,4,1,6,4,4,8,6,9,4,3,6,4,4,1,6,4,4,8,6,9,4,3,6,,1,3,6,1,4,23,6,1,4,5,6,2,4,18,6,8,4,9,6,1,4,11,6,8,4,9,6,1,4,,2,3,4,1,6,4,4,1,6,18,4,1,6,5,4,2,6,7,4,1,6,4,4,1,6,1,4,3,6,1,4,8,6,1,4,3,6,5,4,1,6,1,4,5,6,1,4,3,6,1,4,8,6,1,4,3,6,5,4,1,6,1,4,,1,3,6,1,4,4,6,1,4,18,6,1,4,2,6,6,4,1,6,4,4,1,6,1,4,4,6,1,4,1,6,3,4,1,6,8,4,1,6,3,4,7,6,5,4,1,6,3,4,1,6,8,4,1,6,3,4,7,6,,1,1,6,1,4,2,6,4,4,1,6,6,4,10,6,2,4,1,6,2,4,6,6,1,4,6,6,4,4,23,6,1,4,28,6,1,4,,1,,2,1,4,1,6,1,4,5,6,1,4,6,6,10,4,2,6,1,4,5,6,3,4,1,6,6,4,5,6,1,4,2,6,2,4,8,6,9,4,1,6,2,4,4,6,1,4,2,6,2,4,8,6,9,4,1,6,2,4,,1,3,6,1,4,26,6,3,4,3,6,1,4,,0,1,6,,1,,2,3,4,1,6,26,4,4,6,1,4,6,6,1,4,1,6,3,4,1,6,1,4,1,6,2,4,1,6,10,4,6,6,3,4,2,6,4,4,1,6,2,4,1,6,10,4,6,6,3,4,2,6,,1,34,4,1,6,6,4,1,6,3,4,1,6,15,4,1,6,12,4,2,6,14,4,1,6,12,4,,
;;;;;;;;b-a;A;Kakumäe sadam - Mustamäe;1234567z;;00502-1,00114-1,00111-1,00128-1,00113-1,00122-1,00301-1,00311-1,00601-1,00602-2,02115-1,02113-1,03104-1,03203-1,02109-1,03206-1,02501-1,02403-1,02404-1,02904-1,02802-1,03501-1,03503-1;
+424,+17,+16,+14,+16,+16,+16,+14,+16,+14,+18,+13,+18,+17,+18,+19,+23,+33,+32,+27,+29,+31,+28,+21,+21,+17,+17,+16,+17,+13,+16,+16,+16,+16,+14,+18,+16,+16,+17,+21,+24,+27,+29,+29,+30,+28,+33,-0931,+46,+34,+32,+33,+27,+33,+33,+34,+35,+35,+36,+35,+29,+30,+30,+30,+30,+32,+33,+30,+33,+36,+38,+39,+39,+38,+40,+35,-0955,+46,+34,+32,+33,+27,+33,+33,+34,+35,+35,+36,+35,+29,+30,+30,+30,+30,+32,+33,+30,+33,+36,+38,+39,+39,+38,+40,+35,,20666,,0,,12345,47,6,29,7,,1,,2,,1,,1,73,4,3,6,26,4,,1,29,6,8,4,36,6,3,4,26,6,,2,29,4,8,6,10,4,3,6,21,4,8,6,21,4,,1,34,6,3,4,,2,14,4,13,6,7,4,3,6,3,4,,1,14,6,13,4,2,6,8,4,3,6,3,4,,2,15,4,8,6,19,4,1,6,2,4,5,6,23,4,6,6,23,4,,1,1,6,5,4,22,6,1,4,8,6,2,4,,3,1,4,5,6,3,4,6,6,8,4,2,6,3,4,1,6,7,4,9,6,5,4,4,6,16,4,3,6,6,4,4,6,16,4,3,6,,1,1,6,5,4,3,6,6,4,8,6,2,4,3,6,1,4,7,6,1,4,2,6,1,4,2,6,1,4,7,6,4,4,16,6,2,4,7,6,4,4,16,6,2,4,,3,1,4,13,4,1,6,14,6,4,4,4,6,1,4,10,6,2,4,27,6,2,4,,1,1,6,8,4,5,6,15,4,2,6,5,4,2,6,1,4,1,6,2,4,1,6,2,4,2,6,1,4,4,6,18,4,2,6,1,4,3,6,1,4,4,6,18,4,2,6,1,4,,3,1,6,5,4,8,4,10,6,3,6,4,4,7,4,1,6,1,4,2,6,1,4,2,6,7,4,12,6,5,4,1,6,2,4,1,6,1,4,2,6,5,4,12,6,5,4,1,6,2,4,1,6,1,4,,2,7,4,2,6,28,4,1,6,1,4,1,6,2,4,1,6,2,4,2,6,20,4,2,6,2,4,1,6,1,4,1,6,22,4,2,6,2,4,1,6,1,4,1,6,,1,31,6,2,4,,2,6,4,1,6,3,4,4,6,1,4,6,6,2,4,4,6,1,4,1,6,2,4,6,6,1,4,1,6,1,4,2,6,1,4,19,6,2,4,3,6,2,4,2,6,1,4,1,6,1,4,17,6,2,4,3,6,2,4,2,6,1,4,1,6,1,4,,1,6,6,1,4,8,6,6,4,2,6,14,4,1,6,1,4,1,6,2,4,3,6,2,4,4,6,11,4,10,6,1,4,7,6,11,4,10,6,1,4,,3,4,4,3,6,7,4,31,4,2,6,3,6,1,4,21,4,2,6,5,6,1,4,21,4,2,6,,1,4,6,2,4,15,6,2,4,4,6,5,4,1,6,2,4,,
38;;;;;20332,,,,,-315,;;;a-b;A;Viru keskus - Muuga;1234567z;;21216-1,12214-1,11903-2,11803-2,11805-1,00152-1,12702-1,12704-1,12705-1,17902-1,17909-1,17908-1,18502-1,18504-1,18602-1,18604-1,18606-1,18613-1,18610-1,18625-1,18608-1,19006-1,20804-1,20807-1,20809-1,20811-1,20812-1;
+337,+38,+46,+45,+64,+113,+95,+94,+47,+47,+49,+49,+53,+63,+92,+89,+79,-0985,+88,+91,+109,+91,+91,+93,+93,+113,+91,+89,-0949,+88,+91,+109,+91,+91,+93,+93,+113,+91,+89,,20332,17,20017,,0,,12345,17,6,11,7,,2,2,4,1,6,12,4,3,6,8,4,3,6,8,4,,2,3,7,2,4,12,4,2,6,8,4,3,6,8,4,,1,2,6,24,4,1,6,10,4,1,6,,1,3,4,2,6,20,4,1,6,10,4,1,6,,1,3,6,11,4,11,6,1,4,10,6,1,4,,1,2,4,10,6,1,4,1,6,1,4,5,6,5,4,1,6,1,4,4,6,5,4,1,6,1,4,,1,2,6,1,4,23,4,2,6,9,4,,1,2,4,1,6,,1,2,6,1,4,10,6,1,4,,1,2,4,1,6,10,4,1,6,13,4,1,6,10,4,,1,15,4,2,6,1,4,1,6,10,4,1,6,,1,3,6,2,4,8,6,1,4,1,6,2,4,,0,2,6,1,4,2,6,8,4,1,6,1,4,3,6,8,4,1,6,1,4,1,6,8,4,1,6,,3,5,6,7,4,1,6,1,4,11,4,1,6,1,4,1,6,8,4,1,6,1,4,,1,2,6,3,4,7,6,1,4,14,6,1,4,10,6,,0,2,6,10,4,1,6,13,4,2,6,9,4,,2,2,4,1,6,1,4,5,6,4,4,2,6,2,4,9,6,2,4,9,6,,1,2,6,1,4,1,6,5,4,4,6,1,4,5,6,1,4,5,6,1,4,4,6,1,4,5,6,1,4,,1,12,6,1,4,7,6,5,4,6,6,5,4,,0,9,6,3,4,2,6,1,4,2,6,2,4,9,6,2,4,,2,9,4,3,6,2,4,1,6,2,4,2,6,1,4,10,6,1,4,,1,9,6,3,4,1,6,2,4,5,6,6,4,5,6,6,4,,1,5,6,4,4,2,6,2,4,,1,1,6,4,4,8,6,1,4,12,6,2,4,9,6,,2,1,4,1,6,11,4,1,6,12,4,2,6,9,4,,2,8,4,1,6,8,4,2,6,1,4,6,6,2,4,2,6,1,4,6,6,,
;;;;;;;;b-a;A;Muuga - Viru keskus;1234567z;;20812-1,20810-1,20808-1,20806-1,20805-1,19008-1,18607-1,18624-1,18609-1,18611-1,18605-1,18603-1,18601-1,18503-1,18501-1,17907-1,17901-1,12706-1,12703-1,12701-1,11807-1,11804-1,11802-1,10702-1,12212-1,12207-1;
+370,+39,+48,+48,+64,+113,+95,+94,+47,+46,+49,+51,+53,+63,+89,+84,+79,-0985,+89,+97,+108,+90,+91,+93,+93,+110,+88,+88,-0947,+89,+97,+108,+90,+91,+93,+93,+110,+88,+88,,20332,17,20017,,0,,12345,17,6,11,7,,1,,2,27,4,1,6,10,4,,2,17,4,1,6,9,4,2,6,9,4,,1,16,4,1,6,,2,17,6,1,4,10,6,1,4,,1,2,6,2,4,13,4,1,6,8,4,3,6,8,4,,0,4,6,11,4,1,6,2,4,1,6,6,4,1,6,1,4,1,6,1,4,1,6,6,4,1,6,1,4,,1,,2,13,4,,1,15,6,2,4,1,6,1,4,6,6,1,4,1,6,1,4,1,6,1,4,6,6,1,4,1,6,,1,15,4,2,6,1,4,1,6,6,4,1,6,1,4,1,6,1,4,1,6,6,4,1,6,1,4,,1,,3,26,4,2,6,9,4,,1,2,6,13,4,1,6,1,4,1,6,8,4,3,6,8,4,,1,2,6,2,4,,1,,1,,1,,1,12,4,1,6,3,4,1,6,8,4,1,6,10,4,1,6,,1,14,4,1,6,,1,1,6,1,4,2,6,9,4,1,6,1,4,1,6,1,4,8,6,1,4,10,6,1,4,,1,1,4,1,6,2,4,11,6,1,4,1,6,1,4,8,6,3,4,8,6,,3,13,6,1,4,1,4,1,6,1,4,1,6,8,4,3,6,8,4,,1,12,6,1,4,1,6,1,4,3,6,7,4,1,6,1,4,2,6,7,4,1,6,1,4,,1,1,6,11,4,4,6,,
39;;;;;20626,,,,,,;;;a-b;A;Vana-Lõuna - Liikuri;1234567z;;11314-1,13201-1,13202-1,12502-1,12503-1,13103-1,11706-1,11605-2,14803-1,15102-1,15104-1,15204-1,15108-1,15113-1,17802-1,15201-1;
+332,+30,+30,+29,+16,+17,+17,+17,+17,+17,+17,+20,+23,+23,+23,+23,+25,+25,+30,+30,+23,+23,+23,+23,+23,+23,+23,+24,+25,+12,+13,+26,+26,+28,+29,+28,+29,+30,+30,+29,+29,+29,+29,+29,-01008,+53,+30,+30,+30,+32,+40,+40,+33,+40,+43,+32,+32,+32,+32,+32,+32,+32,+32,+32,+63,+82,+62,+56,+56,+53,-0898,+61,+63,+64,+65,+92,+67,+67,+65,+66,,20626,,0,,12345,44,6,26,7,,3,6,6,11,4,9,6,11,4,,0,3,6,3,4,11,6,9,4,6,6,1,4,4,6,4,4,4,6,23,4,2,6,,2,3,4,3,6,26,4,1,6,4,4,4,6,4,4,2,6,19,4,2,6,,0,3,7,3,4,26,6,1,4,11,4,1,7,2,4,21,4,2,6,,2,28,6,4,4,9,4,3,6,,2,3,4,3,6,39,4,2,6,21,4,2,6,,2,3,6,9,4,14,6,2,4,17,6,2,4,7,6,10,4,4,6,2,4,4,6,5,4,,2,12,6,5,4,8,6,1,4,2,6,6,4,1,6,1,4,28,6,2,4,5,6,1,4,7,6,,2,33,4,1,6,1,4,1,6,1,4,9,6,20,4,4,6,1,4,1,6,,1,6,6,5,4,6,6,8,4,1,6,2,4,5,6,4,4,7,6,2,4,4,6,4,4,17,6,3,4,,0,3,6,3,4,5,6,6,4,8,6,8,4,4,6,7,4,2,6,4,4,4,6,14,4,2,6,1,4,3,6,,1,3,4,2,6,21,4,2,6,12,4,4,6,,1,3,6,2,4,1,6,4,4,16,6,2,4,4,6,2,4,1,6,1,4,4,6,4,4,27,6,1,4,,2,25,6,1,4,2,6,4,4,2,6,1,4,1,6,1,4,17,6,10,4,10,6,4,4,,2,3,4,2,6,20,4,1,6,14,4,4,6,2,4,1,6,7,4,10,6,7,4,1,6,2,4,4,6,,
;;;;;;;;b-a;A;Liikuri - Vana-Lõuna;1234567z;;15201-1,17601-1,15112-1,15107-1,15100-1,15103-1,15101-1,14801-1,11603-2,11701-2,12301-1,12504-1,12607-1,13302-1,13301-1,00011-1,11315-1;
+299,+30,+25,+30,+15,+15,+16,+16,+16,+18,+18,+17,+17,+17,+17,+19,+23,+23,+23,+23,+25,+25,+30,+30,+23,+23,+23,+23,+23,+24,+24,+24,+25,+25,+26,+27,+25,+29,+28,+29,+28,+29,+29,+29,+29,-01004,+53,+27,+29,+30,+30,+30,+32,+41,+40,+33,+40,+44,+32,+32,+32,+32,+32,+32,+32,+64,+62,+82,+59,+56,+54,-0900,+59,+62,+63,+64,+66,+92,+67,+67,+65,,20626,,0,,12345,45,6,26,7,,1,,3,3,6,5,6,6,4,15,6,7,4,3,4,11,6,18,4,4,6,,1,7,6,1,4,24,6,1,4,2,6,1,4,2,6,1,4,,1,45,4,2,6,,0,3,6,4,4,1,6,24,4,1,6,2,4,1,6,2,4,1,6,,2,3,4,2,6,34,4,,2,42,4,3,6,25,4,1,6,,2,5,6,31,4,18,6,11,4,9,6,6,4,,2,32,6,1,4,2,6,3,4,27,6,3,4,12,6,,2,3,6,2,4,2,6,29,4,13,6,5,4,4,6,7,4,7,6,2,4,2,6,4,4,,2,3,4,1,6,2,6,2,4,20,6,4,4,1,6,2,4,1,6,2,4,7,4,2,6,2,4,5,7,4,4,12,4,1,6,1,4,2,7,2,4,,0,2,6,3,6,1,4,2,6,5,4,19,6,1,4,20,6,1,4,14,4,2,6,,1,4,6,1,4,2,6,1,4,5,6,15,4,1,6,3,4,1,6,3,4,13,6,4,4,15,6,2,4,2,6,2,4,,1,28,6,1,4,12,4,6,6,2,4,4,6,15,4,2,6,2,4,2,6,,1,28,4,1,6,18,4,2,6,4,4,1,6,17,4,1,6,,1,2,6,2,4,2,6,1,4,1,6,5,4,15,6,1,4,3,6,1,4,3,6,2,4,,
40;;;;;20600,,,,,,;;;a-b;A;Priisle - Estonia - Pelguranna;1234567z;;16303-1,16104-1,16102-1,16101-1,16108-1,16107-1,15703-1,17401-1,17602-1,17801-1,12803-1,12801-1,11804-1,11802-1,10702-2,00189-1,00183-1,12307-1,21203-1,12402-1,12405-1,10904-1,11003-1,10006-1,10008-1,09903-1,09901-1,09902-1,09606-1,09505-1,09501-1,09601-1,09605-1;
+298,+22,+22,+16,+12,+11,+9,+11,+10,+10,+11,+11,+11,+13,+14,+13,+14,+13,+14,+15,+15,+15,+15,+14,+14,+14,+14,+14,+14,+14,+14,+14,+14,+14,+14,+14,+14,+14,+14,+15,+14,+14,+11,+11,+11,+11,+12,+11,+11,+12,+13,+13,+14,+13,+13,+12,+13,+14,+15,+16,+16,+16,+17,+18,+18,+15,+15,+14,+14,+14,+14,+15,+15,+15,+15,+15,+16,+20,+20,+25,-01110,+20,+16,+17,+15,+15,+15,+14,+14,+14,+14,+16,+16,+18,+18,+19,+17,+17,+18,+18,+18,+16,+16,+16,+17,+15,+17,+15,+16,+16,+16,+16,+17,+17,+14,+16,+16,+16,+17,+17,+18,+18,+15,+16,+16,+17,+18,+18,+19,+21,+18,+18,+18,+18,+19,+19,+21,+21,+19,+19,+20,+19,+20,+18,+17,+16,-01111,+20,+16,+17,+15,+15,+15,+14,+14,+14,+14,+16,+16,+18,+18,+19,+17,+17,+18,+18,+18,+16,+16,+16,+17,+15,+17,+15,+16,+16,+16,+16,+17,+17,+14,+16,+16,+16,+17,+17,+18,+18,+15,+16,+16,+17,+18,+18,+19,+21,+18,+18,+18,+18,+19,+19,+21,+21,+19,+19,+20,+19,+20,+18,+17,+16,,20600,,0,,12345,80,6,66,7,,1,80,4,18,6,46,4,20,6,46,4,,1,8,6,11,4,26,6,19,4,16,6,18,4,8,6,18,4,20,6,20,4,8,6,18,4,20,6,,2,8,4,3,6,69,4,2,6,24,4,18,6,15,4,9,6,24,4,18,6,15,4,,2,8,6,56,4,34,6,48,4,18,6,,1,5,6,3,4,1,6,2,4,33,6,1,4,19,6,10,4,13,6,11,4,8,6,21,4,12,6,5,4,9,6,11,4,8,6,21,4,12,6,5,4,,1,8,6,1,4,10,6,25,4,1,6,14,4,43,6,4,4,21,6,12,4,29,6,4,4,21,6,12,4,,1,3,6,2,4,6,6,8,4,55,6,1,4,23,6,4,4,4,6,18,4,40,6,4,4,4,6,18,4,,2,3,4,2,6,69,4,1,6,23,4,4,6,4,4,18,6,20,4,2,6,18,4,4,6,4,4,18,6,20,4,,2,3,6,2,4,2,6,37,6,1,4,27,4,2,6,1,4,21,6,2,6,4,4,4,6,18,4,19,4,1,6,2,4,16,6,2,6,4,4,4,6,18,4,19,4,1,6,,1,51,6,8,4,28,6,9,4,1,6,1,4,26,6,3,4,26,6,9,4,1,6,1,4,26,6,3,4,,1,18,4,1,6,1,4,22,6,2,4,1,6,6,4,8,6,5,4,8,6,2,4,1,6,12,4,9,6,1,4,1,6,26,4,3,6,26,4,9,6,1,4,1,6,26,4,3,6,,2,18,6,1,4,1,6,22,4,2,6,15,4,35,6,2,4,1,6,1,4,4,6,4,4,18,6,3,4,17,4,2,6,14,6,2,4,1,6,1,4,4,6,4,4,18,6,3,4,17,4,,0,2,6,1,4,2,6,2,4,1,6,9,4,2,6,1,4,22,6,3,4,6,6,4,4,4,6,4,4,1,6,9,4,1,6,2,4,6,6,12,4,2,6,1,4,9,6,18,4,3,6,11,4,6,6,2,4,2,6,12,4,2,6,1,4,9,6,18,4,3,6,11,4,6,6,,3,2,4,1,6,2,4,1,6,1,6,1,4,9,6,2,4,3,6,20,4,3,6,6,4,4,6,1,4,23,4,1,6,2,4,5,6,56,4,3,6,2,4,5,6,56,4,,2,9,6,2,4,9,6,2,4,20,6,3,4,5,6,5,4,1,6,4,4,12,4,1,6,2,4,1,6,1,4,2,6,1,4,1,6,17,6,4,4,2,6,2,4,1,6,16,4,1,6,1,4,14,4,4,6,1,4,3,6,17,6,4,4,2,6,2,4,1,6,16,4,1,6,1,4,14,4,4,6,1,4,,1,5,6,3,6,1,4,2,6,3,4,51,4,7,6,2,4,1,6,1,4,1,6,2,4,7,6,1,4,4,6,7,4,4,6,2,4,2,6,1,4,16,6,1,4,1,6,5,4,9,6,2,4,11,6,1,4,4,6,7,4,4,6,2,4,2,6,1,4,16,6,1,4,1,6,5,4,9,6,2,4,,1,2,6,1,4,4,6,1,4,1,6,2,4,3,6,4,4,25,6,1,4,1,6,5,4,1,6,2,4,2,6,2,4,32,6,2,4,64,6,2,4,,2,2,4,1,6,5,6,1,4,2,6,3,4,32,6,5,4,2,6,2,4,26,4,1,6,6,6,1,4,10,6,3,4,2,6,2,4,1,6,16,4,1,6,1,4,18,4,1,6,3,4,1,6,6,6,1,4,10,6,3,4,2,6,2,4,1,6,16,4,1,6,1,4,18,4,1,6,,2,5,6,2,4,7,6,6,4,2,6,21,4,2,6,1,4,5,6,3,4,1,6,4,4,1,6,4,4,1,6,7,4,13,6,1,4,5,6,2,4,5,6,1,4,3,6,2,4,2,6,1,4,16,6,1,4,1,6,2,4,3,6,2,4,19,6,1,4,5,6,2,4,5,6,1,4,3,6,2,4,2,6,1,4,16,6,1,4,1,6,2,4,3,6,2,4,,1,2,6,3,4,2,6,1,4,1,6,5,4,6,6,2,4,21,6,2,4,1,6,5,4,1,6,1,4,1,6,8,4,2,6,1,4,7,6,1,4,1,6,1,4,9,6,1,4,1,6,5,4,2,6,5,4,1,6,7,4,1,6,23,4,2,6,7,4,11,6,1,4,1,6,5,4,2,6,5,4,1,6,7,4,1,6,23,4,2,6,7,4,,1,8,6,1,4,9,6,2,4,21,6,1,4,3,6,1,4,3,6,3,4,1,6,3,4,6,6,1,4,21,4,1,6,3,4,1,6,10,4,3,6,36,4,1,6,11,4,1,6,3,4,1,6,10,4,3,6,36,4,1,6,,2,10,6,1,4,3,6,4,4,2,6,21,4,1,6,4,6,3,4,2,6,4,4,1,6,1,4,5,4,1,6,1,4,1,6,7,4,2,4,1,6,5,4,1,6,5,4,1,6,1,6,1,4,1,6,3,4,5,6,4,4,2,6,8,4,4,6,7,4,4,6,2,4,1,6,2,4,8,4,1,6,3,4,3,6,5,4,1,6,1,6,1,4,1,6,3,4,5,6,4,4,2,6,8,4,4,6,7,4,4,6,2,4,1,6,2,4,8,4,1,6,3,4,,2,6,6,1,4,4,6,3,4,41,6,1,4,15,4,1,6,6,4,1,6,15,6,1,4,17,6,4,4,7,6,4,4,33,6,1,4,17,6,4,4,7,6,4,4,,1,41,6,1,4,8,6,1,4,27,6,1,4,23,6,2,4,38,4,1,6,25,6,2,4,38,4,1,6,,1,4,6,2,4,1,6,1,4,1,6,2,4,3,6,6,4,2,6,19,4,1,6,1,4,1,6,2,4,1,6,3,4,1,6,4,4,4,6,1,4,2,6,1,4,1,6,1,4,6,6,1,4,2,6,1,4,5,6,1,4,5,6,1,4,2,6,1,4,3,6,1,4,1,6,3,4,8,6,1,4,20,6,3,4,8,6,1,4,1,6,1,4,1,6,1,4,1,6,3,4,5,6,1,4,2,6,1,4,3,6,1,4,1,6,3,4,8,6,1,4,20,6,3,4,8,6,1,4,1,6,1,4,1,6,1,4,1,6,,2,4,4,2,6,1,4,1,6,1,4,2,6,5,4,4,6,2,4,19,6,3,4,2,6,1,4,3,6,1,4,1,6,1,4,2,6,4,4,1,6,2,4,1,6,1,4,8,6,2,4,2,6,1,4,2,6,1,4,1,6,1,4,2,6,1,4,3,6,1,4,9,6,4,4,2,6,2,4,1,6,16,4,1,6,1,4,5,6,1,4,1,6,5,4,2,6,1,4,7,6,1,4,2,6,1,4,3,6,1,4,9,6,4,4,2,6,2,4,1,6,16,4,1,6,1,4,5,6,1,4,1,6,5,4,2,6,1,4,,1,9,6,1,4,30,6,1,4,3,6,1,4,4,6,1,4,1,6,1,4,1,6,2,4,4,6,1,4,2,6,1,4,60,6,1,4,1,6,2,4,4,6,1,4,57,6,1,4,1,6,2,4,4,6,1,4,,1,7,6,1,4,2,6,1,4,1,6,2,4,2,6,4,4,2,6,18,4,3,6,1,4,1,6,4,4,3,6,1,4,2,6,4,4,1,6,1,4,3,6,8,4,10,6,2,4,1,6,1,4,4,6,3,4,2,6,3,4,4,6,2,4,2,6,1,4,20,6,3,4,7,6,1,4,3,6,1,4,1,6,1,4,4,6,2,4,1,6,1,4,4,6,3,4,2,6,3,4,4,6,2,4,2,6,1,4,20,6,3,4,7,6,1,4,3,6,1,4,1,6,1,4,,1,8,6,2,4,1,6,1,4,2,6,2,4,4,6,2,4,18,6,3,4,1,6,2,4,1,6,5,4,1,6,7,4,1,6,3,4,11,6,1,4,1,6,1,4,9,6,1,4,1,6,1,4,3,6,2,4,3,6,4,4,2,6,2,4,1,6,20,4,3,6,1,4,1,6,5,4,1,6,2,4,13,6,1,4,1,6,1,4,3,6,2,4,3,6,4,4,2,6,2,4,1,6,20,4,3,6,1,4,1,6,5,4,1,6,2,4,,1,3,4,1,6,5,4,1,6,5,4,1,6,29,4,1,6,9,4,1,6,2,4,1,6,3,4,2,6,11,4,1,6,1,4,1,6,4,4,2,6,3,4,1,6,1,4,1,6,3,4,1,6,20,4,2,6,7,4,1,6,1,4,2,6,3,4,1,6,2,4,4,6,2,4,1,6,1,4,1,6,1,4,1,6,4,4,2,6,3,4,1,6,1,4,1,6,3,4,1,6,20,4,2,6,7,4,1,6,1,4,2,6,3,4,1,6,2,4,4,6,2,4,1,6,1,4,1,6,1,4,1,6,,1,93,6,1,4,20,6,2,4,22,4,1,6,20,6,1,4,20,6,2,4,22,4,1,6,,2,8,4,1,6,5,4,1,6,5,4,2,6,18,4,1,6,3,4,1,6,12,4,1,6,18,4,1,6,2,4,1,6,1,4,1,6,3,4,1,6,61,4,1,6,3,4,1,6,,
;;;;;;;;b-a;A;Pelguranna - Estonia - Priisle;1234567z;;09605-1,09603-1,09604-1,09607-1,10202-1,10003-1,10004-1,10007-1,10005-1,11001-1,10901-1,10905-1,12003-2,21204-1,12309-1,00182-1,00188-1,11903-1,11803-1,11805-1,12802-1,17802-1,15502-1,15701-1,15704-1,16111-1,16112-1,16201-1,16206-1,16103-1,16301-1,16501-1;
+325,+20,+12,+12,+14,+10,+14,+12,+12,+11,+13,+12,+12,+12,+11,+12,+12,+13,+13,+14,+12,+13,+15,+15,+15,+15,+14,+14,+14,+14,+14,+14,+13,+14,+14,+14,+15,+14,+14,+15,+13,+15,+15,+14,+14,+13,+12,+10,+13,+11,+12,+12,+13,+13,+13,+13,+14,+13,+13,+12,+12,+12,+15,+16,+16,+17,+16,+16,+15,+15,+14,+14,+14,+14,+14,+15,+14,+14,+18,+29,-01105,+20,+20,+19,+18,+17,+16,+16,+16,+15,+15,+15,+15,+15,+17,+17,+18,+20,+18,+17,+17,+18,+18,+17,+17,+16,+17,+17,+16,+16,+17,+16,+16,+16,+17,+17,+14,+16,+16,+16,+16,+17,+18,+18,+15,+16,+16,+17,+17,+18,+19,+19,+17,+18,+18,+18,+19,+19,+20,+20,+18,+18,+18,+18,+19,+18,-01118,+20,+20,+19,+18,+17,+16,+16,+16,+15,+15,+15,+15,+15,+17,+17,+18,+20,+18,+17,+17,+18,+18,+17,+17,+16,+17,+17,+16,+16,+17,+16,+16,+16,+17,+17,+14,+16,+16,+16,+16,+17,+18,+18,+15,+16,+16,+17,+17,+18,+19,+19,+17,+18,+18,+18,+19,+19,+20,+20,+18,+18,+18,+18,+19,+18,,20600,,0,,12345,80,6,66,7,,1,139,4,7,6,59,4,,1,139,6,7,4,59,6,,1,43,6,12,4,23,4,7,6,54,4,12,6,54,4,,1,9,6,34,4,12,6,10,4,47,6,23,4,43,6,23,4,,1,4,6,56,4,5,6,8,4,5,6,7,4,6,6,60,4,6,6,,1,4,4,1,6,73,4,2,6,59,4,7,6,59,4,,1,4,6,1,4,43,6,8,4,4,6,7,4,11,6,2,4,32,6,15,4,12,6,6,4,33,6,15,4,12,6,6,4,,1,7,6,41,4,8,6,4,4,20,4,1,6,10,6,21,4,15,6,6,4,11,4,1,6,1,4,1,6,10,6,21,4,15,6,6,4,11,4,1,6,,1,3,6,1,4,3,6,10,4,10,6,29,4,4,6,18,4,2,6,1,4,3,6,7,4,8,6,28,4,6,6,6,4,5,6,3,4,3,6,7,4,8,6,28,4,6,6,6,4,5,6,,2,3,4,2,6,2,4,8,6,12,4,21,6,12,4,33,6,6,4,60,6,6,4,,0,3,6,6,6,6,4,27,6,6,4,12,6,4,4,3,6,6,4,42,6,12,4,18,4,1,6,35,6,12,4,18,4,,2,9,6,33,4,1,6,20,4,1,6,3,4,12,4,2,6,8,6,4,4,22,6,10,4,2,6,7,4,10,4,1,6,1,4,1,6,8,6,4,4,22,6,10,4,2,6,7,4,10,4,1,6,,3,3,4,1,6,5,4,6,6,2,4,10,6,29,4,7,6,1,4,3,6,5,4,7,6,1,4,6,6,3,4,4,6,22,4,10,6,10,4,17,6,3,4,4,6,22,4,10,6,10,4,,2,3,6,1,4,5,6,6,4,2,6,21,4,4,6,6,6,9,4,6,4,1,6,3,4,5,6,4,4,4,6,1,4,10,6,2,4,6,6,31,4,5,6,4,4,5,6,1,4,1,6,1,4,10,6,2,4,6,6,31,4,5,6,4,4,5,6,1,4,,1,8,6,1,4,6,6,2,4,21,6,4,4,4,6,2,4,9,6,3,4,3,6,1,4,10,4,2,6,13,6,2,4,2,6,6,4,16,6,12,4,3,6,2,4,12,4,1,6,10,6,2,4,2,6,6,4,16,6,12,4,3,6,2,4,12,4,1,6,,1,4,6,4,4,1,6,9,6,9,4,15,6,4,4,2,6,9,4,3,6,1,4,5,4,1,6,5,4,2,6,5,4,5,6,5,4,2,6,35,4,1,6,3,4,2,6,2,4,5,6,2,4,3,6,2,4,4,6,5,4,2,6,35,4,1,6,3,4,2,6,2,4,5,6,2,4,3,6,,3,17,6,1,4,29,6,1,4,13,6,1,4,3,4,1,6,10,4,3,6,1,4,3,6,1,4,4,6,41,4,1,6,9,4,2,6,3,4,5,6,1,4,4,6,41,4,1,6,9,4,2,6,3,4,,2,3,4,3,6,3,4,1,6,51,4,1,6,1,4,1,6,3,4,5,6,2,4,2,6,7,4,3,6,2,4,1,6,2,4,6,6,30,4,2,6,3,4,2,6,4,4,1,6,10,4,3,6,2,4,1,6,2,4,6,6,30,4,2,6,3,4,2,6,4,4,1,6,,0,3,6,57,4,1,6,11,4,2,6,6,4,3,6,3,4,2,6,1,4,2,6,6,4,2,6,36,4,3,6,3,4,3,6,1,4,4,6,3,4,2,6,1,4,2,6,6,4,2,6,36,4,3,6,3,4,3,6,1,4,,2,4,4,1,6,1,4,3,6,1,4,2,6,5,4,10,6,12,4,2,6,6,4,1,6,10,4,2,6,4,4,1,6,1,4,1,6,9,4,4,6,3,4,2,6,14,4,20,6,5,4,2,6,8,4,1,6,4,4,2,6,3,4,1,6,4,4,2,6,14,4,20,6,5,4,2,6,8,4,1,6,4,4,2,6,3,4,1,6,,1,1,6,79,4,3,6,2,4,11,6,50,4,3,6,2,4,11,6,,2,4,6,1,4,2,6,2,4,1,6,1,4,6,6,10,4,12,6,3,4,4,6,2,4,1,6,6,4,3,6,7,4,1,6,3,4,14,4,1,6,9,6,3,4,4,6,19,4,5,6,1,4,14,6,1,4,9,4,1,6,9,6,3,4,4,6,19,4,5,6,1,4,14,6,1,4,,2,1,4,5,6,1,4,2,6,1,4,1,6,4,4,12,6,14,4,1,6,4,4,2,6,1,4,6,6,5,4,5,6,2,4,16,6,1,4,2,6,2,4,1,6,4,4,6,6,1,4,20,6,4,4,1,6,1,4,1,6,2,4,3,6,1,4,1,6,5,4,1,6,1,4,3,6,1,4,4,6,1,4,2,6,2,4,1,6,4,4,6,6,1,4,20,6,4,4,1,6,1,4,1,6,2,4,3,6,1,4,1,6,5,4,1,6,1,4,3,6,1,4,,1,16,6,1,4,30,6,1,4,25,6,1,4,2,6,2,4,18,6,3,4,1,6,20,4,4,6,1,4,1,6,1,4,2,6,1,4,3,6,1,4,28,6,3,4,1,6,20,4,4,6,1,4,1,6,1,4,2,6,1,4,3,6,1,4,,1,5,6,1,4,2,6,1,4,1,6,1,4,4,6,1,4,1,6,10,4,14,6,6,4,1,6,8,4,4,6,5,4,2,6,6,4,1,6,1,4,3,6,1,4,9,6,1,4,4,6,3,4,29,6,1,4,4,6,2,4,7,6,1,4,14,6,1,4,4,6,3,4,29,6,1,4,4,6,2,4,7,6,1,4,,1,7,6,1,4,3,6,1,4,15,6,2,4,27,6,4,4,,2,1,6,6,4,1,6,6,6,1,4,14,6,12,4,5,6,2,4,1,6,3,4,8,6,1,4,7,4,7,6,1,4,9,6,1,4,3,6,31,6,3,4,16,4,12,6,1,4,3,6,31,6,3,4,16,4,,1,,1,4,6,1,4,2,6,1,4,4,6,2,4,2,6,1,4,21,6,1,4,2,6,19,4,5,6,2,4,6,6,1,4,14,6,1,4,10,6,21,4,3,6,1,4,10,6,1,4,4,6,1,4,1,6,3,4,1,6,1,4,8,6,1,4,10,6,21,4,3,6,1,4,10,6,1,4,4,6,1,4,1,6,3,4,1,6,,1,15,6,1,4,1,6,10,4,12,6,2,4,19,6,1,4,,1,6,6,1,4,2,6,1,4,32,6,4,4,1,6,2,4,3,6,7,4,2,6,1,4,,
41;;;;;20674,,,,,,;;;a-b;A;Balti jaam - Kakumäe;1234567z;;21105-6,10503-1,12103-1,12101-2,12401-1,12405-1,10904-1,11003-1,08910-1,08908-1,07902-1,08602-1,08802-1,08801-1,00309-1,00140-1,00138-1,00304-1,00303-1,00203-1,00202-1,00201-1,00114-1,00112-1,00130-1,00110-1,00108-1,00106-1,00104-1,00102-1,00101-1;
+356,+22,+20,+17,+18,+21,+15,+18,+18,+18,+20,+20,+22,+25,+27,+27,+27,+28,+28,+28,+28,+28,+28,+25,+27,+19,+19,+20,+20,+20,+20,+20,+20,+20,+22,+26,+27,+30,+27,+26,+26,+28,+27,+26,+25,+27,-0998,+33,+32,+35,+34,+35,+47,+38,+35,+35,+35,+37,+35,+36,+37,+35,+36,+37,+41,+41,+39,+37,+34,+34,+38,+33,+32,+34,-0975,+33,+32,+35,+34,+35,+47,+38,+35,+35,+35,+37,+35,+36,+37,+35,+36,+37,+41,+41,+39,+37,+34,+34,+38,+33,+32,+34,,20674,,0,,12345,46,6,28,7,,3,13,6,10,6,14,4,7,4,5,6,19,4,9,6,19,4,,2,13,6,25,4,6,6,1,4,,1,38,6,3,4,8,4,3,6,14,4,2,6,9,4,3,6,14,4,2,6,,2,23,6,14,4,4,6,1,4,2,4,1,6,4,6,19,4,9,6,19,4,,1,2,6,21,4,5,7,5,4,1,4,3,6,1,4,6,6,1,4,2,6,2,4,26,6,2,4,,1,34,6,2,4,8,4,1,6,,1,4,6,32,6,1,3,1,6,30,6,1,4,27,6,1,4,,2,15,4,4,6,19,4,10,6,26,4,2,6,,2,4,4,2,6,6,4,1,6,35,4,26,6,2,4,,2,12,6,1,4,2,6,4,4,3,7,12,4,9,4,1,6,1,4,1,4,2,6,4,6,14,4,8,4,2,6,4,6,14,4,,1,4,6,2,4,7,6,2,4,4,6,3,4,12,6,3,4,6,6,1,4,,1,46,6,6,4,14,6,2,4,6,6,6,4,14,6,2,4,,0,1,6,3,4,2,6,7,4,2,6,4,4,3,6,21,4,2,6,1,4,6,6,14,4,2,6,6,4,6,6,14,4,2,6,,2,1,4,3,6,2,4,7,6,21,4,3,6,4,4,2,6,2,4,1,6,,1,34,6,2,4,,1,36,6,1,4,,2,7,6,2,4,27,4,1,6,34,4,3,6,25,4,,1,6,6,1,4,2,6,6,4,4,6,3,4,1,6,9,4,4,6,1,4,12,6,17,4,5,6,3,4,3,6,17,4,5,6,,0,1,6,5,4,9,6,4,4,3,6,1,4,9,6,4,4,1,6,12,4,17,6,5,4,3,6,3,4,17,6,5,4,,1,34,4,2,6,1,4,1,6,2,4,1,6,3,4,1,6,,2,1,4,2,6,12,4,4,6,19,4,2,6,2,4,2,6,1,4,4,6,19,4,3,6,3,4,3,6,19,4,3,6,,1,15,6,4,4,4,6,5,4,10,6,2,4,2,6,2,4,1,6,3,4,1,6,17,4,2,6,3,4,3,6,2,4,1,6,17,4,2,6,3,4,,2,15,4,4,6,4,4,5,6,10,4,2,6,5,4,3,6,1,4,17,6,2,4,1,6,5,4,2,6,1,4,17,6,2,4,1,6,,1,15,6,4,4,4,6,5,4,22,6,16,4,2,6,1,4,9,6,16,4,2,6,1,4,,0,1,6,2,4,4,6,8,4,4,6,4,4,5,6,5,4,1,6,7,4,3,6,6,4,16,6,2,4,3,6,7,4,16,6,2,4,3,6,,1,6,6,1,4,26,6,1,4,,1,1,4,2,6,3,4,9,6,4,4,3,6,10,4,2,6,2,4,1,6,7,4,1,6,21,4,2,6,3,4,3,6,20,4,2,6,3,4,,1,3,4,3,6,9,4,4,6,3,4,1,6,5,4,4,6,2,4,2,6,1,4,4,6,1,4,2,6,1,4,2,6,21,4,3,6,3,4,1,6,21,4,3,6,,1,3,6,3,4,9,6,4,4,9,6,4,4,2,6,2,4,2,6,2,4,2,6,2,4,2,6,1,4,27,6,1,4,,1,22,6,1,4,9,6,1,4,4,6,1,4,2,6,1,4,4,6,1,4,,
;;;;;;;;b-a;A;Kakumäe - Balti jaam;1234567z;;00101-1,00103-1,00105-1,00107-1,00124-1,00131-1,00129-1,00132-1,00133-1,00134-1,00135-1,00136-1,00137-1,00139-1,00141-1,00702-1,08701-1,08702-1,08601-1,07901-1,08907-1,08909-1,11001-1,10901-1,10905-1,12003-3,12405-2,10904-1,10902-1,21104-1,21105-7;
+330,+20,+22,+22,+17,+16,+17,+18,+20,+20,+15,+16,+18,+19,+19,+19,+24,+27,+27,+26,+26,+29,+28,+29,+28,+28,+30,+27,+27,+18,+20,+20,+21,+19,+20,+20,+20,+20,+21,+26,+27,+27,+26,+25,+27,+26,+26,+26,-01037,+30,+30,+29,+35,+33,+36,+34,+38,+44,+40,+35,+35,+35,+37,+35,+36,+37,+35,+36,+37,+41,+41,+35,+39,+32,+32,+38,+33,+32,-01030,+30,+30,+29,+35,+33,+36,+34,+38,+44,+40,+35,+35,+35,+37,+35,+36,+37,+35,+36,+37,+41,+41,+35,+39,+32,+32,+38,+33,+32,,20674,,0,,12345,48,6,30,7,,1,,0,,1,,1,32,6,3,4,,1,32,4,3,6,,1,6,6,36,4,,2,17,4,25,6,6,4,4,6,17,4,13,6,17,4,,1,17,6,23,4,8,6,4,4,17,6,13,4,17,6,,2,35,4,5,6,8,4,3,6,18,4,12,6,18,4,,0,1,6,16,4,18,6,16,4,4,6,11,4,3,6,12,4,4,6,11,4,3,6,,1,1,4,1,6,42,4,4,6,,1,1,6,1,4,15,6,18,4,9,6,4,4,4,6,3,4,11,6,3,4,13,6,3,4,11,6,3,4,,2,44,4,4,6,4,4,3,6,27,4,3,6,,1,5,6,12,4,12,6,13,4,2,6,4,4,3,6,4,4,26,6,4,4,,1,3,6,25,6,1,4,15,4,9,6,18,4,12,6,18,4,,2,3,4,3,6,22,4,16,6,4,4,1,6,2,4,5,6,9,4,4,6,6,4,4,6,2,4,5,6,9,4,4,6,6,4,,1,5,6,1,4,49,6,1,4,9,6,1,4,7,4,2,6,10,6,1,4,9,6,1,4,7,4,2,6,,1,7,6,10,4,11,6,12,4,2,6,2,4,4,6,1,4,1,6,5,4,1,6,9,4,1,6,3,4,4,6,6,4,1,6,5,4,1,6,9,4,1,6,3,4,4,6,,1,48,4,1,6,7,4,9,6,10,4,4,6,7,4,9,6,10,4,,2,5,6,2,4,16,6,5,6,4,4,2,4,1,6,4,4,17,6,9,4,8,4,2,6,11,6,9,4,8,4,2,6,,2,28,4,4,6,3,4,5,6,2,4,,1,14,6,2,4,12,6,4,4,3,6,5,4,,1,49,4,1,6,6,4,9,6,7,4,1,6,6,4,1,6,6,4,9,6,7,4,1,6,,1,4,6,1,4,2,6,7,4,8,6,1,4,33,6,9,4,21,6,9,4,,1,3,6,2,6,2,4,7,6,8,4,1,6,12,4,5,4,2,6,5,4,2,6,24,4,6,6,24,4,,2,4,6,10,4,14,6,1,6,4,3,7,6,1,4,8,4,2,6,21,4,1,6,6,4,2,6,21,4,1,6,,0,2,6,3,4,1,6,22,6,1,4,11,4,1,6,3,4,3,6,1,4,1,6,24,4,6,6,24,4,,1,39,4,1,6,2,4,2,6,5,4,1,6,19,6,2,4,8,4,1,6,19,6,2,4,,1,5,6,1,4,27,6,1,4,1,6,3,4,11,6,2,4,4,6,1,4,17,6,1,4,5,6,2,4,4,6,1,4,17,6,1,4,,1,22,6,1,4,24,4,1,6,1,4,2,6,4,4,1,6,16,4,2,6,5,4,2,6,4,4,1,6,16,4,2,6,,
42;;;;;20605,,,,,,;;;a-b;A;Väike-Õismäe - Estonia - Priisle;1234567z;;01610-1,01101-1,01701-1,01302-1,00802-1,00903-1,00701-1,00702-1,08701-1,08702-1,08601-1,07901-1,07905-1,08903-1,08904-1,11201-1,12605-1,12001-1,21201-1,12305-1,11402-1,11502-1,11507-1,15106-1,15203-1,15601-1,15801-1,16006-1,16201-1,16103-1,16301-1,16501-1;
+305,+15,+15,+10,+10,+10,+10,+10,+10,+10,+10,+9,+9,+8,+8,+8,+8,+8,+9,+9,+9,+9,+9,+10,+9,+10,+9,+10,+9,+10,+10,+9,+10,+10,+9,+10,+10,+9,+9,+9,+9,+9,+9,+9,+9,+9,+9,+9,+9,+9,+9,+9,+9,+9,+9,+9,+9,+9,+9,+9,+9,+9,+9,+8,+9,+8,+9,+8,+8,+9,+8,+8,+9,+8,+8,+9,+8,+9,+9,+9,+10,+10,+10,+10,+10,+10,+10,+11,+11,+11,+11,+10,+10,+10,+10,+10,+10,+10,+10,+10,+10,+10,+10,+10,+10,+10,+10,+10,+10,+10,+10,+10,+10,+10,+10,+10,+10,+10,+10,+15,-01110,+15,+15,+15,+15,+15,+15,+15,+15,+15,+15,+15,+15,+15,+15,+15,+15,+15,+13,+13,+13,+13,+13,+11,+11,+11,+11,+11,+11,+11,+11,+11,+11,+11,+11,+11,+12,+12,+12,+12,+12,+12,+12,+12,+11,+11,+11,+11,+11,+11,+11,+11,+11,+11,+11,+11,+11,+12,+12,+12,+12,+15,+15,+15,+15,+15,+15,+15,+15,+15,+15,+15,+15,+15,+15,+15,+15,+15,+15,+15,+15,+15,+15,+20,-01100,+15,+15,+15,+15,+15,+15,+15,+15,+15,+15,+15,+15,+15,+15,+15,+15,+15,+13,+13,+13,+13,+13,+11,+11,+11,+11,+11,+11,+11,+11,+11,+11,+11,+11,+11,+12,+12,+12,+12,+12,+12,+12,+12,+11,+11,+11,+11,+11,+11,+11,+11,+11,+11,+11,+11,+11,+12,+12,+12,+12,+15,+15,+15,+15,+15,+15,+15,+15,+15,+15,+15,+15,+15,+15,+15,+15,+15,+15,+15,+15,+15,+15,+20,,20605,,0,,12345,120,6,84,7,,1,,1,11,6,89,4,36,6,59,4,25,6,59,4,,1,100,6,8,4,17,6,11,4,59,6,4,4,10,6,11,4,59,6,4,4,,2,100,4,8,6,17,4,11,6,59,4,4,6,10,4,11,6,59,4,4,6,,1,8,6,3,4,5,6,73,4,11,6,14,4,11,6,11,4,59,6,4,4,10,6,11,4,59,6,4,4,,2,8,4,2,6,6,4,73,6,19,4,6,6,,1,8,6,2,4,1,6,89,4,8,6,10,4,4,6,3,4,11,6,59,4,4,6,4,4,3,6,3,4,11,6,59,4,4,6,4,4,,2,8,4,92,6,8,4,12,6,2,4,3,6,11,4,59,6,4,4,5,6,2,4,3,6,11,4,59,6,4,4,,1,10,6,1,4,109,4,1,6,75,4,3,6,5,4,1,6,75,4,3,6,,1,8,6,2,4,1,6,83,4,14,6,5,4,5,6,3,4,15,6,59,4,1,6,3,4,5,6,1,4,15,6,59,4,1,6,3,4,,1,8,4,2,6,1,4,4,6,93,4,5,6,5,4,2,6,67,4,8,6,76,4,8,6,,2,11,6,4,4,43,6,6,6,9,6,10,4,3,4,3,4,31,4,2,6,14,4,6,6,62,4,2,6,14,4,6,6,,1,11,4,3,6,100,4,4,6,82,4,4,6,80,4,,1,8,6,56,4,4,6,5,4,16,6,18,4,1,6,5,4,1,6,82,4,4,6,80,4,4,6,,2,64,6,4,4,5,6,16,4,23,4,1,6,5,4,3,6,1,4,3,6,70,4,1,6,8,4,1,6,1,4,3,6,70,4,1,6,,1,9,6,1,4,1,6,3,4,2,6,48,4,4,6,5,4,16,6,17,4,1,6,1,4,4,6,1,4,9,6,3,4,11,6,6,4,1,6,56,4,7,6,3,4,11,6,6,4,1,6,56,4,,2,89,4,5,6,6,4,6,6,1,4,1,6,4,4,1,6,9,4,3,6,18,4,44,6,8,4,4,6,3,4,1,6,3,4,3,6,18,4,44,6,8,4,4,6,3,4,1,6,,1,10,6,1,4,3,6,43,4,7,6,4,4,3,6,23,4,6,6,6,4,1,6,1,4,4,6,1,4,12,6,11,4,6,6,45,4,8,6,4,4,3,6,1,4,6,6,11,4,6,6,45,4,8,6,4,4,3,6,1,4,,2,13,6,1,4,43,6,7,4,4,6,12,4,14,6,6,4,17,4,1,6,2,4,1,6,66,6,8,4,8,4,2,6,66,6,8,4,8,4,,2,3,6,61,6,7,4,2,6,6,4,1,6,4,4,10,4,6,6,5,4,1,6,1,4,1,6,4,4,1,6,1,4,3,6,1,4,2,6,1,4,1,6,3,4,11,6,51,4,8,6,1,4,8,6,1,4,1,6,3,4,11,6,51,4,8,6,1,4,,2,3,4,8,6,2,4,1,6,2,4,44,6,3,4,8,6,2,4,6,6,1,4,9,6,11,4,5,6,1,4,1,6,1,4,6,6,3,4,8,6,11,4,51,6,8,4,1,6,6,4,1,6,1,4,5,6,11,4,51,6,8,4,1,6,6,4,1,6,,1,3,6,7,4,6,6,44,4,3,6,1,4,20,6,5,4,19,6,3,4,1,6,1,4,5,6,2,4,1,6,1,4,21,6,44,4,15,6,1,4,2,6,1,4,21,6,44,4,15,6,1,4,,2,3,4,7,6,6,4,12,6,1,4,28,6,1,4,2,6,25,4,4,6,19,4,3,6,1,4,1,6,5,4,2,6,1,4,1,6,21,4,44,6,15,4,1,6,2,4,1,6,21,4,44,6,15,4,1,6,,1,2,6,9,4,2,6,1,4,1,6,13,4,1,6,28,4,1,6,2,4,4,6,20,4,1,6,20,4,1,6,19,4,11,6,64,4,2,6,1,4,1,6,5,4,11,6,64,4,2,6,1,4,,2,2,4,1,6,7,4,1,6,4,4,1,6,52,4,16,6,5,4,16,6,1,4,2,6,5,4,5,6,2,4,1,6,1,4,3,6,62,4,13,6,4,4,1,6,1,4,3,6,62,4,13,6,,1,2,6,1,4,7,6,1,4,4,6,1,4,52,6,16,4,5,6,16,4,1,6,1,4,6,6,1,4,3,6,1,4,2,6,1,4,1,6,3,4,62,6,7,4,1,6,5,4,4,6,1,4,1,6,3,4,62,6,7,4,1,6,5,4,,2,2,4,1,6,7,4,1,6,4,4,1,6,55,4,2,6,6,4,1,6,9,4,16,6,1,4,1,6,1,4,6,6,3,4,4,6,1,4,3,6,62,4,7,6,1,4,5,6,2,4,3,6,1,4,3,6,62,4,7,6,1,4,5,6,2,4,,2,10,6,1,4,60,6,2,4,6,6,1,4,36,4,2,6,3,4,1,6,79,4,1,6,3,4,1,6,79,4,1,6,,2,15,6,1,4,179,6,1,4,83,6,1,4,,1,11,6,2,4,1,6,1,4,1,6,52,4,16,6,1,4,4,6,15,4,4,6,2,4,33,6,51,4,2,6,2,4,29,6,51,4,2,6,2,4,,1,7,6,3,4,3,6,1,4,54,6,16,4,1,6,4,4,15,6,1,4,37,6,1,4,51,6,1,4,3,6,1,4,27,6,1,4,51,6,1,4,3,6,1,4,,
;;;;;;;;b-a;A;Priisle - Estonia - Väike-Õismäe;1234567z;;16303-1,16104-1,16102-1,16101-1,16008-1,16106-1,15702-1,15501-1,15202-1,15111-1,15105-1,11508-1,11501-1,11401-1,12220-3,21210-1,12002-2,11103-1,11102-1,08905-1,08901-1,07902-1,08602-1,08802-1,08801-1,00309-1,00308-2,01004-1,00911-1,00801-1,01301-1,01401-1,01606-1,01104-1;
+301,+15,+15,+10,+10,+10,+10,+10,+10,+10,+10,+10,+9,+9,+9,+9,+9,+8,+8,+8,+8,+8,+8,+8,+8,+8,+8,+9,+9,+9,+9,+9,+9,+9,+9,+9,+9,+9,+9,+10,+9,+10,+9,+10,+9,+9,+9,+9,+9,+9,+9,+9,+9,+9,+9,+9,+9,+9,+9,+9,+9,+9,+9,+9,+9,+9,+9,+9,+9,+9,+9,+9,+9,+9,+9,+9,+9,+9,+10,+10,+10,+10,+10,+10,+10,+10,+10,+10,+10,+10,+10,+10,+10,+10,+10,+10,+10,+10,+10,+10,+10,+10,+10,+10,+10,+10,+10,+10,+10,+10,+10,+10,+10,+10,+10,+10,+10,+13,+15,+15,-01110,+20,+15,+15,+15,+15,+15,+15,+15,+15,+15,+15,+15,+15,+13,+13,+13,+13,+13,+13,+13,+13,+13,+13,+13,+13,+13,+13,+11,+11,+11,+11,+11,+11,+11,+11,+11,+11,+11,+11,+11,+12,+12,+12,+12,+12,+12,+12,+12,+12,+12,+11,+11,+11,+11,+11,+11,+11,+12,+12,+12,+12,+15,+15,+15,+15,+15,+15,+15,+15,+15,+15,+15,+15,+15,+15,+15,+15,+15,+15,+15,+15,+16,+19,-01105,+20,+15,+15,+15,+15,+15,+15,+15,+15,+15,+15,+15,+15,+13,+13,+13,+13,+13,+13,+13,+13,+13,+13,+13,+13,+13,+13,+11,+11,+11,+11,+11,+11,+11,+11,+11,+11,+11,+11,+11,+12,+12,+12,+12,+12,+12,+12,+12,+12,+12,+11,+11,+11,+11,+11,+11,+11,+12,+12,+12,+12,+15,+15,+15,+15,+15,+15,+15,+15,+15,+15,+15,+15,+15,+15,+15,+15,+15,+15,+15,+15,+16,+19,,20605,,0,,12345,120,6,84,7,,1,,1,76,6,8,4,,2,76,4,8,6,,1,8,6,100,4,22,6,66,4,18,6,66,4,,1,130,4,7,6,77,4,7,6,,2,8,4,8,6,13,4,29,6,33,4,17,6,11,4,6,6,12,4,6,6,43,4,10,6,7,4,6,6,12,4,6,6,43,4,10,6,7,4,,1,8,6,8,4,13,6,29,4,33,6,17,4,11,6,6,4,12,6,6,4,43,6,10,4,7,6,6,4,12,6,6,4,43,6,10,4,7,6,,2,8,4,20,6,1,4,30,6,31,4,18,6,11,4,6,6,12,4,59,6,7,4,6,6,12,4,59,6,7,4,,1,8,6,20,4,1,6,30,4,31,6,11,4,19,6,5,4,12,6,59,4,7,6,6,4,12,6,59,4,7,6,,1,203,4,1,6,83,4,,2,8,4,3,6,104,4,4,6,76,4,1,6,83,4,1,6,,1,114,4,1,6,,1,3,6,8,4,3,6,95,4,5,6,5,4,6,6,12,4,5,6,44,4,9,6,3,4,5,6,1,4,5,6,12,4,5,6,44,4,9,6,3,4,5,6,,2,3,4,5,6,3,6,3,4,62,6,8,4,24,4,1,6,16,4,4,6,8,6,5,4,44,6,9,4,1,4,2,6,5,4,1,6,5,4,4,6,8,6,5,4,44,6,9,4,1,4,2,6,5,4,,2,28,6,1,4,36,6,11,4,8,6,1,4,30,4,4,6,1,4,5,6,74,4,4,6,1,4,5,6,74,4,4,6,,1,3,6,8,4,3,6,93,4,1,6,6,4,1,6,4,4,1,6,17,4,6,6,43,4,10,6,7,4,1,6,17,4,6,6,43,4,10,6,7,4,,2,6,6,2,4,1,6,19,4,1,6,36,4,8,6,21,4,7,6,11,4,2,6,4,4,1,6,1,4,10,6,13,4,43,6,12,4,5,6,1,4,10,6,13,4,43,6,12,4,5,6,,2,6,4,2,6,1,4,4,6,1,4,2,6,13,4,36,6,8,4,21,6,7,4,11,6,1,4,7,6,10,4,13,6,43,4,13,6,4,4,1,6,10,4,13,6,43,4,13,6,4,4,,2,3,4,3,6,2,4,1,6,1,6,3,4,1,6,2,4,43,6,6,4,8,6,15,4,24,4,1,6,86,4,4,6,80,4,4,6,,1,3,6,7,4,1,6,61,6,12,4,29,4,5,6,1,4,5,6,72,4,2,6,5,4,5,6,72,4,2,6,5,4,,2,6,4,2,6,87,4,6,6,4,4,2,6,2,4,4,6,1,4,6,6,4,4,4,6,14,6,1,4,51,4,2,6,2,4,5,6,5,4,4,6,14,6,1,4,51,4,2,6,2,4,5,6,,1,10,6,1,4,2,6,16,4,37,6,7,4,15,6,1,4,6,6,6,4,4,6,1,4,3,6,2,4,13,6,4,4,58,6,6,4,3,6,1,4,12,6,4,4,58,6,6,4,3,6,1,4,,1,8,6,2,4,19,6,30,4,6,6,1,4,7,6,7,4,9,6,4,4,13,6,1,4,4,6,1,4,2,6,4,4,1,6,1,4,17,6,5,4,1,6,43,4,8,6,1,4,4,6,3,4,19,6,5,4,1,6,43,4,8,6,1,4,4,6,3,4,,1,8,4,2,6,19,4,29,6,15,4,3,6,15,4,2,6,12,4,2,6,2,4,3,6,2,4,4,6,1,4,1,6,4,4,4,6,9,4,5,6,1,4,43,6,8,4,2,6,3,4,3,6,1,4,1,6,4,4,4,6,9,4,5,6,1,4,43,6,8,4,2,6,3,4,3,6,1,4,,1,6,6,4,4,1,6,3,4,2,6,42,4,1,6,17,4,4,6,10,4,1,6,16,4,2,6,4,4,1,6,4,4,1,6,9,4,2,6,82,4,2,6,,1,10,6,1,4,3,6,2,4,13,6,36,4,8,6,7,4,4,6,3,4,3,6,3,4,14,6,1,4,4,4,1,6,24,6,5,4,1,6,43,4,12,4,1,6,3,4,1,6,18,6,5,4,1,6,43,4,12,4,1,6,3,4,1,6,,3,6,4,1,6,1,6,1,4,56,6,19,4,3,6,1,4,5,6,1,4,13,4,1,6,3,4,1,6,1,4,5,6,1,4,5,6,18,6,1,4,54,4,1,6,1,4,3,6,1,4,5,6,18,6,1,4,54,4,1,6,1,4,3,6,1,4,,1,9,6,1,4,62,6,1,4,28,6,1,4,95,6,1,4,83,6,1,4,,1,11,6,3,4,2,6,13,4,29,6,1,4,12,6,1,4,8,6,5,4,3,6,3,4,3,6,7,4,1,6,2,4,9,6,1,4,72,6,7,4,77,6,7,4,,1,6,6,2,4,2,6,1,4,3,6,2,4,13,6,29,4,1,6,12,4,2,6,6,4,6,6,2,4,4,6,2,4,35,6,2,4,13,6,43,4,26,6,2,4,13,6,43,4,,1,8,6,1,4,70,6,1,4,7,6,1,4,5,6,1,4,13,6,1,4,19,6,1,4,83,6,1,4,,2,6,4,1,6,1,4,1,6,1,4,1,6,54,4,1,6,13,4,1,6,6,4,2,6,4,4,2,6,13,4,1,6,2,4,1,6,1,4,2,6,4,4,1,6,8,4,3,6,67,4,1,6,3,4,2,6,8,4,3,6,67,4,1,6,3,4,2,6,,0,6,6,1,4,1,6,3,4,1,6,1,4,15,6,1,4,36,6,1,4,5,6,2,4,6,6,1,4,4,6,1,4,1,6,4,4,2,6,2,4,10,6,1,4,2,6,1,4,2,6,1,4,1,6,2,4,4,6,1,4,8,6,3,4,6,6,1,4,57,6,2,4,1,6,1,4,3,6,2,4,8,6,3,4,6,6,1,4,57,6,2,4,1,6,1,4,3,6,2,4,,
44;;;;;20666,,,,,,;;;a-b;A;Viru keskus - P. Pinna;1234567z;;21212-1,11903-1,11803-1,11805-1,12802-1,17802-1,17508-1,15502-1,15701-1,15704-1,15803-1,15802-1,15604-1;
+338,+17,+17,+16,+16,+16,+14,+14,+14,+14,+14,+15,+16,+16,+18,+20,+18,+18,+18,+18,+16,+16,+17,+18,+18,+16,+16,+16,+15,+15,+15,+15,+16,+15,+15,+15,+15,+15,+15,+15,+15,+15,+15,+15,+15,+16,+16,+18,+20,+20,+17,+17,+18,+18,+18,+18,+16,+16,+16,+16,+16,+17,+17,+19,+20,+17,+16,+19,-01038,+25,+22,+22,+22,+22,+22,+22,+28,+31,+25,+30,+24,+24,+24,+24,+24,+24,+24,+24,+24,+24,+24,+24,+26,+28,+30,+30,+27,+28,+26,+26,+26,+26,+25,+24,+25,-0906,+25,+22,+22,+22,+22,+22,+22,+28,+31,+25,+30,+24,+24,+24,+24,+24,+24,+24,+24,+24,+24,+24,+24,+26,+28,+30,+30,+27,+28,+26,+26,+26,+26,+25,+24,+25,,20666,,0,,12345,68,6,37,7,,3,1,6,1,4,1,6,2,6,55,4,3,4,3,6,9,6,5,6,21,4,4,4,7,6,5,6,21,4,,2,3,4,1,6,1,4,1,6,46,4,8,6,1,4,2,6,5,4,33,6,4,4,33,6,,1,1,4,1,6,2,4,1,6,55,4,1,6,5,4,2,6,,1,4,6,1,4,29,6,21,4,5,6,3,4,3,6,2,4,12,6,21,4,16,6,21,4,,1,1,6,1,4,1,6,1,4,1,6,1,4,1,6,45,4,3,6,6,4,2,6,4,4,1,6,29,4,4,6,33,4,4,6,,2,2,6,1,4,1,6,1,4,1,6,4,4,2,6,4,4,1,6,4,4,1,6,38,4,1,6,2,4,34,6,4,4,33,6,4,4,,2,2,4,1,6,1,4,1,6,57,4,1,6,5,4,4,6,33,4,4,6,,1,2,6,1,4,1,6,1,4,5,6,2,4,4,6,1,4,4,6,1,4,11,6,1,4,28,6,1,4,6,6,3,4,7,6,17,4,5,6,4,4,1,6,3,4,7,6,17,4,5,6,,1,68,6,1,4,27,6,1,4,8,6,1,4,27,6,1,4,,2,1,4,1,6,14,4,1,6,4,4,1,6,40,4,1,6,3,4,1,6,1,4,1,6,27,4,1,6,4,4,5,6,27,4,1,6,4,4,,1,7,6,3,4,2,6,3,4,1,6,1,4,4,6,1,4,11,6,18,4,1,6,9,4,35,6,1,4,36,6,1,4,,1,1,6,6,4,3,6,2,4,3,6,1,4,1,6,4,4,1,6,12,6,14,4,7,4,5,6,3,4,3,6,1,4,1,6,1,4,5,6,1,4,4,6,17,4,1,6,7,4,1,6,1,4,5,6,1,4,4,6,17,4,1,6,7,4,,
;;;;;;;;b-a;A;P. Pinna - Viru keskus;1234567z;;15604-1,14404-1,14407-1,14403-1,16001-1,15703-1,17401-1,17602-1,17508-1,17801-1,12803-1,12801-1,11804-1,11802-1,10702-2,12212-1,12221-1;
+301,+22,+20,+17,+16,+18,+17,+16,+17,+15,+15,+14,+14,+14,+14,+17,+16,+19,+19,+18,+18,+18,+18,+16,+15,+18,+17,+19,+16,+16,+16,+15,+15,+15,+15,+16,+16,+15,+15,+16,+15,+15,+15,+15,+15,+15,+16,+15,+15,+16,+18,+20,+20,+16,+17,+16,+18,+18,+18,+16,+17,+17,+15,+14,+17,+15,+20,+19,-01046,+20,+20,+20,+25,+22,+22,+22,+22,+21,+24,+29,+30,+25,+31,+26,+24,+24,+24,+24,+24,+24,+24,+24,+24,+24,+25,+25,+28,+29,+30,+28,+28,+26,+26,+26,+25,+25,-0920,+20,+20,+20,+25,+22,+22,+22,+22,+21,+24,+29,+30,+25,+31,+26,+24,+24,+24,+24,+24,+24,+24,+24,+24,+24,+25,+25,+28,+29,+30,+28,+28,+26,+26,+26,+25,+25,,20666,,0,,12345,68,6,38,7,,0,,1,,1,,1,8,6,9,4,,2,,1,19,6,1,4,4,6,1,4,11,6,14,4,33,6,20,4,18,6,20,4,,1,2,6,59,4,7,6,,3,19,4,1,6,4,4,1,6,11,4,14,6,33,4,20,6,18,4,20,6,,2,17,6,33,4,33,6,20,4,18,6,20,4,,1,6,6,4,4,3,6,2,4,35,6,18,4,35,6,3,4,35,6,,1,6,4,2,6,42,4,18,6,35,4,3,6,35,4,,2,7,6,1,4,2,6,3,4,2,6,2,4,19,6,13,4,1,6,10,4,,0,1,6,1,4,2,6,1,4,1,6,1,4,10,6,19,4,13,6,1,4,10,6,8,4,5,6,24,4,6,6,3,4,5,6,24,4,6,6,,2,1,6,4,6,1,4,1,6,3,4,3,6,2,4,21,6,13,4,1,6,10,4,13,4,10,6,28,4,10,6,,2,1,4,5,6,1,4,3,6,3,4,2,6,2,4,2,6,1,4,4,6,1,4,10,6,1,4,13,6,1,4,23,6,23,4,1,6,6,4,8,6,23,4,1,6,6,4,,1,5,6,1,4,1,6,12,4,1,6,4,4,1,6,9,6,15,4,11,4,,
45;;;;;20605,,,,,-46174,;;;a-b;A;Väike-Õismäe - Nõmme - Ülemiste;12345z;;01610-1,01101-1,01701-1,01302-1,01403-1,03104-1,03402-1,03403-1,02808-1,05401-1,05501-1,06301-1,06404-1,06305-1,06402-1,06801-1,07504-1,13007-1,13402-1,13404-1,13406-1,13510-1;
+341,+20,+17,+16,+14,+14,+14,+14,+13,+15,+15,+15,+15,+15,+16,+15,+16,+17,+16,+17,+17,+17,+21,+22,+25,+25,+24,+24,+23,+22,+15,+15,+15,+14,+14,+14,+14,+15,+15,+15,+16,+16,+15,+15,+15,+15,+16,+16,+17,+18,+22,+23,+23,+23,+22,+23,+23,+22,+24,,20605,,0,,12345,,1,,1,,1,3,6,48,4,,1,3,4,3,6,12,4,19,6,12,4,2,6,,2,3,6,10,4,5,6,19,4,12,6,4,4,,2,38,6,11,4,4,6,,1,48,4,1,6,7,4,,2,7,6,11,4,11,6,15,4,4,6,1,4,,2,2,6,1,6,10,6,1,4,2,4,2,6,16,6,2,6,2,4,8,4,2,4,1,6,2,4,5,6,,2,3,4,5,6,5,4,3,6,1,4,6,6,6,4,4,6,3,4,2,6,5,4,5,6,1,4,,2,38,4,3,6,15,4,,0,3,6,13,4,1,6,6,4,5,6,5,4,2,6,6,4,2,6,5,4,1,6,4,4,3,6,,1,1,6,1,4,14,6,1,4,6,6,5,4,5,6,2,4,6,6,2,4,5,6,1,4,,2,1,4,1,6,1,4,2,6,9,4,3,6,6,4,9,6,1,4,3,6,5,4,2,6,5,4,,1,2,6,16,4,5,6,9,4,1,6,12,4,3,6,,3,1,6,1,4,1,6,2,4,1,6,7,4,1,6,3,4,1,6,5,4,5,6,5,4,2,6,1,4,1,6,6,4,2,6,3,4,3,6,2,4,,2,1,4,1,6,1,4,2,6,10,4,2,6,11,4,4,6,5,4,1,6,13,4,2,6,4,4,,2,3,6,3,4,1,6,1,4,5,6,1,4,1,6,2,4,6,6,9,4,1,6,2,4,1,6,2,4,5,6,2,4,6,6,2,4,4,6,,1,1,6,1,4,6,6,5,4,4,6,6,4,25,6,1,4,7,4,,1,2,6,8,6,3,4,1,6,1,4,33,4,1,6,3,4,4,6,,1,6,6,1,4,2,6,1,4,3,6,1,4,1,6,1,4,16,6,1,4,2,6,1,4,2,6,4,4,3,6,2,4,1,6,1,4,,
;;;;;;;;b-a;A;Ülemiste - Nõmme - Väike-Õismäe;12345z;;13510-1,13509-1,13507-1,13505-1,13403-1,12905-1,07505-1,06803-1,06802-1,06403-1,06405-1,06302-1,05502-1,05403-1,02906-1,03302-1,03204-1,02102-1,01402-1,01301-1,01401-1,01606-1,01104-1;
+374,+23,+19,+17,+14,+15,+16,+16,+16,+16,+16,+15,+14,+13,+13,+15,+15,+15,+16,+17,+16,+16,+22,+24,+24,+24,+24,+24,+24,+23,+15,+16,+15,+15,+15,+14,+15,+16,+15,+15,+16,+16,+14,+14,+13,+14,+16,+15,+16,+16,+24,+23,+24,+20,+20,+22,+22,+22,+23,,20605,,0,,12345,,0,5,6,3,4,,2,3,6,2,4,3,6,12,4,15,6,5,4,,1,10,4,10,6,15,4,5,6,,1,1,6,2,4,1,6,6,6,2,4,19,6,13,4,11,4,,2,12,6,8,4,4,6,7,4,,2,20,6,4,4,12,6,3,4,,4,5,6,3,4,23,6,5,6,1,4,4,4,3,6,4,4,,1,3,6,2,4,36,6,1,4,6,6,2,4,,2,1,4,1,6,1,4,2,6,15,4,4,6,30,4,1,6,,1,1,6,1,4,1,6,5,4,12,6,4,4,6,6,1,4,7,6,2,4,2,6,2,4,6,6,3,4,1,6,1,4,,1,50,4,3,6,1,4,1,6,,2,1,4,3,6,1,4,1,6,14,4,4,6,6,4,1,6,8,4,1,6,2,4,2,6,4,4,2,6,3,4,1,6,1,4,,1,1,6,1,6,8,4,10,6,4,4,8,6,8,4,,2,5,6,1,4,24,6,1,4,6,6,2,4,1,6,4,4,,2,1,4,2,6,6,4,1,6,28,4,1,6,1,4,4,6,3,4,1,6,2,4,5,6,,1,1,6,11,4,17,6,1,4,1,6,1,4,2,6,3,4,1,6,8,4,1,6,8,4,,3,44,4,2,6,2,4,7,6,,2,29,4,1,6,7,6,1,4,17,4,,1,8,4,1,6,28,4,1,6,16,4,1,6,,1,8,6,1,4,20,6,1,4,7,6,1,4,16,6,1,4,,1,4,6,1,4,1,6,2,4,1,6,1,4,2,6,17,4,1,6,7,4,1,6,15,4,,1,1,4,1,6,2,4,1,6,1,4,2,6,1,4,1,6,2,4,17,6,1,4,2,6,2,4,2,6,3,4,5,6,2,4,9,6,2,4,,
46;;;;;20635,,,,,-46204,;;;a-b;AE;Väike-Õismäe - Estonia - Seli;12345z;;01610-1,01101-1,01701-1,01302-1,00802-1,00903-1,00701-1,08601-1,12003-1,21201-1,12305-2,11402-1,15601-1,15801-1,16201-1,16205-1,16402-1,16602-1;
+390,+10,+10,+10,+9,+9,+9,+10,+10,+11,+11,+10,+10,+9,+9,+9,+9,+10,+10,+10,+12,+12,+242,+15,+15,+15,+14,+14,+13,+13,+13,+13,+13,+11,+10,+10,+10,+10,+10,+11,+12,+13,+15,+15,+20,+23,+23,,20635,,0,,12345,,1,,1,,1,6,6,5,4,,2,6,4,5,6,,1,2,6,,2,2,4,3,6,6,4,,4,6,6,4,4,1,6,21,6,7,4,,7,2,6,2,6,2,4,4,6,1,4,3,4,8,6,3,6,2,6,3,6,2,4,4,6,1,4,1,6,2,4,3,3,,2,1,6,1,4,12,6,6,4,4,6,1,4,3,6,2,4,1,6,5,4,1,6,1,4,2,6,2,4,1,6,,2,6,6,4,4,10,6,2,4,5,6,1,4,2,6,9,4,,2,2,6,4,4,4,6,4,4,8,6,2,4,1,6,2,4,1,6,11,6,1,3,2,6,2,4,,6,2,4,1,6,2,4,1,6,21,6,1,4,4,6,4,4,4,6,2,4,,1,2,6,1,4,2,6,4,4,15,6,1,4,6,6,1,4,,2,9,6,1,4,16,6,1,4,1,6,3,4,5,6,3,4,,2,2,4,1,6,2,4,9,6,6,4,2,6,2,4,3,6,1,4,4,6,4,4,3,6,7,4,,1,2,6,1,4,2,6,9,4,6,6,21,4,1,6,1,4,1,6,,2,8,4,2,6,3,4,1,6,8,4,3,6,2,4,1,6,4,4,4,6,2,4,3,6,1,4,1,6,1,4,2,6,,
;;;;;;;;b1-a;AE;Seli - Estonia - Väike-Õismäe;12345z;;16601-1,16401-1,16207-1,16101-1,15702-1,15501-1,11401-1,12220-1,21210-1,12401-1,08602-1,00308-2,02115-1,01402-1,01301-1,01401-1,01606-1,01104-1;
+383,+12,+12,+10,+10,+10,+10,+9,+9,+9,+9,+10,+10,+12,+12,+12,+13,+14,+12,+12,+12,+12,,20635,,0,,12345,,2,,1,,3,,3,,2,13,4,,6,,2,3,6,,1,4,6,8,4,1,6,4,4,,2,12,6,1,4,,8,3,6,8,4,,4,18,4,,1,1,6,,2,,1,1,4,1,6,8,4,1,6,1,4,1,6,2,4,2,6,,1,1,6,1,4,8,6,1,4,1,6,1,4,2,6,2,4,,2,1,4,1,6,2,4,1,6,4,4,9,6,,0,1,6,1,4,2,6,1,4,4,6,1,4,1,6,1,4,1,6,2,4,2,6,1,4,,
;;;;;;;;b-a;AE;;12345z;;16601-1,16401-1,16207-1,16101-1,15702-1,15501-1,11401-1,12220-1,21210-1,12401-1,08602-1,00308-2,01004-1,00911-1,00801-1,01301-1,01401-1,01606-1,01104-1;
+846,+15,+15,+15,+14,+14,+10,+10,+10,+10,+10,+10,+10,+11,+12,+12,+12,+12,+12,+12,+12,+16,+17,+23,+22,,20635,,0,,12345,,2,,1,,3,,3,11,6,6,4,,1,8,6,3,4,6,6,4,4,,7,8,4,,2,5,6,15,4,1,6,1,4,,2,5,4,3,6,13,4,1,6,,2,6,6,2,4,1,6,8,4,3,6,2,4,,8,2,6,3,6,3,6,7,4,1,4,1,6,2,3,1,4,1,6,2,4,,4,7,6,10,4,3,6,1,4,,3,5,6,2,4,1,6,8,4,1,6,1,4,3,4,1,6,,2,2,4,1,6,2,4,2,6,1,4,13,6,1,4,,1,2,6,1,4,2,6,1,4,5,6,3,4,2,6,1,4,1,6,1,4,4,6,1,4,,1,6,6,1,4,1,6,3,4,8,6,1,4,4,6,,2,2,4,2,6,1,4,9,6,2,4,1,6,1,4,,1,2,6,2,4,1,6,9,4,2,6,1,4,1,6,1,4,1,6,3,4,,1,2,4,1,6,2,4,2,6,1,4,3,6,2,4,1,6,2,4,1,6,1,4,1,6,1,4,3,6,,
47;;;;;20666,,,,,-46235,;;;a-b;A;Lennujaam - Peetri kool;12345z;;13513-2,13507-1,13505-1,13403-1,13005-1,13606-1,13304-1,23152-1,43168-1,43164-1,43199-1,23188-1,43159-1;
+390,+22,+22,+23,+25,+27,+29,+27,+27,+313,+25,+27,+29,+29,+29,+27,+26,+25,+23,+23,,20666,,0,,12345,,2,,1,12,6,2,4,,1,3,6,6,7,2,6,1,4,1,6,2,4,1,3,,3,3,4,3,6,12,4,,1,4,6,3,4,1,6,1,4,1,6,,1,6,4,1,6,1,4,1,6,2,4,1,6,3,4,3,6,1,4,,1,6,6,1,4,1,6,1,4,2,6,1,4,4,6,1,4,1,4,1,6,,0,3,6,1,4,3,6,1,4,1,6,1,4,5,6,1,4,1,6,,2,5,6,1,4,4,6,1,4,1,6,3,4,,2,11,6,1,4,,2,1,6,2,4,1,6,1,4,1,6,4,4,2,6,1,4,2,6,4,4,,3,1,4,2,6,1,4,1,6,1,4,4,6,2,4,1,6,2,4,1,6,1,4,2,6,,
;;;;;;;;b-a;A;Peetri kool - Lennujaam;12345z;;43159-1,23151-1,13603-1,13516-1,13006-1,13402-1,13404-1,13504-1,13513-2;
+409,+22,+23,+23,+26,+28,+29,+27,+27,+315,+25,+29,+29,+29,+28,+26,+24,+25,+22,+22,,20666,,0,,12345,,3,4,6,2,4,3,6,5,4,,1,3,6,3,4,,1,2,6,2,6,1,6,1,4,1,4,6,4,1,6,3,4,,1,3,6,1,4,8,6,2,4,,1,1,6,1,4,2,6,1,6,2,4,1,4,2,6,5,4,,1,3,6,2,4,6,6,1,4,4,4,1,6,,2,2,6,2,4,1,6,1,4,1,6,5,4,4,6,1,4,,2,2,4,1,6,10,6,1,4,2,4,1,6,,
48;;;;;20666,,,,,,;;;a-b;A;Pirita keskus - Vesse;1234567z;;18501-1,18502-1,18506-1,18509-1,18903-1,18905-1,18907-1,19002-1,19004-1,19009-1,19008-1,18607-1,18624-1,18609-1,18614-1,18616-1,16508-1,16703-1,16904-1,16902-1,17103-1,16908-1,17002-1,16802-1,16302-1,16501-1,16505-1,16304-1,16105-1,16101-1,16008-1,16106-1,15803-1,15802-1,15605-1,15606-1,14603-1,14606-1,14501-1,09715-1;
+386,+43,+30,+31,+15,+15,+20,+26,+26,+28,+22,+23,+20,+27,+30,+34,+34,+29,+32,+32,+30,+32,+20,+22,+23,+22,+26,+23,+23,+24,+30,+26,+27,+28,+36,+34,+29,-0949,+46,+34,+34,+34,+28,+28,+29,+28,+25,+29,+30,+29,+25,+29,+28,+28,+28,+28,+24,+27,+28,+27,+28,+28,+30,+30,+30,+32,+32,+30,+30,+30,-0946,+46,+34,+34,+34,+28,+28,+29,+28,+25,+29,+30,+29,+25,+29,+28,+28,+28,+28,+24,+27,+28,+27,+28,+28,+30,+30,+30,+32,+32,+30,+30,+30,,20666,,0,,12345,37,6,33,7,,2,37,3,1,7,31,3,2,7,31,3,,1,2,6,6,4,11,6,10,4,15,6,16,4,17,6,16,4,,1,8,6,11,4,10,6,3,4,,2,,0,1,6,1,4,1,6,3,4,15,6,8,4,3,6,4,4,2,6,6,4,16,6,8,4,1,6,1,4,1,6,6,4,16,6,8,4,1,6,,1,,1,6,6,2,4,11,6,2,4,8,6,3,4,23,6,5,4,8,6,1,4,19,6,5,4,8,6,1,4,,1,,1,1,4,1,6,1,4,5,6,11,4,4,6,6,4,3,6,6,4,1,6,16,4,5,6,8,4,2,6,1,4,1,6,16,4,5,6,8,4,,1,3,6,3,4,15,6,2,4,16,4,5,6,25,6,1,4,2,4,5,6,25,6,,0,1,6,36,4,1,6,31,4,2,6,31,4,,1,2,4,4,6,15,4,2,6,2,4,4,6,4,4,3,6,31,4,1,6,32,4,1,6,,1,36,4,1,6,28,4,2,6,31,4,2,6,,2,1,4,1,6,23,6,2,4,11,4,5,6,17,4,5,6,3,4,1,6,2,4,5,6,17,4,5,6,3,4,1,6,,1,37,4,1,6,5,4,1,6,25,4,2,6,5,4,1,6,25,4,,1,1,6,24,4,2,6,5,4,1,6,2,4,1,6,8,4,16,6,17,4,16,6,,4,8,4,11,6,4,4,2,6,4,4,3,6,1,4,2,6,1,4,8,6,16,4,17,6,16,4,,1,8,6,11,4,2,6,4,4,18,6,1,4,32,6,1,4,,1,2,6,2,4,25,6,1,4,11,6,2,4,17,6,5,4,3,6,1,4,5,6,2,4,17,6,5,4,3,6,1,4,,1,1,6,1,4,2,6,2,4,13,6,10,4,1,6,2,4,5,6,1,4,1,6,2,4,5,6,14,4,5,6,2,4,2,6,2,4,1,6,2,4,5,6,14,4,5,6,2,4,2,6,,2,5,4,1,6,4,4,5,6,4,4,1,6,1,4,1,6,5,4,6,6,1,4,9,6,3,4,14,6,2,4,5,6,1,4,8,6,3,4,14,6,2,4,5,6,1,4,,1,2,6,2,4,1,6,1,4,4,6,5,4,6,6,1,4,5,6,3,4,2,6,1,4,,2,2,4,2,6,1,4,1,6,1,4,12,6,18,4,1,6,1,4,2,6,2,4,1,6,17,4,1,6,7,4,2,6,1,4,2,6,2,4,1,6,17,4,1,6,7,4,,1,1,6,3,4,1,6,22,4,3,6,2,4,1,6,2,4,2,6,1,4,1,6,5,4,2,6,19,4,4,6,2,4,1,6,5,4,2,6,19,4,4,6,,1,1,6,1,4,2,6,1,4,16,6,5,4,17,6,17,4,1,6,1,4,3,6,1,4,10,6,17,4,1,6,1,4,3,6,1,4,,2,1,4,1,6,2,4,12,6,4,4,6,6,4,4,2,6,1,4,27,6,1,4,32,6,1,4,,0,1,6,1,4,2,6,12,4,4,6,9,4,1,6,2,4,1,6,27,4,1,6,32,4,1,6,,1,37,4,1,6,5,4,1,6,21,4,1,6,3,4,2,6,5,4,1,6,21,4,1,6,3,4,,2,1,4,1,6,2,4,1,6,1,4,1,6,14,4,1,6,3,4,4,6,4,4,3,6,2,4,5,6,1,4,16,6,1,4,4,6,1,4,3,6,2,4,5,6,1,4,16,6,1,4,4,6,1,4,3,6,,1,1,6,4,4,1,6,1,4,3,6,12,4,1,6,6,4,4,6,1,4,1,6,1,4,2,6,5,4,1,6,14,4,4,6,2,4,2,6,1,4,4,6,5,4,1,6,14,4,4,6,2,4,2,6,1,4,,1,1,4,3,6,6,4,6,6,4,4,1,6,2,4,2,6,8,4,1,6,1,4,1,6,,2,36,4,1,6,2,4,1,6,6,4,9,6,11,4,1,6,2,4,1,6,2,4,1,6,6,4,9,6,11,4,1,6,2,4,,1,1,6,3,4,1,6,1,4,1,6,1,4,2,6,6,4,4,6,1,4,1,6,3,4,4,6,1,4,6,6,1,4,2,6,1,4,3,6,1,4,2,6,9,4,3,6,2,4,1,6,1,4,7,6,1,4,2,6,1,4,3,6,1,4,2,6,9,4,3,6,2,4,1,6,1,4,7,6,,2,1,4,3,6,1,4,1,6,1,4,1,6,2,4,6,6,13,4,1,6,4,4,1,6,1,4,5,6,2,4,1,6,8,4,8,6,1,4,5,6,1,4,7,6,2,4,1,6,8,4,8,6,1,4,5,6,1,4,,2,4,4,1,6,1,4,1,6,9,4,5,6,1,4,24,4,6,6,8,4,1,6,5,4,1,6,12,4,6,6,8,4,1,6,5,4,1,6,,1,19,6,2,4,,1,1,6,2,4,22,6,1,4,17,6,1,4,2,6,7,4,7,6,1,4,8,4,1,6,6,6,1,4,2,6,7,4,7,6,1,4,8,4,,3,1,4,1,6,23,4,1,6,6,4,1,6,2,4,5,6,1,4,4,6,1,4,7,6,7,4,2,6,1,4,1,6,1,4,1,6,1,4,2,6,1,4,3,6,1,4,4,6,1,4,7,6,7,4,2,6,1,4,1,6,1,4,1,6,1,4,2,6,,1,1,6,1,4,2,6,1,4,1,6,1,4,9,6,3,4,2,6,5,4,11,6,3,4,1,6,17,4,2,6,2,4,1,6,1,4,1,6,1,4,1,6,1,4,2,6,3,4,1,6,17,4,2,6,2,4,1,6,1,4,1,6,1,4,1,6,1,4,,
;;;;;;;;b-a;A;Vesse - Pirita keskus;1234567z;;09715-1,14405-1,14601-1,14406-1,14404-1,14407-1,14403-1,16001-1,16006-1,16201-1,16206-2,16403-1,16506-1,16502-1,16801-1,17001-1,16906-1,16901-1,16903-1,16905-1,16704-1,16504-1,18615-1,18612-1,18610-1,18625-1,18608-1,19007-1,19003-1,19001-1,18906-1,18904-1,18902-1,18507-1,18505-1,18501-1;
+330,+41,+30,+24,+16,+16,+19,+25,+30,+30,+22,+26,+20,+25,+31,+34,+35,+28,+30,+33,+30,+30,+19,+22,+16,+24,+25,+28,+25,+21,+30,+28,+32,+28,+37,+35,+31,-0946,+44,+34,+32,+33,+28,+28,+28,+26,+25,+29,+29,+30,+25,+29,+27,+28,+29,+29,+24,+27,+27,+28,+28,+30,+29,+30,+30,+33,+30,+30,+32,+32,-0943,+44,+34,+32,+33,+28,+28,+28,+26,+25,+29,+29,+30,+25,+29,+27,+28,+29,+29,+24,+27,+27,+28,+28,+30,+29,+30,+30,+33,+30,+30,+32,+32,,20666,,0,,12345,37,6,33,7,,1,37,4,3,6,27,4,6,6,27,4,,1,4,6,6,4,11,6,9,4,7,6,3,4,27,6,6,4,27,6,,1,4,4,1,6,16,4,3,6,13,4,3,6,29,4,4,6,29,4,,2,9,4,1,6,30,4,5,6,16,4,8,6,4,4,5,6,16,4,8,6,,1,21,6,3,4,,0,2,6,6,4,1,6,12,4,3,6,4,4,2,6,6,4,4,6,20,4,1,6,9,4,3,6,20,4,1,6,,2,2,4,6,6,2,4,11,6,3,4,4,6,3,4,5,6,4,4,3,6,2,4,15,6,7,4,3,6,3,4,3,6,2,4,15,6,7,4,,1,3,6,2,4,5,6,11,4,2,6,5,4,3,6,3,4,6,6,3,4,2,6,25,4,3,6,3,4,2,6,,2,2,6,1,4,2,6,4,4,12,6,2,4,1,6,7,4,3,6,2,4,1,6,3,4,30,6,3,4,,1,1,6,1,4,7,6,1,4,10,6,1,4,2,6,1,4,18,6,3,4,3,6,10,4,17,6,3,4,3,6,10,4,,1,,2,4,6,1,4,19,6,5,4,8,4,3,6,2,4,3,6,3,4,1,6,3,4,1,6,3,4,2,6,8,4,1,6,3,4,3,6,2,4,3,6,3,4,1,6,3,4,1,6,3,4,2,6,8,4,1,6,,1,3,6,1,4,1,6,4,4,1,6,10,4,1,6,7,4,1,6,5,4,2,6,4,4,2,6,7,4,3,6,1,4,3,6,4,4,6,6,1,4,3,6,3,4,2,6,7,4,3,6,1,4,3,6,4,4,6,6,1,4,,3,3,4,1,6,4,4,1,6,1,4,10,6,7,4,1,6,2,4,4,6,1,4,25,6,1,4,32,6,1,4,,1,1,6,2,6,1,4,6,6,1,4,8,6,1,4,7,6,1,4,9,4,1,6,22,4,1,6,9,4,1,6,22,4,1,6,,2,1,4,1,6,1,6,4,4,3,4,1,6,8,4,1,6,4,6,7,4,1,4,3,6,1,4,1,6,1,4,2,6,8,6,7,4,1,4,4,6,6,4,1,6,1,4,2,6,1,4,2,6,8,6,7,4,1,4,4,6,6,4,1,6,1,4,,0,1,6,1,4,2,6,2,4,1,6,13,4,1,6,6,4,1,6,1,4,1,6,5,4,1,6,1,4,1,6,2,4,1,6,1,4,1,6,2,4,1,6,2,4,1,6,20,4,2,6,2,4,1,6,1,4,1,6,2,4,1,6,2,4,1,6,20,4,,2,1,4,2,6,1,4,2,6,1,4,12,6,2,4,1,6,1,4,4,6,1,4,1,6,1,4,5,6,1,4,1,6,1,4,2,6,1,4,1,6,1,4,2,6,1,4,2,6,1,4,7,6,4,4,10,6,1,4,2,6,1,4,1,6,1,4,2,6,1,4,2,6,1,4,7,6,4,4,,1,21,6,1,4,,1,2,6,1,4,1,6,2,4,9,6,4,4,4,6,4,4,1,6,1,4,1,6,5,4,20,6,1,4,4,6,1,4,5,6,1,4,21,6,1,4,4,6,1,4,5,6,1,4,,3,34,4,1,6,31,4,1,6,32,4,1,6,,2,3,6,22,4,2,6,1,4,1,6,1,4,4,6,1,4,6,6,1,4,1,6,12,4,1,6,4,4,1,6,6,4,2,6,1,4,4,6,1,4,1,6,12,4,1,6,4,4,1,6,6,4,2,6,,1,15,4,4,6,5,4,1,6,16,4,1,6,16,4,2,6,3,4,3,6,3,4,1,6,4,4,1,6,16,4,2,6,3,4,3,6,3,4,,2,3,4,3,6,3,4,1,6,9,4,1,6,1,4,1,6,1,4,1,6,5,4,1,6,4,4,1,6,2,4,1,6,5,4,1,6,1,4,1,6,10,4,2,6,8,4,3,6,1,4,1,6,5,4,1,6,1,4,1,6,10,4,2,6,8,4,3,6,,1,3,6,3,4,3,6,1,4,9,6,1,4,1,6,1,4,1,6,2,4,4,6,1,4,4,6,1,4,8,6,1,4,1,6,1,4,9,6,6,4,2,6,1,4,2,6,3,4,7,6,1,4,1,6,1,4,9,6,6,4,2,6,1,4,2,6,3,4,,0,2,6,3,4,1,6,2,4,2,6,9,4,1,6,1,4,4,6,4,4,1,6,3,4,4,6,3,4,1,6,2,4,1,6,1,4,1,6,9,4,6,6,2,4,1,6,2,4,3,6,4,4,1,6,2,4,1,6,1,4,1,6,9,4,6,6,2,4,1,6,2,4,3,6,,2,5,6,1,4,5,4,4,6,5,4,1,6,17,4,2,6,8,4,1,6,12,4,2,6,2,4,1,6,3,4,1,6,1,4,2,6,8,4,1,6,12,4,2,6,2,4,1,6,3,4,,1,11,6,4,4,5,6,1,4,1,6,1,4,25,6,1,4,12,6,2,4,18,6,1,4,12,6,2,4,,1,11,4,4,6,5,4,1,6,1,4,1,6,14,4,1,6,10,4,1,6,12,4,2,6,1,4,1,6,5,4,1,6,10,4,1,6,12,4,2,6,1,4,1,6,,1,11,6,4,4,5,6,1,4,1,6,1,4,25,6,1,4,12,6,2,4,1,6,1,4,16,6,1,4,12,6,2,4,1,6,1,4,,1,8,6,2,4,9,6,1,4,1,6,1,4,1,6,2,4,1,6,1,4,2,6,1,4,3,6,1,4,3,6,1,4,2,6,1,4,4,6,1,4,10,6,2,4,7,6,1,4,4,6,1,4,2,6,1,4,4,6,1,4,10,6,2,4,7,6,1,4,,1,37,4,1,6,2,4,1,6,4,4,1,6,10,4,2,6,7,4,1,6,4,4,1,6,2,4,1,6,4,4,1,6,10,4,2,6,7,4,1,6,,2,1,6,4,4,1,6,2,4,7,6,4,4,6,6,1,4,2,6,1,4,5,6,1,4,2,6,1,4,2,6,1,4,2,6,1,4,1,6,1,4,9,6,6,4,2,6,1,4,1,6,1,4,4,6,1,4,2,6,1,4,2,6,1,4,1,6,1,4,9,6,6,4,2,6,1,4,1,6,1,4,,1,5,6,1,4,4,6,1,4,19,6,1,4,,1,1,6,10,6,4,4,5,6,1,4,1,6,1,4,4,6,1,4,2,4,1,6,6,4,1,6,2,4,1,6,1,4,2,6,11,4,1,6,4,4,1,6,2,4,1,6,5,4,2,6,2,4,1,6,1,4,2,6,11,4,1,6,4,4,1,6,2,4,1,6,5,4,,
49;;;;;;;;a-b;A;Viimsi keskus - Lennujaam;1234567z;;23682-1,20823-1,18805-1,18801-1,18804-1,18510-1,18507-1,18505-1,18501-1,17907-1,12701-1,11807-1,12802-1,17802-1,15201-1,15308-1,14603-1,14606-1,13801-1,13701-1,13509-1,13507-1,13505-1,13403-1,13005-2,13513-2;
+366,+27,+26,+27,+21,+22,+20,+21,+20,+24,+25,+25,+23,+23,+28,+28,+28,+30,+30,+30,+30,+29,+20,+20,+19,+20,+22,+24,+20,+22,+22,+23,+26,+29,+29,+29,+27,+26,+28,+29,+29,-0964,+30,+38,+36,+30,+36,+25,+25,+27,+25,+26,+24,+24,+26,+26,+27,+26,+24,+22,+24,+25,+25,+25,+25,+25,+25,+28,+34,+37,+44,+41,+32,+35,+33,+34,-0989,+30,+38,+36,+30,+36,+25,+25,+27,+25,+26,+24,+24,+26,+26,+27,+26,+24,+22,+24,+25,+25,+25,+25,+25,+25,+28,+34,+37,+44,+41,+32,+35,+33,+34,,20666,,0,,12345,41,6,35,7,,2,,2,22,6,11,4,,2,,1,,1,66,6,4,4,31,6,4,4,,1,2,6,38,4,4,6,22,4,4,6,5,4,4,6,22,4,4,6,5,4,,1,2,6,6,4,,2,7,4,1,6,25,4,8,6,29,4,6,6,29,4,,1,7,6,1,4,25,6,4,4,3,6,1,4,8,6,23,4,3,6,1,4,8,6,23,4,3,6,,3,2,6,32,4,3,6,3,4,2,6,28,4,2,6,3,4,2,6,28,4,2,6,3,4,,1,4,6,3,4,1,6,14,4,52,4,1,6,34,4,1,6,,2,7,6,1,4,14,6,10,4,15,6,2,4,33,6,2,4,,2,41,4,2,6,4,4,1,6,28,4,2,6,4,4,1,6,,1,1,6,38,4,1,6,8,4,1,6,20,4,1,6,3,4,1,6,1,4,1,6,7,4,1,6,20,4,1,6,3,4,1,6,1,4,,2,1,4,1,6,31,4,1,6,6,4,1,6,3,4,2,6,28,4,1,6,4,4,2,6,28,4,1,6,,2,3,6,1,4,1,6,2,4,37,6,2,4,1,6,2,4,21,4,3,6,2,4,1,6,3,6,2,4,1,6,2,4,21,4,3,6,2,4,,1,3,4,1,6,34,4,2,6,1,4,2,6,1,4,1,6,2,4,1,6,17,4,5,6,3,4,2,6,1,4,2,6,1,4,1,6,2,4,1,6,17,4,5,6,3,4,2,6,,3,6,4,1,6,21,4,1,6,5,4,4,6,2,4,1,6,2,4,1,6,1,4,1,6,2,4,1,6,25,4,1,4,1,7,2,4,1,6,1,4,1,6,2,4,1,6,25,4,1,4,,3,5,4,1,6,3,4,1,6,12,4,6,6,1,4,5,6,5,4,1,6,1,4,2,6,3,4,1,6,2,4,16,6,5,4,3,6,1,4,1,6,1,4,2,6,3,4,1,6,2,4,16,6,5,4,3,6,1,4,1,6,,2,1,6,7,4,1,6,1,4,11,6,11,4,8,4,1,6,5,6,19,4,5,6,3,4,2,4,1,6,5,6,19,4,5,6,3,4,2,4,,2,34,4,5,6,4,4,3,6,19,4,1,6,4,4,5,6,3,4,3,6,19,4,1,6,4,4,5,6,,1,1,4,1,6,5,4,1,6,20,4,1,6,10,4,4,6,4,4,2,6,17,4,4,6,5,4,3,6,4,4,2,6,17,4,4,6,5,4,,1,1,6,1,4,1,6,1,4,1,6,1,4,1,6,1,4,14,6,7,4,5,6,4,4,10,6,1,4,34,6,1,4,,3,2,6,1,4,1,6,1,4,1,6,3,4,1,6,18,4,1,6,2,4,6,4,1,6,9,6,1,4,25,4,1,4,1,6,1,6,6,6,1,4,25,4,1,4,1,6,,1,2,4,3,6,3,4,1,6,1,4,10,6,11,6,1,4,2,4,3,6,2,4,1,6,1,4,2,6,33,4,2,6,,
;;;;;;;;b-a;A;Lennujaam - Viimsi keskus;1234567z;;13513-2,13404-1,13504-1,13506-1,13508-1,13503-1,13806-1,14607-1,14406-1,15602-1,17601-1,17801-1,12801-1,00152-1,12702-1,17909-1,17908-1,18502-1,18506-1,18508-1,18901-1,18808-1,18802-1,18806-1,20802-1,23650-1,23682-1;
+322,+27,+24,+26,+18,+19,+21,+20,+21,+24,+25,+25,+23,+23,+28,+28,+28,+30,+30,+30,+30,+28,+20,+20,+20,+20,+22,+22,+21,+22,+21,+23,+29,+30,+29,+29,+28,+28,+28,+30,+30,-0963,+30,+35,+35,+31,+36,+24,+24,+24,+27,+26,+23,+24,+27,+26,+26,+26,+24,+22,+24,+25,+25,+25,+25,+25,+25,+28,+35,+39,+43,+44,+30,+35,+35,+37,-0990,+30,+35,+35,+31,+36,+24,+24,+24,+27,+26,+23,+24,+27,+26,+26,+26,+24,+22,+24,+25,+25,+25,+25,+25,+25,+28,+35,+39,+43,+44,+30,+35,+35,+37,,20666,,0,,12345,41,6,35,7,,3,5,6,23,6,5,4,4,4,,1,3,6,1,6,24,4,,1,3,4,25,6,,1,4,6,24,4,,3,4,4,1,6,34,4,5,6,30,4,5,6,30,4,,3,2,6,5,4,20,6,10,4,4,4,2,6,33,4,2,6,,2,4,6,1,4,2,6,26,4,4,6,3,4,16,6,18,4,17,6,18,4,,1,3,6,1,4,1,6,2,4,26,6,4,4,3,6,1,4,12,6,3,4,18,4,2,6,12,6,3,4,18,4,,3,3,4,1,6,1,4,2,6,32,4,10,6,4,4,3,6,13,4,5,6,2,4,8,6,4,4,3,6,13,4,5,6,,2,5,6,2,4,,1,3,6,50,6,3,4,32,6,3,4,,2,41,4,2,6,10,4,3,6,19,4,3,6,10,4,3,6,19,4,,1,2,6,1,4,4,6,26,4,6,6,4,4,5,6,8,4,13,6,5,4,1,6,3,4,5,6,8,4,13,6,5,4,1,6,,1,2,4,1,6,4,4,14,6,6,4,6,6,7,4,3,6,5,4,5,6,16,4,5,6,1,4,3,6,5,4,5,6,16,4,5,6,1,4,,4,4,4,1,6,34,4,2,6,2,4,3,6,7,4,13,6,2,4,1,6,5,4,2,6,2,4,3,6,7,4,13,6,2,4,1,6,5,4,,0,2,6,39,4,2,6,3,4,2,6,18,4,2,6,4,4,2,6,2,4,2,6,3,4,2,6,18,4,2,6,4,4,2,6,,2,2,4,64,6,2,4,33,6,2,4,,1,4,6,1,4,2,6,14,4,6,6,6,4,14,6,1,4,8,6,10,4,2,6,1,4,3,6,1,4,9,6,1,4,8,6,10,4,2,6,1,4,3,6,1,4,,0,1,6,,2,1,4,4,6,2,4,14,6,5,4,7,6,1,4,6,6,1,4,5,6,1,4,6,6,3,4,17,6,1,4,7,6,1,4,6,6,3,4,17,6,1,4,,0,1,6,32,4,1,6,6,4,1,6,,1,1,4,1,6,44,4,1,6,26,4,1,6,7,4,1,6,26,4,1,6,,2,1,6,1,4,39,4,1,6,4,6,1,4,25,4,1,6,3,4,1,6,4,6,1,4,25,4,1,6,,2,4,6,1,4,2,6,14,4,5,6,6,4,17,6,4,4,31,6,4,4,,1,1,4,1,6,2,4,1,6,27,4,1,6,3,4,3,6,3,4,6,6,1,4,4,6,15,4,4,6,2,4,2,6,1,4,6,6,1,4,4,6,15,4,4,6,2,4,,1,7,4,14,6,13,4,2,6,3,4,1,6,33,4,1,6,34,4,1,6,,
50;;;;;20349,,,,,,;;;a-b;A;Seli - Majaka põik;1234567z;;16601-1,16401-1,16207-1,16204-1,16202-1,16003-1,16002-1,15802-1,15605-1,15302-1,15301-1,15110-1,15109-1,14812-1;
+303,+16,+15,+14,+15,+14,+15,+14,+15,+12,+15,+15,+15,+18,+17,+18,+22,+21,+17,+17,+16,+16,+14,+14,+16,+16,+14,+15,+15,+16,+15,+16,+16,+15,+15,+16,+15,+15,+15,+14,+14,+15,+15,+15,+15,+15,+15,+15,+15,+15,+17,+17,+20,+20,+19,+15,+16,+16,+19,+16,+19,+16,+17,+15,+17,+15,+18,+16,+17,+21,+16,+14,-01135,+18,+18,+18,+16,+17,+17,+17,+16,+12,+14,+15,+15,+13,+14,+15,+17,+18,+22,+18,+18,+19,+19,+20,+15,+14,+14,+16,+16,+14,+15,+17,+15,+15,+15,+16,+16,+13,+15,+16,+16,+14,+14,+16,+16,+14,+14,+18,+17,+20,+17,+16,+14,+17,+21,+22,+16,+17,+19,+18,+16,+16,+16,+18,+18,+20,+18,+18,+18,-01052,+17,+17,+17,+16,+12,+14,+15,+15,+13,+14,+15,+17,+18,+22,+18,+18,+19,+19,+20,+15,+14,+14,+16,+16,+14,+15,+17,+15,+15,+15,+16,+16,+13,+15,+16,+16,+14,+14,+16,+16,+14,+14,+18,+17,+20,+17,+16,+14,+17,+21,+22,+16,+17,+19,+18,+16,+16,+16,+18,+18,+20,+18,+18,+18,,20349,,0,,12345,72,6,69,7,,1,72,6,,2,72,4,,0,72,6,,1,9,6,6,4,72,6,54,4,11,6,,2,9,6,47,4,,2,9,4,47,6,74,4,11,6,54,4,,1,9,6,47,4,16,6,,1,87,6,42,4,23,6,42,4,,1,4,6,60,4,12,6,,2,72,4,,0,3,6,1,4,4,6,47,4,17,6,,1,4,6,60,4,,2,9,6,6,4,120,4,6,6,59,4,,
;;;;;;;;b-a;A;Majaka põik - Seli;1234567z;;14812-1,14707-1,14708-1,14709-1,14710-1,14404-1,14407-1,14403-1,14402-1,16004-1,16203-1,16205-1,16402-1,16602-1;
+319,+16,+15,+16,+16,+14,+15,+14,+15,+15,+15,+15,+15,+18,+17,+17,+22,+21,+17,+17,+16,+16,+14,+14,+16,+16,+14,+15,+15,+16,+15,+16,+16,+15,+15,+16,+15,+15,+15,+14,+14,+15,+15,+15,+15,+15,+15,+15,+15,+15,+17,+17,+20,+20,+19,+14,+15,+16,+19,+16,+19,+16,+17,+15,+15,+14,+18,+16,+17,+21,+16,+14,-01133,+18,+18,+18,+18,+17,+17,+17,+16,+12,+14,+15,+15,+13,+14,+17,+17,+18,+22,+18,+18,+19,+19,+20,+15,+14,+14,+16,+16,+14,+15,+17,+15,+15,+15,+16,+16,+13,+15,+16,+16,+14,+14,+16,+16,+14,+14,+18,+17,+20,+17,+16,+14,+16,+21,+22,+16,+16,+18,+18,+16,+16,+16,+18,+18,+20,+18,+18,+18,-01051,+17,+17,+17,+16,+12,+14,+15,+15,+13,+14,+17,+17,+18,+22,+18,+18,+19,+19,+20,+15,+14,+14,+16,+16,+14,+15,+17,+15,+15,+15,+16,+16,+13,+15,+16,+16,+14,+14,+16,+16,+14,+14,+18,+17,+20,+17,+16,+14,+16,+21,+22,+16,+16,+18,+18,+16,+16,+16,+18,+18,+20,+18,+18,+18,,20349,,0,,12345,72,6,69,7,,3,72,4,4,6,57,4,8,6,57,4,,1,72,6,4,4,57,6,8,4,8,6,,1,72,4,4,6,57,4,8,6,27,4,8,6,18,4,4,6,7,4,,0,4,6,57,4,11,6,4,4,8,6,65,4,19,6,8,4,18,6,4,4,7,6,,3,4,4,5,6,63,4,4,6,8,4,114,6,7,4,,0,4,6,29,4,8,6,18,4,13,6,4,4,8,6,,1,4,4,29,6,8,4,18,6,82,4,8,6,49,4,7,6,,2,9,6,24,4,8,6,18,4,82,6,8,4,,1,8,6,1,4,24,6,8,4,18,6,2,4,11,6,12,4,49,6,8,4,8,6,19,4,8,6,18,4,4,6,,1,4,6,57,4,23,6,49,4,8,6,8,4,19,6,8,4,18,6,11,4,,2,4,4,5,6,24,4,8,6,18,4,2,6,11,4,4,6,8,4,65,6,19,4,8,6,18,4,,1,4,6,57,4,11,6,4,4,7,6,,2,4,4,4,6,1,4,24,6,8,4,18,6,1,4,1,6,23,6,19,4,8,6,18,4,3,4,1,6,8,4,7,6,20,6,8,4,18,6,3,4,1,4,7,6,,
54;;;;;20661,,,,,,;;;a-b;A;Väike-Õismäe - Bussijaam - Priisle;1234567z;;01610-1,01101-1,01701-1,01302-1,01904-1,01902-1,01905-1,01602-1,01604-1,01003-1,00702-1,08601-1,07905-1,08904-1,11201-1,12605-1,12001-1,21204-1,12309-1,12301-1,13102-1,12904-1,11602-1,13008-1,14808-1,14906-1,14705-1,14704-1,14712-1,14406-1,14404-1,14403-1,16009-1,16011-1,16908-1,17002-1,16802-1,16302-1,16501-1;
+324,+20,+19,+19,+18,+18,+18,+17,+18,+17,+19,+20,+19,+20,+22,+21,+22,+20,+18,+18,+16,+15,+20,+20,+20,+20,+20,+20,+18,+18,+19,+18,+20,+16,+19,+20,+20,+20,+18,+22,+22,+20,+18,+18,+19,+18,+18,+20,+18,+17,+17,+17,+18,+20,+20,+26,+26,+26,-01083,+30,+29,+28,+28,+28,+28,+28,+28,+28,+27,+27,+26,+26,+26,+26,+25,+24,+24,+24,+24,+24,+24,+25,+25,+25,+26,+25,+32,+36,+40,+26,+27,+28,+29,+25,+25,+26,+29,-01031,+30,+29,+28,+28,+28,+28,+28,+28,+28,+27,+27,+26,+26,+26,+26,+25,+24,+24,+24,+24,+24,+24,+25,+25,+25,+26,+25,+32,+36,+40,+26,+27,+28,+29,+25,+25,+26,+29,,20661,,0,,12345,58,6,39,7,,1,6,6,2,4,1,6,5,4,,1,14,6,16,4,,2,6,4,2,6,1,4,24,6,21,4,,5,54,6,1,4,,0,2,6,51,4,2,6,3,4,1,6,37,4,2,6,37,4,,1,2,4,3,6,3,4,1,6,36,4,8,6,6,4,5,6,34,4,5,6,,3,7,6,1,6,1,4,3,4,29,4,4,6,10,4,3,6,6,4,8,6,10,4,14,6,7,4,8,6,10,4,14,6,,1,6,6,2,4,1,6,3,4,46,4,1,6,22,4,1,6,14,4,2,6,22,4,1,6,14,4,,2,8,6,1,4,3,6,1,4,28,6,4,4,14,4,3,6,5,6,5,4,9,6,6,4,11,4,3,6,5,6,5,4,9,6,6,4,,2,2,6,41,4,2,6,7,4,6,6,4,4,1,6,4,4,5,6,9,4,6,6,6,4,3,6,5,4,1,6,4,4,5,6,9,4,6,6,6,4,3,6,,3,4,6,1,4,1,6,2,4,1,6,3,4,22,6,2,4,7,6,3,4,16,6,1,4,3,6,6,4,9,6,7,4,5,6,1,4,7,6,1,4,3,6,6,4,9,6,7,4,5,6,1,4,,3,2,4,1,6,5,6,1,4,3,6,2,4,13,6,5,6,2,4,2,6,4,4,1,4,4,4,1,6,5,4,1,6,6,4,1,6,3,4,1,6,3,4,1,6,20,4,1,6,5,4,1,6,2,4,2,6,3,4,1,6,3,4,1,6,20,4,1,6,5,4,1,6,2,4,,2,1,6,2,4,2,6,8,4,1,6,18,4,2,6,4,4,3,6,7,4,3,6,1,4,6,6,9,4,4,6,11,4,5,6,7,4,3,6,9,4,4,6,11,4,5,6,7,4,,2,1,4,1,6,5,6,1,4,1,6,3,4,1,6,1,4,18,6,2,4,4,6,2,4,6,4,2,6,7,4,3,6,1,4,1,6,11,4,1,6,9,4,1,6,16,4,1,6,11,4,1,6,9,4,1,6,,1,1,6,1,4,1,6,4,4,1,6,1,4,3,6,1,4,1,6,13,4,1,6,4,4,2,6,4,4,2,6,3,4,3,6,5,4,1,6,1,4,2,6,3,4,1,6,1,4,1,6,2,4,1,6,8,4,9,6,7,4,5,6,4,4,1,6,1,4,1,6,2,4,1,6,8,4,9,6,7,4,5,6,,2,4,4,1,6,37,4,1,6,7,4,1,6,1,4,1,6,4,4,1,6,3,4,1,6,2,4,2,6,27,4,1,6,2,4,1,6,3,4,1,6,2,4,2,6,27,4,1,6,2,4,,1,2,6,1,4,1,6,37,4,1,6,6,4,2,6,1,4,1,6,2,4,3,6,2,4,1,6,2,4,1,6,3,4,1,6,20,4,1,6,6,4,2,6,2,4,1,6,2,4,1,6,3,4,1,6,20,4,1,6,6,4,2,6,,1,6,6,2,4,1,6,3,4,1,6,1,4,13,6,1,4,4,6,2,4,4,6,2,4,18,4,1,6,1,4,1,6,36,4,1,6,1,4,1,6,,1,1,4,2,6,3,4,2,6,1,4,3,6,1,4,1,6,13,4,1,6,4,4,2,6,4,4,2,6,3,4,5,6,2,4,1,6,1,4,2,6,1,4,3,6,1,4,1,6,1,4,5,6,1,4,20,6,1,4,6,6,2,4,1,6,1,4,1,6,1,4,5,6,1,4,20,6,1,4,6,6,2,4,,0,1,6,1,4,4,6,2,4,1,6,3,4,15,6,1,4,4,6,2,4,4,6,2,4,3,6,3,4,4,6,1,4,1,6,1,4,2,6,2,4,1,6,36,4,2,6,37,4,2,6,,1,3,6,3,4,7,6,1,4,12,6,1,4,1,6,4,4,2,6,4,4,2,6,1,4,16,6,1,4,6,6,2,4,22,6,2,4,4,6,2,4,7,6,2,4,22,6,2,4,4,6,2,4,,2,6,6,1,4,7,6,12,4,6,6,2,4,4,6,2,4,26,6,21,4,7,4,2,6,9,6,21,4,7,4,2,6,,2,1,4,1,6,6,6,1,4,3,6,1,4,21,6,2,4,7,4,3,6,1,4,12,6,1,4,2,6,2,4,1,6,1,4,11,6,4,4,6,6,1,4,2,6,1,4,2,6,3,4,2,6,1,4,2,6,2,4,1,6,1,4,11,6,4,4,6,6,1,4,2,6,1,4,2,6,3,4,,2,1,6,1,4,1,6,3,4,21,6,1,4,8,6,3,4,4,6,3,4,11,6,1,4,14,6,5,4,4,6,1,4,29,6,5,4,4,6,1,4,,1,,1,2,6,25,4,1,6,9,4,24,6,1,4,29,6,1,4,8,6,1,4,29,6,1,4,,1,27,6,1,4,4,6,1,4,24,4,1,6,3,4,1,6,10,4,5,6,4,4,1,6,8,4,2,6,2,4,2,6,4,4,1,6,10,4,5,6,4,4,1,6,8,4,2,6,2,4,2,6,,1,1,4,1,6,25,4,1,6,10,4,1,6,19,4,3,6,1,4,2,6,1,4,1,6,11,4,4,6,6,4,1,6,1,4,1,6,3,4,1,6,3,4,3,6,1,4,2,6,1,4,1,6,11,4,4,6,6,4,1,6,1,4,1,6,3,4,1,6,,2,1,6,2,4,2,6,26,6,1,4,1,6,3,4,7,4,3,6,1,4,11,6,1,4,1,6,1,4,4,6,1,4,31,6,1,4,1,6,1,4,4,6,1,4,,2,58,4,1,6,1,4,1,6,4,4,1,6,30,4,2,6,1,4,1,6,4,4,1,6,30,4,,2,1,4,1,6,10,4,1,6,21,4,2,6,1,4,1,6,4,4,1,6,49,4,1,6,38,4,1,6,,2,8,4,1,6,5,4,12,6,14,4,2,6,8,4,1,6,1,4,1,6,1,4,3,6,4,4,1,6,2,4,1,6,1,4,1,6,23,4,2,6,1,4,3,6,4,4,1,6,2,4,1,6,1,4,1,6,23,4,2,6,1,4,3,6,,0,1,6,58,4,1,6,2,4,2,6,18,4,5,6,1,4,1,6,9,4,1,6,2,4,2,6,18,4,5,6,1,4,1,6,,4,2,4,1,6,2,4,1,6,1,4,1,6,1,4,3,6,1,4,1,6,12,4,8,6,4,4,2,6,3,4,10,4,1,6,3,4,2,6,7,6,1,4,15,6,3,4,11,4,2,6,7,6,1,4,15,6,3,4,11,4,,1,2,6,1,4,2,6,1,4,1,6,1,4,1,6,3,4,1,6,1,4,12,6,8,4,4,6,2,4,3,6,3,4,4,6,1,4,1,6,3,4,2,6,1,4,4,6,1,4,9,6,6,4,7,6,2,4,1,6,1,4,12,6,1,4,9,6,6,4,7,6,2,4,1,6,1,4,,2,,2,63,6,1,4,1,6,1,4,5,6,1,4,6,6,3,4,7,4,1,6,13,6,1,4,1,6,1,4,5,6,1,4,6,6,3,4,7,4,1,6,,1,8,6,1,4,5,6,12,4,8,6,2,4,7,4,3,6,6,4,1,6,1,4,1,6,8,4,1,6,1,4,1,6,5,4,1,6,6,4,3,6,8,4,1,6,1,4,2,6,1,4,2,6,6,4,1,6,1,4,1,6,5,4,1,6,6,4,3,6,8,4,1,6,1,4,2,6,1,4,2,6,,
;;;;;;;;b-a;A;Priisle - Bussijaam - Väike-Õismäe;1234567z;;16502-1,16801-1,17001-1,16907-1,16012-1,16010-1,15802-1,15605-1,15606-1,14603-1,14711-1,14702-1,00018-1,14811-1,13001-1,11601-1,12903-1,13104-1,13103-1,21203-1,12002-2,11103-1,11102-1,08905-1,08901-1,08602-1,00309-1,00604-1,01605-1,01603-1,01906-1,01901-1,01903-1,01301-1,01401-1,01606-1,01104-1;
+316,+22,+19,+18,+18,+18,+18,+14,+16,+19,+17,+18,+20,+18,+18,+22,+24,+24,+21,+23,+20,+20,+20,+18,+18,+18,+18,+20,+17,+19,+18,+20,+20,+16,+16,+15,+16,+18,+16,+18,+20,+22,+22,+22,+23,+23,+20,+20,+21,+18,+18,+19,+19,+24,+22,+23,+24,+23,-01080,+27,+28,+28,+28,+28,+27,+27,+27,+28,+28,+28,+27,+27,+27,+26,+26,+25,+26,+25,+25,+24,+25,+25,+24,+24,+24,+25,+26,+26,+29,+34,+30,+30,+28,+27,+29,+28,+28,-01024,+27,+28,+28,+28,+28,+27,+27,+27,+28,+28,+28,+27,+27,+27,+26,+26,+25,+26,+25,+25,+24,+25,+25,+24,+24,+24,+25,+26,+26,+29,+34,+30,+30,+28,+27,+29,+28,+28,,20661,,0,,12345,58,6,39,7,,2,,1,5,6,44,4,9,6,8,6,14,4,25,6,14,4,,2,43,4,6,6,9,4,1,6,7,4,14,6,11,4,7,6,7,4,14,6,11,4,,2,7,6,24,6,1,4,2,6,6,4,9,4,9,6,1,4,3,6,9,6,9,4,8,4,3,6,1,4,5,6,1,4,3,6,9,6,9,4,8,4,3,6,1,4,,1,31,4,1,6,35,6,4,4,17,6,3,4,1,6,5,4,9,6,4,4,17,6,3,4,1,6,,1,2,6,6,6,4,4,19,6,3,4,14,4,1,6,17,6,1,4,13,6,2,4,7,4,2,6,1,4,5,6,8,6,1,4,13,6,2,4,7,4,2,6,1,4,,2,2,4,3,7,2,4,38,4,16,6,1,4,1,6,3,4,23,6,2,4,1,6,5,4,3,6,1,4,1,6,3,4,23,6,2,4,1,6,,1,7,6,36,4,,1,5,6,2,4,5,6,19,4,14,6,4,4,,2,4,6,8,4,19,6,14,4,13,6,3,4,1,6,1,4,2,6,24,4,2,6,1,4,5,6,3,4,1,6,1,4,2,6,24,4,2,6,1,4,,1,12,6,19,4,3,6,5,4,1,6,1,4,,1,43,4,2,6,2,4,14,6,1,4,1,6,2,4,2,6,24,4,1,6,5,4,3,6,1,4,1,6,2,4,2,6,24,4,1,6,,2,3,6,4,6,5,4,19,6,3,4,6,4,1,6,2,4,6,6,9,4,1,6,2,4,1,7,1,4,2,6,2,4,22,4,9,6,2,4,1,7,1,4,2,6,2,4,22,4,,1,2,6,2,4,1,6,2,4,5,6,19,4,2,6,1,6,5,3,1,6,1,4,2,6,2,4,2,6,2,4,9,6,1,4,2,6,1,4,5,6,13,4,2,6,5,4,4,6,1,4,5,6,1,4,2,6,1,4,5,6,13,4,2,6,5,4,4,6,1,4,,3,2,4,2,6,1,6,5,4,21,6,8,4,1,4,1,6,17,3,1,6,38,4,1,6,,2,7,6,3,4,21,6,3,4,13,4,2,6,9,4,1,6,8,4,4,6,11,4,5,6,10,4,1,6,8,4,4,6,11,4,5,6,,2,5,6,2,4,27,6,5,4,10,4,9,6,3,4,2,6,15,4,2,6,11,4,1,6,8,4,2,6,15,4,2,6,11,4,1,6,,1,3,6,1,4,6,6,1,4,22,6,1,4,5,6,2,4,40,4,1,6,6,4,1,6,3,4,5,6,23,4,1,6,6,4,1,6,3,4,,2,2,6,5,6,3,4,21,6,2,4,1,6,3,4,4,6,2,4,15,4,1,6,2,6,2,4,4,6,4,4,7,6,7,4,3,6,1,4,8,4,1,6,2,6,2,4,4,6,4,4,7,6,7,4,3,6,1,4,,2,2,4,2,6,27,4,1,6,3,4,2,6,5,4,1,6,14,4,1,6,1,4,1,6,1,4,1,6,5,4,4,6,7,4,3,6,1,4,3,6,3,4,3,6,7,4,1,6,1,4,1,6,5,4,4,6,7,4,3,6,1,4,3,6,3,4,3,6,,2,2,6,10,4,18,6,2,4,1,6,1,4,1,6,6,4,1,6,1,4,2,6,2,4,10,6,1,4,3,6,1,4,5,6,4,4,7,6,9,4,2,6,2,4,9,6,1,4,5,6,4,4,7,6,9,4,2,6,2,4,,1,4,6,4,4,2,6,1,4,1,6,18,4,1,6,2,4,1,6,5,4,2,6,4,4,4,6,1,4,16,6,1,4,4,6,7,4,4,6,2,4,4,6,1,4,16,6,1,4,4,6,7,4,4,6,2,4,4,6,1,4,,2,4,4,2,6,2,6,2,4,21,4,1,6,1,6,1,4,8,4,1,6,6,4,1,6,34,6,1,4,38,6,1,4,,2,14,4,15,6,2,6,1,4,12,4,1,6,1,4,1,6,6,4,8,6,5,4,1,6,4,4,7,6,4,4,3,6,3,4,1,6,1,4,2,6,2,4,6,6,5,4,1,6,4,4,7,6,4,4,3,6,3,4,1,6,1,4,2,6,2,4,,2,4,6,3,4,7,6,15,4,5,6,3,4,2,6,2,4,3,6,1,4,1,6,1,4,19,6,1,4,4,6,7,4,4,6,3,4,3,6,1,4,1,6,2,4,13,6,1,4,4,6,7,4,4,6,3,4,3,6,1,4,1,6,2,4,,3,7,6,1,4,22,6,1,4,1,6,2,4,3,6,2,4,39,6,3,4,4,6,1,4,31,6,3,4,4,6,1,4,,3,8,6,4,4,17,6,1,4,1,6,1,4,2,6,1,4,4,6,1,4,1,6,2,4,3,4,1,6,4,4,2,6,7,6,1,4,2,6,3,4,1,6,4,4,10,6,1,4,4,6,2,4,7,4,2,6,2,6,1,4,2,6,3,4,1,6,4,4,10,6,1,4,4,6,2,4,7,4,,2,4,6,4,4,4,6,3,4,18,6,1,4,1,6,2,4,3,6,1,4,2,6,1,4,2,6,1,4,4,6,2,4,9,6,1,4,8,6,7,4,4,6,3,4,16,6,1,4,8,6,7,4,4,6,3,4,,0,1,6,1,4,1,6,1,4,4,6,6,4,1,6,28,4,1,6,7,4,2,6,4,4,1,6,4,4,1,6,15,6,1,4,22,4,1,6,15,6,1,4,,3,5,6,2,4,7,6,15,4,1,6,1,4,1,6,1,4,4,6,2,4,2,6,3,4,7,6,2,4,9,6,1,4,6,6,2,4,22,4,1,6,7,6,1,4,6,6,2,4,22,4,1,6,,1,1,4,1,6,3,4,2,6,2,4,1,6,4,4,15,6,1,4,1,6,1,4,1,6,4,4,2,6,2,4,3,6,2,4,1,6,4,4,2,6,3,4,1,6,3,4,1,6,1,4,1,6,6,4,2,6,7,4,1,6,3,4,3,6,2,4,1,6,3,4,2,6,6,4,1,6,1,4,1,6,6,4,2,6,7,4,1,6,3,4,3,6,2,4,1,6,3,4,2,6,,1,9,6,1,4,20,6,1,4,6,6,2,4,,5,3,6,5,4,2,6,2,4,2,6,16,4,1,6,6,4,2,6,1,4,1,6,3,4,2,6,1,4,7,4,2,6,1,4,2,6,19,6,1,4,9,4,1,6,1,4,1,6,3,4,4,6,19,6,1,4,9,4,1,6,1,4,1,6,3,4,,1,8,6,1,4,28,6,2,4,14,4,1,6,2,4,1,6,12,6,2,4,11,6,3,4,2,6,2,4,19,6,2,4,11,6,3,4,2,6,2,4,,1,5,6,3,4,1,6,1,4,2,6,3,4,12,6,10,4,2,6,2,4,4,6,1,4,7,6,1,4,2,6,1,4,5,6,1,4,5,6,1,4,8,6,1,4,1,6,3,4,3,6,1,4,4,6,3,4,8,6,1,4,5,6,1,4,8,6,1,4,1,6,3,4,3,6,1,4,4,6,3,4,,0,1,6,2,4,1,6,3,4,1,6,1,4,1,6,2,4,3,6,16,4,1,6,1,4,1,6,1,4,2,6,2,4,2,6,4,4,1,6,7,4,1,6,2,4,1,6,2,4,1,6,2,4,3,6,3,4,3,6,6,4,1,6,12,4,3,6,5,4,1,6,2,4,3,6,3,4,3,6,6,4,1,6,12,4,3,6,,
55;;;;;20666,,,,,-46235,;;;a-b;A;Hobujaama - P. Pinna;12345z;;12206-1,12305-2,11402-1,11502-1,14803-1,14809-1,00019-1,14705-1,14704-1,14712-1,14602-1,14502-1,14504-1,13902-1,14002-1,14004-1,14303-1,16002-1,15802-1,15604-1;
+342,+26,+28,+26,+28,+29,+30,+33,+35,+35,+40,+45,+45,+41,+44,+43,+43,+29,+30,+34,+33,+43,+43,+43,+43,+43,+43,,20666,,0,,12345,,2,1,6,24,4,,2,4,6,,2,1,4,2,6,1,4,1,6,2,4,8,6,8,4,,3,7,6,8,4,,1,2,6,1,4,1,6,1,4,13,6,4,4,3,6,1,4,,1,1,6,1,4,1,6,1,4,1,6,13,4,4,6,1,4,,2,1,6,3,6,1,4,12,6,4,4,,1,,1,,2,1,4,1,6,2,6,19,4,2,4,1,6,,1,1,6,2,4,2,6,2,4,8,6,2,4,1,6,4,4,1,6,3,4,,2,1,4,2,6,2,4,2,6,1,4,6,6,1,4,2,6,1,4,4,6,1,4,,1,2,6,1,4,13,6,1,4,,1,1,6,1,4,3,6,2,4,1,6,6,4,1,6,1,4,2,6,4,4,1,6,2,4,1,6,,1,1,4,1,6,3,4,2,6,1,4,6,6,,1,1,6,14,4,2,6,1,4,4,6,1,4,2,6,1,4,,2,15,6,2,4,6,6,1,4,,2,3,6,1,4,1,6,2,4,7,6,1,4,3,6,4,4,2,6,1,4,,2,21,4,1,6,2,4,2,6,,
;;;;;;;;b-a;A;P. Pinna - Hobujaama;12345z;;15604-1,14404-1,14407-1,14403-1,14402-1,14302-1,14003-1,14001-1,13901-1,14503-1,14501-1,14601-1,14711-1,14702-1,00018-1,15109-1,14812-1,14810-1,14801-1,11501-1,11401-1,12220-1,12203-1;
+317,+29,+29,+28,+29,+27,+29,+30,+30,+40,+59,+42,+45,+45,+41,+46,+25,+26,+35,+32,+28,+34,+36,+37,+43,+40,+43,+41,,20666,,0,,12345,,0,,1,24,4,1,6,,1,26,4,,2,24,4,1,6,,2,24,6,1,4,,1,5,6,3,4,10,6,4,4,,1,,1,1,6,17,4,6,6,1,4,,2,1,4,2,6,2,4,13,6,6,4,1,6,1,4,,1,5,6,3,4,18,6,,1,1,6,21,4,2,6,1,4,,3,1,4,15,6,8,4,1,6,1,4,,1,,0,3,6,13,4,2,6,4,4,4,6,,1,2,6,1,4,13,6,2,4,4,6,1,4,1,6,1,4,,2,2,4,1,6,19,4,1,6,1,4,1,6,,1,16,4,2,6,,1,2,6,1,4,13,6,2,4,4,6,1,4,1,6,1,4,,3,4,6,10,4,4,6,4,4,1,6,1,4,1,6,1,4,,1,5,6,2,4,7,6,2,4,2,6,6,4,,2,4,6,1,4,2,6,2,4,7,6,2,4,,1,4,4,1,6,2,4,2,6,7,4,2,6,5,4,1,6,,
57;;;;;20666,,,,,,;;;a-b;A;Raudalu - Kalev;1234567z;;06611-1,06609-1,06605-1,06603-1,06601-1,05905-1,05906-1,05701-1,05706-1,06303-1,06406-1,06402-1,06801-1,07404-1,07403-1;
+393,+32,+32,+30,+30,+30,+30,+35,+45,+33,+30,+30,+30,+30,+30,+30,+30,+30,+30,+30,+30,+32,+32,+33,+33,+45,+34,+34,+34,+34,+34,+34,-0997,+50,+55,+57,+63,+74,+60,+60,+60,+60,+60,+60,+61,+62,+72,+53,+53,+50,-01010,+50,+55,+57,+63,+74,+60,+60,+60,+60,+60,+60,+61,+62,+72,+53,+53,+50,,20666,,0,,12345,32,6,18,7,,1,,2,3,6,29,4,,1,1,6,2,4,14,6,8,4,7,6,,1,22,4,3,6,,1,3,6,14,4,5,6,9,4,,2,29,4,2,6,1,4,1,6,15,4,3,6,15,4,,2,31,4,1,6,1,4,1,6,12,4,2,6,3,4,1,6,12,4,2,6,,1,17,6,5,4,,1,1,6,16,4,5,6,1,4,8,6,1,4,1,6,1,4,1,6,9,4,2,6,1,4,4,6,1,4,1,6,9,4,2,6,1,4,,1,3,6,1,4,14,6,4,4,1,6,2,4,9,6,1,4,9,6,1,4,2,6,1,4,4,6,1,4,9,6,1,4,2,6,1,4,,2,1,4,1,6,16,4,4,6,1,4,2,6,5,4,5,6,8,4,10,6,8,4,,1,1,6,1,6,1,4,24,4,2,6,2,4,1,6,1,4,1,6,17,4,1,6,,2,4,6,2,4,11,6,4,4,9,4,1,6,1,4,1,6,12,6,1,4,1,4,4,6,12,6,1,4,1,4,,2,2,6,2,4,12,6,1,4,1,6,7,4,2,6,2,4,2,4,1,6,2,6,1,4,8,6,2,4,1,4,1,6,5,6,1,4,8,6,2,4,1,4,1,6,,
;;;;;;;;b-a;A;Kalev - Raudalu;1234567z;;07403-1,07405-1,06803-1,06802-1,06401-1,06407-1,06304-1,05707-1,05703-1,06109-1,06108-1,06602-1,06604-1,06606-1,06610-1,06611-1;
+364,+26,+26,+34,+34,+31,+30,+30,+30,+33,+45,+33,+30,+30,+30,+30,+30,+30,+30,+30,+30,+30,+31,+32,+32,+32,+32,+45,+34,+34,+34,+34,-0975,+42,+51,+58,+56,+63,+75,+60,+60,+60,+60,+60,+60,+60,+61,+71,+53,+52,-01002,+42,+51,+58,+56,+63,+75,+60,+60,+60,+60,+60,+60,+60,+61,+71,+53,+52,,20666,,0,,12345,32,6,18,7,,0,3,6,27,4,2,6,,2,24,4,6,6,2,4,,1,,1,21,6,11,4,,1,3,6,21,4,6,4,2,6,,1,2,6,1,4,21,6,1,4,5,6,1,4,,1,1,6,1,4,18,6,4,4,1,6,5,4,1,6,1,4,1,6,15,4,3,6,15,4,,1,24,6,1,4,23,6,1,4,17,6,1,4,,1,6,6,14,4,,1,3,6,3,4,14,6,4,4,1,6,4,4,3,6,1,4,17,6,1,4,,3,1,4,1,6,1,4,3,6,14,4,1,6,1,4,2,6,1,4,10,6,11,4,7,6,11,4,,0,1,6,1,4,1,6,4,4,2,6,15,4,1,6,10,4,2,6,8,4,1,6,7,4,2,6,8,4,1,6,,2,1,4,1,6,4,4,1,6,2,4,11,6,1,4,1,6,3,4,4,6,1,4,3,6,4,4,8,6,3,4,1,6,1,4,1,6,4,4,8,6,3,4,1,6,,2,1,6,1,4,16,6,2,4,1,6,1,4,3,6,4,4,1,6,1,4,16,4,1,6,1,4,1,6,15,4,1,6,1,4,,1,3,6,15,4,2,6,1,4,1,6,3,4,6,6,1,4,3,6,10,4,2,6,1,4,1,6,1,4,3,6,10,4,2,6,1,4,1,6,,
58;;;;;20349,,,,,,;;;a-b;A;Priisle - Majaka põik;1234567z;;16303-1,16104-1,16102-1,16101-1,16008-1,16106-1,15803-1,15802-1,15605-1,15307-1,15304-1,15109-1,14812-1;
+308,+15,+14,+14,+14,+13,+11,+12,+12,+13,+13,+13,+13,+14,+12,+13,+14,+14,+15,+15,+17,+16,+15,+18,+17,+17,+16,+16,+15,+17,+16,+16,+15,+16,+15,+15,+15,+16,+15,+15,+15,+13,+14,+13,+13,+13,+14,+15,+14,+14,+14,+15,+14,+13,+15,+15,+16,+17,+15,+19,+20,+23,+15,+20,+16,+15,+15,+16,+16,+17,+15,+16,+17,+18,+17,-01117,+18,+18,+18,+18,+18,+19,+18,+18,+15,+15,+15,+16,+16,+16,+16,+20,+20,+21,+20,+20,+16,+16,+18,+18,+16,+18,+20,+20,+15,+15,+15,+16,+16,+17,+15,+16,+16,+16,+14,+15,+16,+16,+14,+16,+16,+20,+18,+20,+26,+26,+26,+26,+26,+20,+22,+22,+22,+21,+20,+23,+23,-01050,+18,+19,+18,+18,+15,+15,+15,+16,+16,+16,+16,+20,+20,+21,+20,+20,+16,+16,+18,+18,+16,+18,+20,+20,+15,+15,+15,+16,+16,+17,+15,+16,+16,+16,+14,+15,+16,+16,+14,+16,+16,+20,+18,+20,+26,+26,+26,+26,+26,+20,+22,+22,+22,+21,+20,+23,,20349,,0,,12345,75,6,62,7,,1,,1,87,6,13,4,45,6,13,4,,2,,1,5,6,64,4,31,6,33,4,25,6,33,4,,1,,2,5,4,1,6,36,6,12,4,,1,5,6,1,4,3,6,33,4,12,6,1,4,23,6,22,4,37,6,21,4,,1,42,6,12,4,1,6,8,4,6,6,6,4,25,6,27,4,6,6,4,4,21,6,27,4,6,6,,3,9,6,11,4,21,6,1,4,12,6,1,4,14,4,6,6,11,6,40,4,10,4,1,6,7,6,40,4,,2,5,4,3,6,1,4,11,6,21,4,1,6,12,4,15,6,6,4,,2,5,6,15,4,21,6,13,4,1,6,7,4,1,6,5,4,10,6,8,4,13,6,34,4,3,6,8,4,13,6,34,4,,1,4,6,53,4,5,6,7,4,6,6,3,4,1,6,45,4,2,6,6,4,1,6,3,4,3,6,43,4,2,6,6,4,1,6,,
;;;;;;;;b-a;A;Majaka põik - Priisle;1234567z;;14812-1,14707-1,15303-1,15306-1,15308-1,14404-1,14407-1,14403-1,16001-1,16006-1,16201-1,16206-1,16103-1,16301-1,16501-1;
+327,+15,+14,+14,+14,+14,+11,+12,+13,+15,+13,+13,+13,+14,+12,+13,+14,+14,+15,+15,+16,+15,+15,+18,+17,+17,+16,+16,+15,+17,+16,+16,+15,+16,+15,+15,+15,+16,+15,+15,+15,+14,+15,+13,+13,+13,+14,+15,+14,+14,+14,+15,+14,+13,+14,+14,+16,+17,+15,+19,+20,+23,+15,+19,+16,+15,+15,+16,+16,+16,+15,+16,+17,+18,+16,-01117,+18,+18,+20,+18,+18,+19,+18,+18,+15,+15,+16,+17,+16,+16,+16,+20,+20,+21,+20,+20,+16,+16,+18,+18,+16,+18,+20,+20,+15,+15,+15,+16,+16,+17,+15,+16,+16,+16,+14,+15,+16,+16,+14,+16,+16,+20,+18,+20,+26,+26,+25,+25,+26,+20,+22,+22,+22,+20,+20,+23,+22,-01048,+18,+19,+18,+18,+15,+15,+16,+17,+16,+16,+16,+20,+20,+21,+20,+20,+16,+16,+18,+18,+16,+18,+20,+20,+15,+15,+15,+16,+16,+17,+15,+16,+16,+16,+14,+15,+16,+16,+14,+16,+16,+20,+18,+20,+26,+26,+25,+25,+26,+20,+22,+22,+22,+20,+20,+23,,20349,,0,,12345,75,6,62,7,,3,,2,8,6,13,4,19,6,21,4,21,6,42,4,16,6,42,4,,1,75,4,2,6,59,4,1,6,,2,21,6,19,4,,1,3,6,71,4,1,6,,1,68,4,6,6,1,4,2,6,56,4,4,6,54,4,,1,21,4,8,6,,2,3,4,5,6,21,4,11,6,11,4,22,6,2,4,49,6,1,4,57,6,1,4,,1,3,6,64,4,1,6,5,4,2,6,24,6,24,4,34,6,24,4,,2,7,6,1,4,115,6,1,4,57,6,1,4,,1,,1,4,6,3,4,22,6,31,4,7,6,1,4,14,6,42,4,1,6,8,4,7,6,42,4,1,6,8,4,,1,39,6,11,4,,1,9,6,11,4,8,6,1,4,52,6,1,4,16,6,1,4,40,6,1,4,16,6,1,4,,
59;;;;;20668,,,,,,;;;a-b;A;Balti jaam - Pikakari;1234567z;;21102-1,11003-1,10006-1,10008-1,09905-1,09907-1,09912-1,09913-1,09302-1,09304-1,09309-1,09306-1;
+327,+27,+26,+25,+20,+20,+20,+20,+20,+20,+20,+20,+25,+25,+30,+30,+35,+35,+30,+30,+30,+25,+20,+20,+20,+20,+20,+20,+20,+20,+20,+20,+20,+25,+25,+30,+30,+30,+35,+35,+35,+55,-01032,+34,+34,+34,+30,+30,+30,+30,+45,+30,+30,+30,+30,+30,+30,+30,+30,+30,+30,+30,+30,+30,+30,+30,+30,+30,+45,+35,+30,+30,+30,+35,+50,-01032,+34,+34,+34,+30,+30,+30,+30,+45,+30,+30,+30,+30,+30,+30,+30,+30,+30,+30,+30,+30,+30,+30,+30,+30,+30,+45,+35,+30,+30,+30,+35,+50,,20668,,0,,12345,42,6,33,7,,2,,2,4,6,2,4,43,4,2,6,31,4,2,6,,1,,1,,1,50,6,1,4,32,6,1,4,,1,4,6,34,4,10,6,2,4,1,6,18,4,12,6,2,4,1,6,18,4,,1,4,4,2,6,29,4,3,6,,1,4,6,2,4,21,6,4,4,4,6,3,4,,1,3,6,1,4,2,6,6,4,14,6,1,4,4,6,4,4,7,6,6,4,1,6,12,4,10,6,3,4,1,6,6,4,1,6,12,4,10,6,3,4,,3,61,6,7,4,26,6,7,4,,1,3,4,1,6,2,4,1,6,4,4,1,6,14,4,1,6,4,4,4,6,6,4,3,6,7,4,17,6,3,4,3,6,1,4,2,6,7,4,17,6,3,4,3,6,,
;;;;;;;;b-a;A;Pikakari - Balti jaam;1234567z;;09004-1,09310-1,09303-1,09301-1,09916-1,09704-1,09906-1,09904-1,10007-1,10005-1,11001-1,10902-1,21104-1,21105-7;
+346,+28,+27,+27,+21,+20,+20,+20,+20,+21,+20,+20,+24,+25,+30,+30,+35,+35,+30,+29,+31,+25,+20,+20,+20,+21,+20,+20,+20,+20,+21,+20,+20,+23,+25,+28,+30,+31,+34,+34,+34,+54,-01030,+34,+34,+34,+30,+30,+31,+31,+45,+31,+30,+30,+30,+30,+30,+30,+30,+30,+30,+30,+30,+30,+30,+30,+30,+30,+44,+34,+30,+29,+30,+35,+48,-01030,+34,+34,+34,+30,+30,+31,+31,+45,+31,+30,+30,+30,+30,+30,+30,+30,+30,+30,+30,+30,+30,+30,+30,+30,+30,+44,+34,+30,+29,+30,+35,+48,,20668,,0,,12345,42,6,33,7,,1,,3,,1,,2,38,4,6,6,24,4,9,6,24,4,,1,3,6,32,4,3,6,6,4,5,6,28,4,5,6,,1,10,4,13,6,41,4,4,6,29,4,4,6,,1,10,6,13,4,41,6,4,4,29,6,4,4,,1,2,6,1,4,4,6,2,4,26,6,2,4,1,4,4,6,29,4,4,6,29,4,,1,4,6,3,4,2,6,1,4,15,6,6,4,7,6,3,4,30,6,2,4,31,6,2,4,,1,3,6,4,6,1,4,14,6,3,4,5,4,1,6,4,4,2,6,1,4,6,6,27,4,6,6,27,4,,1,2,6,5,4,1,6,14,4,3,6,12,4,4,6,1,4,2,6,20,4,9,6,2,4,2,6,20,4,9,6,,1,7,6,1,4,15,6,2,4,16,4,1,6,31,4,2,6,31,4,,1,2,4,1,6,5,6,1,4,30,4,2,6,3,4,5,6,22,4,2,6,4,4,5,6,22,4,2,6,,
60;;;;;20666,,,,,,;;;a-b;A;Seli - Maneeži;1234567z;;16601-1,16506-1,16502-1,16801-1,17001-1,16906-1,16901-1,17101-1,17504-1,17503-1,17501-1,17801-1,12803-1,12801-1,11804-1,11802-1,10702-2,12218-1;
+294,+20,+18,+18,+18,+16,+18,+17,+19,+19,+18,+18,+23,+23,+22,+22,+26,+22,+22,+22,+20,+18,+20,+20,+20,+18,+20,+20,+18,+19,+19,+19,+20,+20,+19,+19,+20,+22,+21,+21,+23,+26,+24,+24,+23,+22,+23,+18,+21,+20,+21,+22,+22,+22,+28,-01083,+22,+23,+25,+22,+22,+23,+24,+23,+27,+28,+30,+29,+29,+21,+28,+24,+25,+26,+24,+27,+25,+26,+25,+26,+26,+25,+26,+27,+29,+31,+32,+28,+28,+28,+27,+27,+25,+25,+27,+25,+25,-01065,+22,+23,+25,+22,+22,+23,+24,+23,+27,+28,+30,+29,+29,+21,+28,+24,+25,+26,+24,+27,+25,+26,+25,+26,+26,+25,+26,+27,+29,+31,+32,+28,+28,+28,+27,+27,+25,+25,+27,+25,+25,,20666,,0,,12345,55,6,42,7,,2,9,6,26,6,7,4,2,4,11,4,2,6,7,6,21,4,12,4,2,6,7,6,21,4,,1,8,6,5,4,31,6,7,4,12,6,1,4,21,6,3,4,17,6,1,4,21,6,3,4,,2,4,6,4,4,5,6,22,4,16,6,4,4,2,6,6,4,1,6,21,4,14,6,6,4,1,6,21,4,,2,8,6,1,4,,2,4,4,4,6,1,6,4,4,22,6,6,4,10,4,4,6,2,4,6,6,1,4,5,6,18,4,1,6,6,4,3,6,2,4,6,6,1,4,5,6,18,4,1,6,6,4,,1,4,6,5,4,42,6,4,4,5,6,3,4,1,6,5,4,18,6,1,4,14,6,3,4,1,6,5,4,18,6,1,4,,2,9,6,4,4,28,6,3,4,7,4,4,6,5,4,3,6,1,4,5,6,18,4,1,6,14,4,3,6,1,4,5,6,18,4,1,6,,1,34,6,7,4,10,6,4,4,5,6,3,4,1,6,5,4,18,6,1,4,14,6,3,4,1,6,5,4,18,6,1,4,,1,13,6,21,4,35,6,16,4,26,6,16,4,,1,8,6,5,4,28,6,2,4,,2,34,6,7,4,2,6,1,4,19,6,1,4,41,6,1,4,,1,,1,9,4,4,6,21,4,10,6,7,4,6,6,3,4,4,6,20,4,1,6,2,4,1,6,6,4,5,6,3,4,4,6,20,4,1,6,2,4,1,6,6,4,,2,9,6,4,4,21,6,9,4,,0,3,6,1,4,1,6,3,4,5,6,28,4,2,6,7,4,1,6,6,4,3,6,4,4,5,6,16,4,2,6,12,4,3,6,4,4,5,6,16,4,2,6,,2,4,6,1,4,2,6,1,6,1,4,42,4,6,6,3,4,4,6,21,6,2,4,7,4,5,6,3,4,4,6,21,6,2,4,7,4,,2,7,6,1,4,1,6,4,4,28,6,2,4,7,4,1,6,11,6,2,4,5,6,16,4,19,6,2,4,5,6,16,4,,
;;;;;;;;b-a;A;Maneeži - Seli;1234567z;;12218-1,12211-2,11903-1,11803-1,11805-1,12802-1,17802-1,17502-1,17506-1,17507-1,17102-1,17103-1,16908-1,17002-1,16802-1,16302-1,16501-1,16605-1,16603-1;
+320,+20,+18,+19,+18,+17,+18,+18,+22,+20,+18,+18,+22,+22,+22,+22,+26,+22,+22,+22,+20,+18,+20,+20,+20,+18,+20,+20,+18,+19,+19,+19,+20,+20,+20,+20,+20,+22,+21,+21,+23,+24,+23,+23,+22,+22,+23,+18,+21,+20,+20,+21,+22,+22,+28,-01104,+20,+22,+24,+25,+22,+23,+23,+24,+24,+28,+28,+30,+29,+29,+23,+28,+24,+25,+26,+24,+27,+25,+26,+25,+26,+26,+25,+26,+27,+28,+30,+32,+27,+27,+28,+27,+27,+25,+25,+25,+25,+25,-01085,+20,+22,+24,+25,+22,+23,+23,+24,+24,+28,+28,+30,+29,+29,+23,+28,+24,+25,+26,+24,+27,+25,+26,+25,+26,+26,+25,+26,+27,+28,+30,+32,+27,+27,+28,+27,+27,+25,+25,+25,+25,+25,,20666,,0,,12345,55,6,43,7,,2,3,6,2,6,39,4,11,4,2,6,9,6,3,4,29,4,2,6,9,6,3,4,,3,31,6,8,4,12,4,4,6,40,4,3,6,40,4,,1,4,6,35,6,5,4,11,4,6,6,31,4,3,6,3,4,6,6,31,4,3,6,,1,4,4,1,6,,1,4,6,1,4,26,6,8,4,5,6,7,4,14,6,1,4,3,6,17,4,6,6,2,4,14,6,1,4,3,6,17,4,6,6,2,4,,2,4,4,1,6,27,6,6,4,6,4,7,6,4,4,2,6,8,4,1,6,26,4,2,6,1,4,5,6,8,4,1,6,26,4,2,6,1,4,,1,2,6,49,4,4,6,2,4,8,6,29,4,1,6,5,4,8,6,29,4,1,6,,1,,1,39,6,4,4,,1,4,6,1,4,26,6,1,4,11,6,11,4,7,6,4,4,39,6,4,4,,2,55,4,2,6,4,4,4,6,3,6,1,4,29,4,2,6,4,4,4,6,3,6,1,4,,1,2,6,1,4,2,6,6,4,21,6,7,4,22,6,4,4,4,6,22,4,13,6,4,4,4,6,22,4,,1,3,6,1,4,7,6,20,4,,2,2,4,2,6,53,4,8,6,1,4,2,6,17,4,1,6,5,4,1,6,3,4,3,6,2,4,8,6,1,4,2,6,17,4,1,6,5,4,1,6,3,4,,1,2,6,2,4,1,6,45,4,7,6,29,4,5,6,3,4,1,6,3,4,2,6,29,4,5,6,3,4,1,6,,1,31,6,1,4,7,6,4,4,22,4,1,6,26,4,2,6,14,4,1,6,26,4,2,6,,2,2,4,2,6,1,4,1,6,5,4,21,6,5,4,19,6,1,4,8,6,1,4,2,6,1,4,23,6,2,4,5,6,1,4,8,6,1,4,2,6,1,4,23,6,2,4,,0,2,6,2,4,1,6,1,4,5,6,21,4,5,6,2,4,4,6,13,4,1,6,3,4,6,6,2,4,1,6,22,4,7,6,1,4,1,6,3,4,6,6,2,4,1,6,22,4,,
61;;;;;20605,,,,,-210,;;;a-b;A;Kotermaa - Järve haigla;1234567z;;02001-1,01906-1,01901-1,01903-1,01607-1,01601-1,01101-1,01701-1,01302-1,01403-1,03104-1,03203-1,03201-1,02402-1,03004-1,02701-1,02602-1,06703-1,06702-1,06705-1;
+376,+15,+14,+14,+13,+14,+15,+16,+17,+17,+18,+19,+19,+20,+20,+20,+19,+19,+18,+17,+17,+17,+18,+18,+18,+17,+17,+18,+18,+18,+17,+17,+18,+16,+15,+15,+15,+16,+17,+17,+16,+17,+17,+17,+19,+20,+20,+21,+18,+18,+18,+18,+18,+18,+19,+20,+20,+17,-0967,+25,+25,+24,+22,+21,+24,+25,+26,+31,+26,+27,+27,+20,+23,+23,+23,+23,+23,+23,+23,+23,+23,+23,+23,+23,+23,+27,+29,+32,+23,+27,+27,+21,+21,+21,+21,+21,+22,+23,+25,-0962,+25,+25,+24,+22,+21,+24,+25,+26,+31,+26,+27,+27,+20,+23,+23,+23,+23,+23,+23,+23,+23,+23,+23,+23,+23,+23,+27,+29,+32,+23,+27,+27,+21,+21,+21,+21,+21,+22,+23,+25,,20605,58,20395,,0,,12345,58,6,41,7,,3,43,4,15,6,,0,5,6,6,4,32,6,,1,58,4,13,6,9,4,32,6,9,4,,2,2,6,3,4,18,6,20,4,23,6,5,4,9,6,6,4,21,6,5,4,9,6,6,4,,1,1,6,1,4,9,6,12,4,20,6,8,4,20,6,9,4,32,6,9,4,,3,1,4,4,6,6,4,22,6,6,4,19,6,,1,4,6,6,4,1,6,22,4,6,6,8,4,4,6,7,4,,1,2,6,7,4,1,6,1,4,12,6,21,4,3,6,2,4,17,6,5,4,9,6,6,4,21,6,5,4,9,6,6,4,,1,5,4,4,6,14,4,10,6,10,4,1,6,4,4,1,6,9,4,13,6,9,4,6,6,4,4,22,6,9,4,6,6,4,4,,2,4,6,6,4,1,6,11,4,1,6,10,4,10,6,1,4,4,6,3,4,7,6,8,4,24,6,4,4,5,6,8,4,24,6,4,4,,2,5,6,2,4,43,4,1,6,3,4,12,6,24,4,4,6,5,4,8,6,24,4,4,6,,2,1,6,1,4,1,6,2,4,2,6,2,4,1,6,1,4,11,6,1,4,11,6,7,4,25,6,23,4,18,6,23,4,,2,3,6,1,4,1,6,5,4,17,6,7,4,1,6,5,4,1,6,5,4,,3,1,4,1,6,2,6,3,4,26,6,2,4,5,6,1,4,2,4,3,6,3,4,1,6,3,4,1,6,4,4,2,6,39,4,2,6,,2,3,4,1,6,44,4,1,6,9,6,2,4,39,6,2,4,,1,3,6,1,4,1,6,4,4,1,6,1,4,12,6,4,4,4,6,8,4,2,6,1,4,,1,1,6,3,6,6,4,6,6,7,4,6,6,1,6,1,4,1,6,1,4,8,4,2,6,1,4,4,6,1,4,9,4,2,6,39,4,2,6,,1,2,6,6,4,3,6,5,4,11,6,2,4,2,6,1,4,1,6,7,4,4,6,3,4,2,6,1,4,8,6,2,4,39,6,2,4,,2,27,4,1,6,3,4,1,6,17,4,1,6,,
;;;;;;;;b-a;A;Järve haigla - Kotermaa;1234567z;;06705-1,06704-1,02603-1,02702-1,02703-1,02502-1,02503-1,03205-1,02108-1,02102-1,01402-1,01301-1,01401-1,01606-1,01609-1,01608-1,01904-1,01902-1,01905-1,02001-1;
+409,+16,+16,+16,+16,+16,+15,+15,+16,+16,+16,+17,+19,+20,+20,+20,+19,+19,+18,+17,+17,+17,+18,+19,+18,+17,+17,+18,+18,+19,+18,+17,+19,+16,+15,+16,+15,+16,+17,+15,+16,+16,+16,+16,+18,+20,+20,+21,+17,+18,+18,+17,+18,+18,+18,+20,+20,+17,-0967,+25,+26,+24,+22,+21,+24,+25,+29,+31,+26,+27,+27,+21,+23,+23,+23,+23,+23,+23,+23,+23,+22,+23,+23,+23,+23,+27,+28,+32,+23,+26,+26,+21,+21,+20,+21,+21,+22,+23,+25,-0962,+25,+26,+24,+22,+21,+24,+25,+29,+31,+26,+27,+27,+21,+23,+23,+23,+23,+23,+23,+23,+23,+22,+23,+23,+23,+23,+27,+28,+32,+23,+26,+26,+21,+21,+20,+21,+21,+22,+23,+25,,20605,58,20395,,0,,12345,58,6,41,7,,2,47,4,13,6,39,4,2,6,,2,1,6,1,7,1,6,4,3,39,4,12,4,10,6,19,4,22,6,19,4,,1,1,6,1,4,44,6,1,4,11,6,,2,1,4,1,6,56,4,,3,1,6,1,4,32,6,5,4,,2,7,6,1,4,21,6,5,4,,2,39,6,4,4,8,4,7,6,,2,1,4,1,6,3,4,3,6,21,4,5,6,5,4,12,6,1,4,6,6,10,6,9,4,12,4,10,6,10,6,9,4,12,4,,2,1,6,1,4,3,6,2,4,24,6,2,6,4,4,2,4,50,4,10,6,31,4,,2,1,4,1,6,49,4,1,6,,0,1,6,28,6,2,4,,2,1,4,6,6,1,4,19,6,2,4,3,6,1,4,10,6,2,4,,1,1,6,6,4,1,6,24,4,1,6,10,4,2,6,,3,6,4,1,6,23,6,1,6,2,4,6,4,7,4,5,6,1,4,10,6,24,4,17,6,24,4,,2,2,4,1,6,1,4,2,6,1,4,26,6,5,4,1,6,3,4,1,6,2,4,1,6,5,4,10,6,1,4,24,6,1,4,15,6,1,4,24,6,1,4,,2,7,6,1,4,14,6,5,4,11,6,1,4,13,6,6,4,,1,1,4,1,6,1,4,1,6,3,4,1,6,14,4,5,6,6,4,1,6,4,4,1,6,4,4,2,6,7,4,6,6,3,4,1,6,24,4,1,6,15,4,1,6,24,4,1,6,,0,1,6,1,4,1,6,3,4,1,6,4,4,11,6,5,4,2,6,1,4,3,6,1,4,4,6,1,4,3,6,4,4,6,6,6,4,3,6,1,4,24,6,1,4,2,6,10,4,3,6,1,4,24,6,1,4,2,6,,2,4,4,2,6,2,4,3,6,18,4,1,6,12,4,1,6,2,4,1,6,,
;;;;;20605,,,,,-46174,;;;a-c;A;Kotermaa - Väike-Õismäe;12345z;;02001-1,01906-1,01901-1,01903-1,01607-1,01601-1,01101-1;
+1387,,20605,,0,,12345,,2,,1,,1,,2,,1,,2,,
;;;;;20605,,,,,-210,;;;c-a;A;Väike-Õismäe - Kotermaa;1234567z;;01606-1,01609-1,01608-1,01904-1,01902-1,01905-1,02001-1;
+366,+28,+23,-024,+25,-025,+25,,20605,3,20395,,0,,12345,3,6,2,7,,2,3,4,,1,2,6,,2,,1,2,4,,0,2,6,,2,,
62;;;;;20395,,,,,-33,;;;a-b;A;Väike-Õismäe - Mäeküla;1234567z;;01610-1,01606-1,01605-1,01603-1,02001-1,02004-1,10623-1,10620-1,10621-1;
+355,+42,+39,+42,+44,+48,+48,+60,+48,+48,+48,+45,+43,+43,+46,+47,+47,+62,+45,+46,+46,+46,-0914,+50,+49,+46,+44,+44,+62,+45,+44,+43,+43,+44,+44,+45,+47,+47,+62,+48,+49,+53,-0909,+50,+49,+46,+44,+44,+62,+45,+44,+43,+43,+44,+44,+45,+47,+47,+62,+48,+49,+53,,20395,22,20362,,0,,12345,22,6,20,7,,2,22,4,4,6,11,4,9,6,11,4,,2,3,6,2,4,8,6,1,6,2,4,1,4,20,6,3,4,17,6,3,4,,0,2,6,1,4,2,6,14,4,3,6,4,4,2,6,8,4,4,6,6,4,2,6,8,4,4,6,,1,2,6,12,6,2,4,2,4,1,6,3,4,1,6,5,4,2,6,10,4,3,6,5,4,2,6,10,4,,1,6,4,5,6,3,4,2,6,3,4,3,6,1,4,3,6,4,4,6,6,3,4,1,6,3,4,3,6,4,4,6,6,3,4,1,6,,3,2,6,9,4,2,7,3,4,1,4,13,6,6,4,3,6,1,4,10,6,6,4,3,6,1,4,,4,3,6,2,4,1,6,2,4,4,6,1,4,1,6,8,4,1,6,3,4,1,6,3,4,6,6,3,4,4,6,3,4,1,6,3,4,6,6,3,4,,1,3,4,1,6,2,4,2,6,4,4,1,6,1,4,3,6,2,4,3,6,5,4,1,6,8,4,3,6,8,4,1,6,8,4,3,6,,
;;;;;;;;b-a;A;Mäeküla - Väike-Õismäe;1234567z;;10621-1,10622-1,21587-1,02003-1,02002-1,01602-1,01604-1,01101-1,01104-1;
+369,+42,+43,+42,+45,+48,+47,+60,+48,+48,+48,+45,+44,+46,+46,+48,+43,+60,+44,+45,+46,+46,-0914,+52,+49,+46,+44,+44,+62,+45,+45,+43,+43,+44,+43,+45,+47,+47,+62,+47,+49,+53,-0910,+52,+49,+46,+44,+44,+62,+45,+45,+43,+43,+44,+43,+45,+47,+47,+62,+47,+49,+53,,20395,22,20362,,0,,12345,22,6,20,7,,1,22,6,1,4,19,6,1,4,,1,2,6,17,4,4,6,19,4,1,6,,2,2,4,1,6,2,4,8,6,4,4,2,6,4,4,19,6,1,4,,1,13,4,1,6,5,4,4,6,18,4,2,6,18,4,,1,2,6,1,6,2,4,1,4,5,6,2,6,1,4,2,4,3,6,2,4,7,6,9,4,11,6,9,4,,1,2,6,3,4,9,6,1,4,,2,6,6,5,4,1,6,1,4,,1,1,6,4,4,8,6,1,4,2,6,2,4,10,6,5,4,15,6,5,4,,
63;;;;;20666,,,,,,;;;a-b;A;Priisle - Maneeži;1234567z;;16502-1,16509-1,16703-1,16904-1,16902-1,17101-1,17504-1,17503-1,17501-1,17801-1,12803-1,12801-1,11804-1,11802-1,10702-2,12218-1;
+309,+19,+18,+19,+15,+17,+18,+19,+19,+18,+18,+18,+23,+24,+23,+24,+24,+22,+22,+19,+21,+19,+20,+20,+20,+18,+20,+19,+18,+20,+18,+19,+20,+20,+20,+20,+21,+22,+20,+22,+26,+23,+24,+22,+22,+21,+20,+22,+21,+21,+20,+23,+24,+24,-01039,+28,+22,+21,+23,+24,+23,+26,+24,+27,+30,+29,+29,+26,+26,+25,+25,+25,+25,+26,+26,+26,+24,+26,+26,+26,+27,+27,+26,+29,+29,+32,+30,+28,+25,+27,+25,+25,+28,+25,+22,-01043,+28,+22,+21,+23,+24,+23,+26,+24,+27,+30,+29,+29,+26,+26,+25,+25,+25,+25,+26,+26,+26,+24,+26,+26,+26,+27,+27,+26,+29,+29,+32,+30,+28,+25,+27,+25,+25,+28,+25,+22,,20666,,0,,12345,54,6,41,7,,1,4,6,10,4,17,6,9,4,18,6,27,4,14,6,27,4,,2,58,4,27,6,14,4,27,6,,1,8,6,41,4,9,6,27,4,14,6,27,4,,1,8,6,5,4,72,6,7,4,34,6,7,4,,2,3,6,1,4,9,6,39,4,2,6,4,4,37,6,4,4,,1,4,6,9,4,50,6,22,4,19,6,22,4,,1,13,6,18,4,1,6,8,4,,1,,2,8,6,5,4,18,6,1,4,8,6,8,4,,1,,1,3,4,1,6,4,4,5,6,18,4,1,6,8,4,8,6,1,4,3,6,2,4,4,6,37,4,4,6,,2,3,6,1,4,27,6,1,4,17,6,2,4,6,6,1,4,40,6,1,4,,0,7,6,42,4,2,6,1,4,2,6,3,4,3,6,32,4,3,6,3,4,3,6,32,4,,2,2,6,49,4,6,6,38,4,3,6,,2,8,6,5,4,19,6,7,4,23,6,30,4,11,6,30,4,,
;;;;;;;;b-a;A;Maneeži - Priisle;1234567z;;12218-1,12211-2,11903-1,11803-1,11805-1,12802-1,17802-1,17502-1,17506-1,17507-1,17102-1,16903-1,16905-1,16704-1,16702-1,16511-1,16302-1,16501-1;
+330,+19,+19,+20,+16,+17,+18,+20,+22,+18,+18,+18,+23,+23,+22,+24,+24,+22,+22,+19,+21,+19,+20,+20,+20,+18,+20,+19,+18,+20,+18,+20,+20,+20,+20,+20,+21,+22,+20,+22,+24,+23,+24,+22,+22,+21,+20,+22,+20,+20,+20,+22,+23,+24,-01038,+28,+22,+22,+23,+24,+24,+26,+25,+28,+30,+29,+29,+26,+26,+25,+25,+25,+25,+26,+26,+26,+24,+26,+26,+26,+27,+27,+26,+29,+29,+30,+30,+28,+25,+27,+25,+25,+25,+25,+22,-01042,+28,+22,+22,+23,+24,+24,+26,+25,+28,+30,+29,+29,+26,+26,+25,+25,+25,+25,+26,+26,+26,+24,+26,+26,+26,+27,+27,+26,+29,+29,+30,+30,+28,+25,+27,+25,+25,+25,+25,+22,,20666,,0,,12345,54,6,41,7,,2,2,6,2,6,43,4,15,6,14,4,27,6,14,4,,3,2,4,2,6,21,6,14,4,10,4,5,6,39,4,2,6,39,4,,1,2,6,2,4,2,6,84,4,3,6,38,4,3,6,,1,,1,32,6,14,4,30,6,14,4,27,6,14,4,,2,2,4,2,6,50,4,4,6,4,4,3,6,11,4,14,6,3,4,6,6,4,4,3,6,11,4,14,6,3,4,,1,2,6,38,4,6,6,3,4,5,6,4,4,4,6,30,4,1,6,6,4,4,6,30,4,1,6,,1,54,4,4,6,37,4,4,6,,1,40,6,6,4,30,6,14,4,27,6,14,4,,1,4,6,2,4,19,6,14,4,10,6,5,4,8,6,3,4,38,6,3,4,,2,1,6,1,4,1,6,1,4,2,6,19,4,14,6,1,4,6,6,3,4,16,6,11,4,30,6,11,4,,1,1,4,1,6,30,6,7,4,,1,1,6,1,4,23,6,7,4,8,6,6,4,8,6,4,4,37,6,4,4,,1,,0,1,6,4,6,1,4,48,4,4,6,37,4,4,6,,2,1,4,1,6,1,4,1,6,41,4,9,6,4,4,3,6,1,4,2,6,29,4,2,6,4,4,3,6,1,4,2,6,29,4,,1,6,6,19,4,6,6,7,4,,
65;;;;;;;;a-b;A;Priisle - Lennujaam;1234567z;;16502-1,16801-1,17001-1,16906-1,16901-1,17101-1,17504-1,17503-1,17501-1,15502-1,15701-1,15704-1,16111-1,16112-1,16012-1,16010-1,15802-1,15605-1,15606-1,14603-1,14606-1,13801-1,13706-1,13704-1,13702-1,13701-1,09708-1,13513-2;
+317,+29,+29,+21,+23,+23,+22,+23,+22,+23,+23,+24,+26,+32,+29,+30,+30,+29,+28,+27,+26,+25,+26,+22,+22,+22,+23,+23,+23,+24,+31,+32,+34,+35,+32,+34,+34,+32,+33,+32,+32,-0997,+50,+45,+45,+41,+39,+40,+39,+39,+40,+43,+36,+37,+37,+38,+38,+38,+47,+48,+48,+49,+48,+49,+49,-0983,+50,+45,+45,+41,+39,+40,+39,+39,+40,+43,+36,+37,+37,+38,+38,+38,+47,+48,+48,+49,+48,+49,+49,,20666,,0,,12345,41,6,24,7,,2,,2,5,6,4,4,,1,4,6,1,6,2,4,17,6,2,6,5,4,2,4,6,4,2,6,21,4,3,6,21,4,,1,4,4,3,6,17,4,7,6,1,4,1,6,1,4,5,6,2,4,2,6,2,4,2,6,6,4,1,6,11,4,2,6,2,4,2,6,6,4,1,6,,2,4,6,3,4,2,6,2,4,14,6,8,4,28,4,1,6,1,4,2,6,20,4,1,6,1,4,,1,7,6,2,4,15,6,1,4,1,6,5,4,22,6,1,4,7,6,1,4,15,6,1,4,7,6,1,4,,1,23,6,1,4,,1,21,6,2,4,8,6,2,4,20,4,1,6,7,4,2,6,14,4,1,6,7,4,2,6,,1,3,6,4,4,1,6,13,4,2,6,10,4,1,6,5,4,2,6,2,4,2,6,2,4,1,6,10,4,3,6,6,4,2,6,2,4,1,6,10,4,3,6,,2,3,4,3,6,2,4,13,6,2,4,2,6,1,4,7,6,1,4,5,6,2,4,3,6,1,4,2,6,1,4,5,6,1,4,4,6,3,4,7,6,1,4,2,6,1,4,5,6,1,4,4,6,3,4,,1,4,6,2,4,5,6,1,4,12,6,1,4,1,6,5,4,15,6,1,4,14,6,2,4,7,6,1,4,14,6,2,4,,1,7,6,4,4,1,6,9,4,1,6,2,4,1,6,1,4,5,6,2,4,1,6,4,4,5,6,1,4,1,6,1,4,2,6,5,4,10,6,1,4,3,6,1,4,1,6,1,4,2,6,5,4,10,6,1,4,,1,6,6,1,4,14,6,1,4,21,4,1,6,19,4,1,6,3,4,1,6,19,4,1,6,,1,2,6,19,4,1,6,4,6,5,4,5,4,2,6,1,4,3,6,2,4,1,6,17,4,1,6,2,4,1,6,2,4,1,6,17,4,1,6,,1,6,4,1,6,27,4,2,6,28,4,1,6,23,4,,2,2,4,1,6,3,6,1,4,25,4,1,6,5,4,1,6,3,4,1,6,18,4,1,6,4,4,1,6,18,4,1,6,,1,2,6,1,4,2,6,1,4,1,6,5,4,9,6,9,4,2,6,3,4,3,6,1,4,3,6,1,4,1,6,1,4,2,6,1,4,13,6,1,4,4,6,1,4,1,6,1,4,2,6,1,4,13,6,1,4,,1,3,6,4,4,5,6,9,4,3,6,5,4,1,6,3,4,2,6,2,4,1,4,1,6,3,4,1,6,1,4,1,6,16,4,1,6,4,4,1,6,1,4,1,6,16,4,1,6,,1,7,6,1,4,15,6,1,4,,1,3,6,1,4,28,4,1,6,3,4,1,6,26,4,1,6,23,4,1,6,,2,1,6,3,6,1,4,30,4,1,6,1,4,1,6,1,4,3,6,1,4,1,6,16,4,1,6,1,4,4,6,1,4,1,6,16,4,1,6,1,4,,1,3,4,2,6,2,4,1,6,4,4,9,6,2,4,1,6,3,4,2,6,4,4,1,6,4,4,1,6,8,4,1,6,10,4,2,6,1,4,1,6,2,4,1,6,6,4,1,6,10,4,2,6,1,4,1,6,2,4,,1,7,6,1,4,32,4,1,6,1,4,1,6,19,4,1,6,3,4,1,6,19,4,1,6,,1,1,4,2,6,4,4,1,6,17,4,2,6,3,4,2,6,2,4,1,6,4,4,1,6,1,4,1,6,1,4,4,6,1,4,10,6,2,4,1,6,2,4,1,6,1,4,1,6,1,4,4,6,1,4,10,6,2,4,1,6,2,4,1,6,,0,1,6,4,4,1,6,2,4,1,6,1,4,2,6,9,4,2,6,1,4,1,6,7,4,1,6,2,4,4,6,20,4,1,6,1,4,1,6,2,4,1,6,18,4,1,6,1,4,1,6,2,4,,3,3,6,2,6,1,4,2,6,1,4,12,6,7,4,2,6,1,4,8,4,9,6,7,4,7,4,3,6,7,6,7,4,7,4,,1,7,6,1,4,34,4,1,6,23,4,1,6,,
;;;;;;;;b-a;A;Lennujaam - Priisle;1234567z;;13513-2,13507-1,13505-1,13502-1,13503-1,13703-1,13705-1,13707-1,13806-1,14607-1,14406-1,14404-1,14407-1,14403-1,16009-1,16011-1,16108-1,16107-1,15703-1,17401-1,17602-1,17502-1,17506-1,17507-1,17102-1,17103-1,16908-1,17002-1,16802-1,16302-1,16501-1;
+330,+30,+26,+20,+22,+21,+21,+22,+22,+22,+21,+24,+22,+23,+24,+33,+29,+30,+31,+29,+27,+30,+28,+27,+22,+22,+23,+24,+25,+22,+22,+22,+31,+34,+32,+29,+32,+35,+33,+32,+32,+32,-01008,+47,+46,+45,+43,+47,+41,+36,+37,+43,+40,+41,+40,+37,+37,+33,+38,+42,+42,+50,+46,+47,+49,+49,-0976,+47,+46,+45,+43,+47,+41,+36,+37,+43,+40,+41,+40,+37,+37,+33,+38,+42,+42,+50,+46,+47,+49,+49,,20666,,0,,12345,42,6,24,7,,2,42,4,1,6,17,4,7,6,17,4,,1,43,4,17,6,7,4,17,6,,1,26,6,3,4,17,6,14,4,10,6,14,4,,1,4,6,6,4,14,6,2,4,19,6,1,4,23,6,1,4,,1,4,4,6,6,14,4,5,6,8,4,5,6,3,4,1,6,10,4,4,6,3,4,3,6,3,4,1,6,10,4,4,6,3,4,,0,2,6,11,4,9,6,11,4,4,6,5,4,1,6,3,4,10,6,6,4,1,6,3,4,1,6,3,4,10,6,6,4,1,6,,1,13,6,9,4,21,4,3,6,3,6,1,4,13,4,3,6,1,4,3,6,3,6,1,4,13,4,,1,4,6,6,4,16,6,3,4,4,6,3,4,2,4,4,6,3,6,1,4,1,6,2,4,1,6,6,4,6,6,1,4,6,6,1,4,1,6,2,4,1,6,6,4,6,6,1,4,,2,8,4,2,6,14,6,2,4,3,6,1,4,15,4,1,6,23,4,1,6,,1,7,6,19,6,3,3,1,6,3,4,10,6,4,4,2,6,6,4,1,6,4,4,3,6,1,4,3,6,4,4,2,6,6,4,1,6,4,4,3,6,1,4,,1,3,6,2,6,2,4,6,4,7,6,12,4,1,6,10,4,2,6,5,4,5,6,8,4,1,6,1,4,1,6,1,4,2,6,5,4,5,6,8,4,1,6,1,4,,1,12,4,1,6,7,4,1,6,28,4,1,6,9,4,1,6,13,4,1,6,9,4,1,6,,1,3,4,1,6,1,4,2,6,4,4,1,6,9,4,1,6,20,4,1,6,2,4,2,6,9,4,3,6,3,4,1,6,1,4,1,6,1,4,1,6,2,4,2,6,9,4,3,6,3,4,1,6,1,4,1,6,,2,7,4,1,6,2,4,1,6,25,4,2,6,1,4,3,6,1,4,1,6,16,4,2,6,3,4,1,6,1,4,1,6,16,4,2,6,3,4,,1,42,4,1,6,1,4,1,6,21,4,1,6,1,4,1,6,,2,3,6,1,4,1,6,2,6,1,4,2,6,1,4,15,6,2,4,1,6,1,4,1,4,1,6,2,4,2,6,2,4,1,6,4,4,1,6,1,4,1,6,17,4,2,6,2,4,1,6,1,4,1,6,17,4,2,6,,1,2,6,1,4,1,6,3,4,1,6,1,4,2,6,11,4,1,6,1,4,1,6,1,4,2,6,1,4,2,6,1,4,2,6,3,4,12,6,4,4,20,6,4,4,,1,9,6,1,4,12,6,1,4,1,6,1,4,5,6,1,4,14,6,1,4,7,6,2,4,1,6,3,4,10,6,1,4,7,6,2,4,1,6,3,4,,1,10,6,1,4,21,6,1,4,10,6,1,4,2,6,1,4,8,6,1,4,3,6,2,4,2,6,1,4,3,6,1,4,2,6,1,4,8,6,1,4,3,6,2,4,2,6,1,4,,2,2,4,1,6,7,4,1,6,21,4,1,6,6,4,3,6,21,4,1,6,23,4,1,6,,1,2,6,3,4,2,6,1,4,2,6,2,4,8,6,2,4,1,6,1,4,1,6,5,4,1,6,3,4,5,6,4,4,1,6,1,4,2,6,7,4,2,6,2,4,3,6,1,4,1,6,2,4,1,6,1,4,1,6,1,4,2,6,7,4,2,6,2,4,3,6,1,4,1,6,2,4,,1,4,4,1,6,25,6,1,4,3,6,1,4,7,4,1,6,10,4,1,6,2,4,2,6,6,4,1,6,1,4,1,6,10,4,1,6,2,4,2,6,6,4,1,6,,1,16,6,4,4,6,6,2,4,1,6,1,4,2,6,1,4,9,6,1,4,10,6,1,4,2,6,2,4,8,6,1,4,10,6,1,4,2,6,2,4,,1,4,6,3,4,5,6,1,4,9,6,1,4,1,6,2,4,2,6,1,4,2,6,1,4,1,6,1,4,1,6,1,4,18,6,1,4,3,6,1,4,19,6,1,4,3,6,1,4,,2,1,6,1,4,6,6,2,4,3,6,3,4,14,6,1,4,4,4,1,6,4,4,3,6,1,4,1,6,9,4,1,6,3,4,1,6,4,4,1,6,2,4,1,6,1,4,1,6,9,4,1,6,3,4,1,6,4,4,1,6,,1,2,6,7,4,1,6,1,4,9,6,11,4,1,6,1,4,1,6,4,4,2,6,2,4,12,6,2,4,2,6,2,4,3,6,1,4,14,6,2,4,2,6,2,4,3,6,1,4,,1,7,6,1,4,1,6,1,4,1,6,1,4,4,6,4,4,3,6,1,4,2,6,2,4,1,6,1,4,1,6,1,4,13,6,1,4,2,6,1,4,20,6,1,4,2,6,1,4,,2,2,4,2,6,3,4,1,6,1,4,1,6,1,4,1,6,4,4,7,6,14,4,1,6,1,4,3,6,1,4,1,6,1,4,1,6,2,4,1,6,14,4,1,6,1,4,1,6,1,4,1,6,1,4,1,6,2,4,1,6,14,4,1,6,1,4,,1,2,6,2,4,3,6,1,4,1,6,1,4,1,6,1,4,4,6,7,4,1,6,5,4,1,6,4,4,1,6,1,4,1,6,1,4,1,6,3,4,1,6,11,4,2,6,3,4,1,6,1,4,2,6,1,4,1,6,1,4,1,6,11,4,2,6,3,4,1,6,1,4,2,6,1,4,1,6,,1,21,6,3,4,4,6,2,4,17,4,1,6,10,4,1,6,12,4,1,6,10,4,1,6,,
66;;;;;20638,,,,,,;;;a-b;A;Priisle - Balti jaam - Pelguranna;1234567z;;16505-1,16304-1,16105-1,16101-1,16012-1,16010-1,15802-1,15605-1,15603-1,15602-1,17601-1,17801-1,12803-1,12801-1,11806-1,10709-1,10701-1,16211-1,10603-1,21102-1,11003-1,08910-1,10001-1,10002-1,09901-1,09902-1,09606-1,09505-1,09501-1;
+331,+18,+17,+16,+16,+15,+15,+13,+14,+14,+14,+16,+18,+20,+20,+16,+17,+19,+20,+23,+24,+24,+24,+15,+19,+19,+22,+20,+20,+18,+18,+16,+16,+15,+14,+15,+15,+15,+16,+16,+18,+18,+20,+20,+23,+24,+25,+25,+25,+25,+25,+22,+26,+26,+26,+28,+28,-01067,+27,+26,+25,+24,+24,+20,+20,+22,+22,+23,+23,+20,+20,+22,+22,+22,+20,+20,+20,+22,+24,+24,+24,+22,+18,+18,+18,+20,+22,+20,+22,+22,+22,+22,+28,+28,+29,+28,+26,+28,+27,+27,+27,+27,+26,+26,-01069,+27,+26,+25,+24,+24,+20,+20,+22,+22,+23,+23,+20,+20,+22,+22,+22,+20,+20,+20,+22,+24,+24,+24,+22,+18,+18,+18,+20,+22,+20,+22,+22,+22,+22,+28,+28,+29,+28,+26,+28,+27,+27,+27,+27,+26,+26,,20638,,0,,12345,57,6,47,7,,1,,1,,1,7,6,38,4,,2,7,6,12,4,13,6,18,4,24,6,19,4,28,6,19,4,,1,4,6,3,4,12,6,13,4,38,6,4,4,43,6,4,4,,2,4,4,3,6,12,4,13,6,17,4,1,6,7,4,2,6,42,4,5,6,42,4,,1,4,6,49,4,11,6,6,4,23,6,7,4,1,6,3,4,7,6,6,4,23,6,7,4,1,6,,1,,1,45,4,4,6,,1,4,6,41,6,4,4,4,4,4,6,44,4,3,6,44,4,,2,74,6,19,4,28,6,19,4,,1,3,6,1,4,15,6,26,4,8,6,4,4,6,6,1,4,6,6,4,4,36,6,1,4,6,6,4,4,,1,19,4,13,6,12,4,1,6,25,4,4,6,43,4,4,6,,2,3,4,1,6,28,4,12,6,1,4,4,6,1,4,9,6,4,4,1,6,6,6,4,4,26,4,1,6,3,4,2,6,4,4,1,6,6,6,4,4,26,4,1,6,,1,3,6,1,4,28,6,12,4,1,6,4,4,1,6,3,4,10,6,1,4,36,6,1,4,9,6,1,4,36,6,1,4,,2,6,6,46,4,1,6,10,4,6,6,29,4,3,6,2,4,1,6,6,4,6,6,29,4,3,6,2,4,,2,4,6,28,4,3,6,10,4,4,6,4,4,10,6,7,4,4,6,18,4,1,6,7,4,10,6,7,4,4,6,18,4,1,6,7,4,,2,6,6,25,4,1,6,17,4,8,4,2,6,14,6,1,4,26,6,1,4,3,4,2,6,14,6,1,4,26,6,1,4,,3,3,6,1,4,1,6,26,6,1,4,2,6,1,4,17,4,1,6,3,4,2,6,12,6,3,4,19,6,1,4,7,4,2,4,1,6,2,6,12,6,3,4,19,6,1,4,7,4,2,4,1,6,,2,5,6,1,4,29,6,8,4,15,6,1,4,11,4,3,6,19,4,1,6,12,6,1,4,11,4,3,6,19,4,1,6,,1,4,6,13,4,13,6,1,4,3,6,1,4,8,6,5,4,1,6,1,4,20,6,23,4,8,6,2,4,14,6,23,4,8,6,2,4,,2,3,4,3,6,11,4,2,6,13,6,2,4,10,4,1,6,4,4,1,6,8,4,1,6,11,4,2,6,1,4,1,6,18,4,1,6,7,4,4,6,1,4,1,6,11,4,2,6,1,4,1,6,18,4,1,6,7,4,,1,3,6,1,4,1,6,1,4,11,6,2,4,11,6,4,4,1,6,8,4,1,6,1,4,25,6,2,4,20,6,1,4,24,6,2,4,20,6,1,4,,1,2,6,15,4,2,6,11,4,1,6,1,4,2,6,9,4,26,6,1,4,2,6,2,4,26,6,1,4,15,6,1,4,2,6,2,4,26,6,1,4,,1,33,6,1,4,23,4,1,6,10,6,1,4,35,4,1,6,10,6,1,4,,1,6,6,13,4,11,6,1,4,3,6,1,4,8,6,5,4,1,6,1,4,7,6,2,4,3,6,1,4,1,6,4,4,2,6,2,4,2,6,17,4,2,6,4,4,7,6,2,4,3,6,1,4,1,6,4,4,2,6,2,4,2,6,17,4,2,6,4,4,,1,4,6,2,4,25,6,3,4,1,6,8,4,5,6,1,4,1,6,1,4,12,6,1,4,9,6,1,4,36,6,1,4,9,6,1,4,,1,,
;;;;;;;;b-a;A;Pelguranna - Balti jaam - Priisle;1234567z;;09501-1,09601-1,09608-1,09707-1,09705-1,10201-1,10101-1,08909-1,11001-1,10902-1,21104-1,10503-1,16305-1,00175-1,10706-1,10708-1,10710-1,11805-1,12802-1,17802-1,15201-1,15308-1,14404-1,14407-1,14403-1,16009-1,16011-1,16201-1,16206-2,16403-1,16506-1;
+333,+18,+19,+18,+19,+18,+17,+18,+17,+15,+14,+14,+14,+16,+18,+19,+20,+16,+17,+17,+20,+23,+24,+24,+24,+15,+19,+19,+22,+20,+20,+18,+20,+15,+17,+16,+15,+15,+15,+15,+16,+16,+18,+18,+20,+19,+21,+23,+25,+25,+23,+24,+25,+22,+24,+25,+26,+28,-01043,+29,+28,+25,+24,+25,+21,+20,+22,+22,+23,+24,+21,+20,+22,+23,+22,+20,+20,+20,+22,+24,+24,+24,+22,+18,+18,+18,+20,+22,+20,+22,+22,+22,+22,+27,+27,+29,+28,+26,+27,+26,+27,+25,+27,+24,+26,-01070,+29,+28,+25,+24,+25,+21,+20,+22,+22,+23,+24,+21,+20,+22,+23,+22,+20,+20,+20,+22,+24,+24,+24,+22,+18,+18,+18,+20,+22,+20,+22,+22,+22,+22,+27,+27,+29,+28,+26,+27,+26,+27,+25,+27,+24,+26,,20638,,0,,12345,58,6,47,7,,0,69,6,23,4,24,6,23,4,,3,58,4,7,6,4,4,23,6,8,4,12,6,4,4,23,6,8,4,,0,4,6,8,4,20,6,12,4,14,6,34,4,8,6,39,4,8,6,,3,4,4,8,6,20,4,12,6,10,4,38,6,8,4,39,6,8,4,,1,4,6,49,4,1,6,38,4,8,6,39,4,8,6,,2,4,4,49,6,1,4,15,6,31,4,16,6,31,4,,2,4,6,42,4,7,4,1,6,14,6,1,4,22,4,1,6,4,4,4,6,4,4,1,6,10,6,1,4,22,4,1,6,4,4,4,6,4,4,,1,31,6,12,4,10,6,1,4,37,6,1,4,8,4,4,6,34,6,1,4,8,4,4,6,,1,4,6,39,6,1,4,20,6,4,4,36,4,1,6,6,6,4,4,36,4,,1,30,6,1,4,15,6,6,4,,2,4,6,48,4,10,6,2,4,4,6,23,4,13,6,1,4,4,6,2,4,4,6,23,4,13,6,,1,31,6,12,4,1,6,2,4,14,6,2,4,2,6,4,4,39,6,2,4,2,6,4,4,,1,4,4,7,6,21,6,12,4,,2,3,6,51,4,10,6,36,4,11,6,36,4,,2,3,4,1,6,27,6,1,4,10,4,2,6,9,4,7,6,43,4,4,6,43,4,,1,3,6,1,4,38,6,2,4,24,6,23,4,24,6,23,4,,1,11,6,41,4,6,6,2,4,2,6,2,4,41,6,2,4,2,6,2,4,,1,10,6,1,4,18,6,24,4,11,6,36,4,11,6,36,4,,1,3,6,8,6,18,4,29,4,2,6,35,4,5,6,5,4,2,6,35,4,5,6,,2,57,4,1,6,42,4,5,6,42,4,,1,3,6,48,4,6,6,1,4,2,6,39,4,1,6,5,4,2,6,39,4,1,6,,2,103,4,2,6,45,4,,1,60,4,1,6,46,4,1,6,,1,11,4,18,6,28,4,1,6,4,4,2,6,4,4,1,6,22,4,1,6,8,4,3,6,6,4,2,6,4,4,1,6,22,4,1,6,8,4,3,6,,2,12,6,17,4,13,4,2,6,1,4,1,6,16,6,2,4,4,6,1,4,21,4,1,6,1,4,8,6,4,4,1,6,4,6,2,4,4,6,1,4,21,4,1,6,1,4,8,6,4,4,,1,58,4,1,6,46,4,1,6,,2,10,6,2,4,17,6,15,4,1,6,1,4,21,6,1,4,1,6,22,4,12,4,1,6,10,6,1,4,1,6,22,4,12,4,1,6,,1,,1,28,6,1,4,32,6,1,4,2,6,3,4,1,6,1,4,39,6,1,4,2,6,3,4,1,6,1,4,,2,9,6,1,4,19,6,1,4,1,6,10,4,4,4,1,6,5,4,5,6,34,4,1,6,9,4,3,6,34,4,1,6,9,4,3,6,,
67;;;;;20661,,,,,,;;;a-b;A;Seli - Bussijaam - Sütiste;1234567z;;16601-1,16401-1,16207-1,16101-1,16008-1,16106-1,15702-1,15501-1,15202-1,15111-1,15105-1,11505-1,11609-1,12903-1,13104-1,13103-1,21203-2,12402-1,11103-1,11102-1,07809-1,07808-1,07806-1,07602-1,07708-1,07707-1,07701-1,02603-1,02702-1,02703-1,02403-1,02404-1,02904-1,02905-1,02902-1,02908-1;
+332,+17,+17,+16,+13,+12,+10,+12,+9,+10,+11,+12,+13,+13,+14,+13,+13,+13,+14,+15,+14,+14,+14,+13,+15,+14,+13,+13,+13,+14,+16,+15,+15,+14,+12,+15,+13,+15,+15,+15,+15,+13,+12,+11,+11,+11,+12,+12,+12,+13,+12,+13,+15,+15,+15,+15,+15,+15,+14,+14,+13,+13,+15,+14,+13,+15,+15,+14,+15,+13,+15,+16,+15,+18,+18,+17,+19,+21,+22,-01073,+25,+25,+22,+20,+21,+20,+20,+20,+19,+19,+19,+18,+19,+20,+21,+20,+18,+18,+17,+17,+17,+17,+16,+16,+17,+18,+18,+19,+19,+17,+17,+18,+18,+18,+18,+18,+18,+18,+18,+19,+19,+20,+19,+19,+18,+18,+18,+18,+18,+18,+18,+17,+17,+17,+18,+18,+19,+20,-01081,+25,+25,+22,+20,+21,+20,+20,+20,+19,+19,+19,+18,+19,+20,+21,+20,+18,+18,+17,+17,+17,+17,+16,+16,+17,+18,+18,+19,+19,+17,+17,+18,+18,+18,+18,+18,+18,+18,+18,+19,+19,+20,+19,+19,+18,+18,+18,+18,+18,+18,+18,+17,+17,+17,+18,+18,+19,+20,,20661,,0,,12345,79,6,59,7,,2,54,6,2,4,,1,8,6,46,4,2,6,17,4,18,6,29,4,30,6,29,4,,3,17,4,30,6,22,4,15,6,7,4,29,6,11,4,12,6,7,4,29,6,11,4,,1,5,6,2,4,1,6,51,4,10,6,15,4,10,6,28,4,9,6,12,4,10,6,28,4,9,6,,1,14,4,3,6,41,4,1,6,20,4,5,6,47,4,12,6,47,4,,1,3,6,2,4,2,6,1,4,6,6,42,4,2,6,11,4,10,6,5,4,1,6,35,4,2,6,21,4,1,6,35,4,2,6,,2,3,4,4,6,9,4,53,6,8,4,43,6,1,4,58,6,1,4,,1,4,6,3,4,9,6,4,4,34,6,11,4,12,6,2,4,6,6,34,4,2,6,10,4,13,6,34,4,2,6,10,4,,1,3,6,1,4,3,6,9,4,4,6,34,4,11,6,7,4,12,6,1,4,58,6,1,4,,1,,2,69,4,3,6,5,4,2,6,5,4,1,6,45,4,1,6,12,4,1,6,45,4,1,6,,1,5,6,3,6,8,4,4,4,25,6,2,6,8,4,11,4,3,6,3,4,11,6,2,4,5,6,36,4,16,6,2,4,5,6,36,4,,1,1,6,4,6,2,4,1,6,4,6,5,3,3,6,25,4,1,6,9,4,1,6,2,4,8,6,2,4,7,4,2,6,7,6,6,4,1,6,3,4,25,6,2,4,5,6,5,4,12,6,6,4,1,6,3,4,25,6,2,4,5,6,5,4,,2,1,4,3,6,1,4,2,6,1,4,1,6,3,4,5,6,1,4,23,6,6,4,1,6,5,4,2,6,1,4,2,6,7,4,10,6,2,4,2,6,5,4,3,6,4,4,3,6,25,4,2,6,5,4,5,6,3,4,4,6,5,4,3,6,4,4,3,6,25,4,2,6,5,4,5,6,3,4,,0,1,6,5,6,1,4,1,6,8,4,2,6,23,4,4,6,1,4,1,6,1,4,5,6,2,4,1,6,2,4,17,4,2,6,14,6,3,4,56,6,3,4,,4,1,4,4,6,36,6,13,4,1,6,1,4,6,4,3,6,1,4,2,6,2,4,14,6,7,4,3,6,22,4,3,6,3,4,4,6,2,4,5,4,1,6,3,6,1,4,5,6,7,4,3,6,22,4,3,6,3,4,4,6,2,4,5,4,1,6,3,6,,1,1,6,6,6,1,4,3,6,3,4,2,6,1,4,31,6,5,4,1,6,1,4,3,6,2,4,2,6,3,4,1,6,2,4,2,6,1,4,60,4,2,6,4,4,1,6,52,4,2,6,4,4,,2,8,6,3,4,3,6,2,4,1,6,1,4,28,6,2,4,5,6,1,4,2,6,1,4,2,4,1,6,3,4,2,6,5,4,1,6,8,4,2,6,35,6,3,4,19,4,2,6,35,6,3,4,,2,1,4,1,6,1,4,1,6,4,4,2,6,1,4,1,6,2,4,2,6,1,4,23,6,1,4,4,6,1,4,2,6,5,4,2,6,1,4,1,6,1,4,1,6,3,4,1,6,2,4,5,6,1,4,9,6,1,4,12,6,1,4,28,6,1,4,8,6,2,4,6,6,1,4,12,6,1,4,28,6,1,4,8,6,2,4,,2,1,6,1,4,1,6,5,6,2,4,1,6,1,4,2,6,1,4,29,6,1,4,8,6,2,4,19,4,1,6,5,4,3,6,1,4,1,6,8,4,1,6,22,4,3,6,3,4,1,6,8,4,2,6,1,4,4,6,1,4,3,6,1,4,1,6,8,4,1,6,22,4,3,6,3,4,1,6,8,4,2,6,1,4,,1,5,6,3,4,33,6,3,4,2,6,2,4,1,6,1,4,8,6,1,4,3,6,1,4,2,6,1,4,18,6,1,4,6,6,3,4,3,6,15,4,4,6,3,4,24,6,1,4,6,6,3,4,3,6,15,4,4,6,3,4,,1,8,6,6,4,1,6,1,4,1,6,2,4,16,6,5,4,5,6,1,4,2,6,1,4,1,6,3,4,2,6,3,4,1,6,1,4,3,6,1,4,26,6,1,4,3,6,3,4,15,6,1,4,9,6,1,4,26,6,1,4,3,6,3,4,15,6,1,4,9,6,1,4,,1,19,6,16,4,5,6,1,4,13,6,1,4,5,6,2,4,2,6,1,4,48,6,1,4,5,6,1,4,52,6,1,4,5,6,1,4,,1,16,6,1,4,24,6,4,4,1,6,2,4,5,6,1,4,60,6,1,4,5,6,1,4,2,6,4,4,1,6,1,4,2,6,1,4,41,6,1,4,5,6,1,4,2,6,4,4,1,6,1,4,2,6,1,4,,2,1,4,1,6,1,4,1,6,4,4,2,6,6,4,1,6,2,4,17,6,4,4,5,6,1,4,2,6,5,4,2,6,5,4,2,6,2,4,1,6,1,4,5,6,1,4,2,6,1,4,6,6,2,4,2,6,2,4,1,6,2,4,25,6,4,4,2,6,1,4,7,6,1,4,2,6,1,4,4,6,1,4,2,6,2,4,2,6,2,4,1,6,2,4,25,6,4,4,2,6,1,4,7,6,1,4,2,6,1,4,4,6,,1,1,6,1,4,1,6,1,4,1,6,5,4,4,6,1,4,1,6,1,4,2,6,17,4,4,6,5,4,1,6,11,4,1,6,1,4,1,6,3,4,1,6,1,4,1,6,4,4,2,6,1,4,2,6,6,4,2,6,1,4,3,6,1,4,2,6,25,4,4,6,1,4,2,6,4,4,1,6,1,4,2,6,1,4,2,6,4,4,1,6,2,4,2,6,1,4,3,6,1,4,2,6,25,4,4,6,1,4,2,6,4,4,1,6,1,4,2,6,1,4,2,6,4,4,,1,3,6,5,6,6,4,1,6,1,4,1,6,1,4,22,6,1,4,1,6,10,4,2,6,1,3,2,6,5,4,1,6,1,4,1,6,1,4,4,6,1,4,2,6,1,4,3,4,3,6,4,6,1,4,1,6,1,4,1,6,2,4,3,6,1,4,16,6,3,4,2,6,4,4,1,6,2,4,4,6,1,4,1,6,2,4,1,6,1,4,6,4,1,6,4,6,1,4,1,6,1,4,1,6,2,4,3,6,1,4,16,6,3,4,2,6,4,4,1,6,2,4,4,6,1,4,1,6,2,4,1,6,1,4,,1,2,6,1,4,15,6,1,4,17,6,4,4,1,6,1,4,3,6,1,4,7,6,1,4,1,6,2,4,2,6,1,4,2,6,1,4,1,6,1,4,14,6,1,4,2,6,1,4,2,6,1,4,1,6,1,4,3,6,2,4,1,6,16,4,19,4,1,6,8,6,1,4,2,6,1,4,2,6,1,4,1,6,1,4,3,6,2,4,1,6,16,4,19,4,1,6,,2,2,4,2,6,14,4,1,6,17,4,2,6,15,4,1,6,1,4,2,6,2,4,1,6,2,4,1,6,1,4,1,6,7,4,2,6,1,4,2,6,2,4,1,6,2,4,1,6,2,4,1,6,1,4,1,6,3,4,2,6,1,4,15,6,3,4,1,6,3,4,3,6,2,4,1,6,4,4,1,6,1,4,1,6,2,4,1,6,1,4,1,6,2,4,1,6,1,4,1,6,2,4,1,6,2,4,1,6,1,4,1,6,3,4,2,6,1,4,15,6,3,4,1,6,3,4,3,6,2,4,1,6,4,4,1,6,1,4,1,6,2,4,1,6,1,4,1,6,2,4,1,6,,2,2,6,36,4,1,6,2,4,1,6,28,4,5,6,1,4,3,6,1,4,2,6,1,4,2,6,3,4,1,6,4,4,1,6,15,4,3,6,8,4,1,6,4,4,1,6,1,4,1,6,1,4,2,6,1,4,1,6,1,4,2,6,1,4,1,6,1,4,2,6,1,4,2,6,3,4,1,6,4,4,1,6,15,4,3,6,8,4,1,6,4,4,1,6,1,4,1,6,1,4,2,6,1,4,1,6,1,4,2,6,1,4,,1,6,6,2,4,2,6,1,4,27,6,1,4,2,6,1,4,2,6,1,4,8,6,1,4,1,6,2,4,5,6,1,4,1,6,1,4,23,6,1,4,4,6,1,4,15,6,4,4,16,6,1,4,17,6,1,4,4,6,1,4,15,6,4,4,16,6,1,4,,1,3,6,1,4,1,6,1,4,2,6,2,4,1,6,4,4,1,6,1,4,1,6,1,4,17,6,2,4,4,6,2,4,1,6,8,4,4,6,1,4,1,6,1,4,8,6,1,4,3,6,1,4,11,6,1,4,2,6,1,4,3,6,2,4,1,6,15,4,7,6,1,4,3,6,1,4,4,6,1,4,10,4,1,6,6,6,1,4,2,6,1,4,3,6,2,4,1,6,15,4,7,6,1,4,3,6,1,4,4,6,1,4,10,4,1,6,,2,1,4,1,6,1,4,1,6,1,4,1,6,2,4,2,6,2,4,3,6,1,4,3,6,17,4,4,6,1,4,2,6,2,4,1,6,2,4,17,6,1,4,3,6,2,4,2,6,1,4,9,6,1,4,1,6,1,4,4,6,1,4,22,6,2,4,2,6,2,4,2,6,1,4,4,6,1,4,3,6,1,4,5,6,1,4,5,6,1,4,1,6,1,4,4,6,1,4,22,6,2,4,2,6,2,4,2,6,1,4,4,6,1,4,3,6,1,4,5,6,1,4,,0,1,6,14,4,1,6,24,4,1,6,2,4,1,6,3,4,1,6,17,4,1,6,3,4,2,6,2,4,1,6,11,4,1,6,44,4,1,6,13,4,1,6,44,4,1,6,,2,1,4,2,6,1,4,1,6,1,4,2,6,2,4,5,6,1,4,1,6,1,4,20,6,4,4,1,6,1,4,3,6,8,4,5,6,2,4,1,6,1,4,1,6,3,4,1,6,2,4,2,6,1,4,2,6,1,4,8,6,2,4,2,6,1,4,20,6,2,4,3,6,1,4,3,6,1,4,2,6,1,4,7,6,1,4,13,6,2,4,2,6,1,4,20,6,2,4,3,6,1,4,3,6,1,4,2,6,1,4,7,6,1,4,,
;;;;;;;;b-a;A;Sütiste - Bussijaam - Seli;1234567z;;02907-1,02909-1,02903-1,03001-1,03003-1,03004-1,02701-1,02602-1,07202-1,07001-1,07002-1,06902-1,06903-1,07807-1,08904-1,11201-1,12003-2,21204-1,12309-1,12301-1,13102-1,12904-1,11602-1,11506-1,15106-1,15203-1,15601-1,15801-1,16006-1,16201-1,16205-1,16402-1,16602-1;
+315,+22,+18,+16,+14,+13,+12,+12,+12,+11,+12,+12,+12,+12,+13,+12,+13,+12,+11,+12,+12,+12,+13,+13,+14,+13,+15,+18,+18,+16,+19,+19,+15,+15,+13,+15,+14,+15,+13,+13,+13,+11,+11,+11,+11,+11,+11,+12,+13,+12,+13,+12,+12,+13,+14,+13,+13,+13,+14,+14,+15,+14,+16,+16,+16,+16,+18,+18,+17,+16,+15,+14,+16,+16,+15,+15,+15,+17,+25,-01073,+26,+23,+23,+23,+23,+18,+18,+18,+17,+17,+17,+17,+18,+19,+18,+17,+19,+19,+19,+20,+19,+19,+18,+17,+16,+19,+18,+19,+18,+17,+17,+18,+19,+19,+19,+18,+18,+17,+18,+18,+17,+17,+18,+19,+19,+18,+19,+18,+18,+18,+17,+18,+18,+18,+21,+21,+23,+23,-01090,+26,+23,+23,+23,+23,+18,+18,+18,+17,+17,+17,+17,+18,+19,+18,+17,+19,+19,+19,+20,+19,+19,+18,+17,+16,+19,+18,+19,+18,+17,+17,+18,+19,+19,+19,+18,+18,+17,+18,+18,+17,+17,+18,+19,+19,+18,+19,+18,+18,+18,+17,+18,+18,+18,+21,+21,+23,+23,,20661,,0,,12345,79,6,59,7,,2,6,6,73,4,2,6,53,4,6,6,53,4,,2,3,6,3,4,2,6,15,4,12,6,28,4,69,4,2,6,57,4,2,6,,2,3,4,4,6,14,4,2,6,12,4,9,6,14,4,5,6,6,4,10,6,2,4,7,6,36,4,8,6,5,4,1,6,2,4,7,6,36,4,8,6,5,4,,1,6,6,1,4,5,6,1,4,8,6,1,4,13,6,9,4,5,6,9,4,28,6,2,4,57,6,2,4,,2,11,6,1,4,1,6,4,4,5,6,13,4,12,6,1,4,38,4,2,6,14,6,11,4,11,6,4,4,17,4,2,6,14,6,11,4,11,6,4,4,,2,11,6,4,4,2,6,1,4,30,6,1,4,9,6,1,4,20,4,2,6,7,4,2,6,44,4,3,6,1,4,2,6,7,4,2,6,44,4,3,6,,1,7,6,10,4,1,6,1,4,25,6,3,4,1,6,9,4,2,6,3,4,7,6,1,4,,1,2,6,8,6,1,4,12,4,12,6,9,4,1,6,2,6,1,4,7,4,2,6,1,4,4,6,6,4,2,6,3,4,6,6,2,4,6,6,15,4,11,6,9,4,12,6,3,4,1,6,2,4,6,6,15,4,11,6,9,4,12,6,3,4,,2,55,6,2,4,22,4,3,6,8,4,3,6,41,4,3,6,1,4,3,6,8,4,3,6,41,4,3,6,,1,2,4,3,6,67,4,1,6,19,6,1,4,58,6,1,4,,1,12,6,1,4,31,6,1,4,4,6,4,4,5,6,1,4,22,6,1,4,58,6,1,4,,1,9,6,1,4,1,6,1,4,1,6,3,4,1,6,1,4,1,6,1,4,3,6,12,4,6,6,3,4,2,6,1,4,6,6,2,4,4,6,4,4,16,6,2,4,5,6,1,4,3,6,2,4,10,6,11,4,9,6,2,4,4,6,1,4,9,6,2,4,5,6,1,4,3,6,2,4,10,6,11,4,9,6,2,4,4,6,1,4,,1,3,6,2,4,5,6,1,4,7,6,1,4,29,6,1,4,14,6,3,4,6,6,1,4,,2,3,4,2,7,4,4,1,6,3,6,1,4,4,4,2,6,1,4,17,6,3,4,4,6,1,4,1,6,1,4,1,6,4,4,2,6,3,4,10,6,1,4,3,4,1,6,40,6,1,4,23,4,1,6,34,6,1,4,23,4,,2,10,4,1,6,2,4,1,6,24,4,3,6,10,4,2,6,15,4,1,6,10,4,3,6,4,4,1,6,26,4,1,6,8,4,2,6,4,4,1,6,5,4,3,6,1,4,3,6,4,4,1,6,26,4,1,6,8,4,2,6,4,4,1,6,5,4,3,6,,2,9,6,2,4,1,6,2,4,24,6,3,4,3,6,1,4,6,6,2,4,15,6,1,4,,2,3,6,2,4,3,6,1,4,2,6,1,4,2,6,3,4,2,6,1,4,1,6,3,4,11,6,3,4,3,6,3,4,1,6,6,4,2,6,3,4,2,6,7,4,1,6,1,4,2,6,1,4,2,6,3,4,10,6,2,4,6,6,9,4,11,6,7,4,2,6,2,4,20,6,2,4,6,6,9,4,11,6,7,4,2,6,2,4,,1,5,6,3,4,1,6,2,4,1,6,2,4,3,6,2,4,1,6,1,4,3,6,11,4,9,6,1,4,3,6,1,4,2,6,4,4,1,6,2,4,7,6,1,4,1,6,1,4,2,6,1,4,4,6,2,4,8,4,1,6,58,4,1,6,,1,3,4,1,6,1,4,3,6,1,4,2,6,1,4,1,6,4,4,2,6,1,4,1,6,3,4,11,6,9,4,1,6,3,4,1,6,4,4,2,6,2,4,1,6,4,4,6,6,1,4,2,6,1,4,5,6,5,4,3,6,1,4,1,6,6,4,4,6,19,4,4,6,12,4,2,6,3,4,1,6,3,4,3,6,1,4,1,6,6,4,4,6,19,4,4,6,12,4,2,6,3,4,,0,5,6,3,4,1,6,2,4,1,6,1,4,1,6,2,4,1,6,2,4,1,6,1,4,3,6,11,4,4,6,6,4,1,6,1,4,1,6,1,4,4,6,2,4,2,6,2,4,3,6,6,4,1,6,8,4,5,6,5,4,3,6,7,4,5,6,11,4,3,6,6,4,2,6,5,4,3,6,2,4,3,6,1,4,3,6,5,4,3,6,7,4,5,6,11,4,3,6,6,4,2,6,5,4,3,6,2,4,3,6,,1,2,6,3,4,6,6,1,4,1,6,1,4,5,6,1,4,1,6,1,4,16,6,1,4,6,6,1,4,1,6,1,4,1,6,4,4,2,6,2,4,2,6,1,4,21,6,1,4,5,6,3,4,3,6,9,4,11,6,4,4,5,6,2,4,5,6,2,4,9,6,1,4,5,6,3,4,3,6,9,4,11,6,4,4,5,6,2,4,5,6,2,4,,2,2,4,2,6,5,6,2,4,1,6,1,4,1,6,1,4,1,6,3,4,3,6,16,4,5,6,2,4,1,6,2,6,1,4,6,4,2,6,1,4,2,6,2,4,13,4,2,6,4,4,1,7,3,4,1,6,1,4,5,6,1,4,10,6,10,4,4,6,4,4,8,4,2,6,9,4,1,7,3,4,1,6,1,4,5,6,1,4,10,6,10,4,4,6,4,4,8,4,2,6,,2,4,6,4,6,1,4,11,6,1,4,18,6,4,4,3,6,8,4,1,6,1,4,6,6,1,4,7,4,1,4,1,6,1,4,2,6,7,6,48,4,2,4,2,6,7,6,48,4,2,4,2,6,,1,3,6,1,4,1,6,3,4,1,6,8,4,1,6,2,4,1,6,18,4,5,6,11,4,1,6,1,4,1,6,1,4,4,6,7,4,1,6,1,4,13,6,1,4,1,6,5,4,1,6,10,4,10,6,4,4,4,6,7,4,1,6,1,4,2,6,2,4,10,6,1,4,1,6,5,4,1,6,10,4,10,6,4,4,4,6,7,4,1,6,1,4,2,6,2,4,,2,3,4,1,6,1,4,2,6,2,4,2,6,3,4,1,6,1,4,1,6,1,4,2,6,1,4,18,6,5,4,1,6,3,4,1,6,1,4,4,6,2,4,1,6,1,4,1,6,4,4,3,6,1,4,1,6,1,4,1,6,1,4,2,6,4,4,2,6,8,4,3,6,3,4,2,6,19,4,3,6,5,4,2,6,8,4,2,6,12,4,3,6,3,4,2,6,19,4,3,6,5,4,2,6,8,4,2,6,,1,3,6,4,4,2,6,2,4,3,6,1,4,1,6,4,4,1,6,18,4,4,6,2,4,1,6,1,4,1,6,1,4,1,6,4,4,1,6,7,4,1,6,3,4,1,6,1,4,1,6,1,4,2,6,1,4,4,6,2,4,5,6,1,4,2,6,3,4,1,6,4,4,7,6,11,4,1,6,6,4,2,6,2,4,8,6,2,4,9,6,1,4,2,6,3,4,1,6,4,4,7,6,11,4,1,6,6,4,2,6,2,4,8,6,2,4,,1,7,6,2,4,2,6,3,4,1,6,1,4,4,6,1,4,18,6,4,4,2,6,1,4,1,6,1,4,1,6,1,4,4,6,1,4,7,6,1,4,7,6,1,4,10,6,3,4,2,6,1,4,10,6,5,4,18,6,2,4,6,6,1,4,1,6,2,4,8,6,3,4,2,6,1,4,10,6,5,4,18,6,2,4,6,6,1,4,1,6,2,4,,2,4,4,1,6,2,4,2,6,2,4,3,6,1,4,1,6,4,4,1,6,18,4,5,6,1,4,1,6,1,4,1,6,1,4,1,6,4,4,1,6,6,4,2,6,7,4,1,6,1,4,1,6,4,4,1,6,3,4,4,6,1,4,1,6,10,4,5,6,18,4,2,6,6,4,1,6,1,4,2,6,1,4,1,6,6,4,4,6,1,4,1,6,10,4,5,6,18,4,2,6,6,4,1,6,1,4,2,6,1,4,1,6,,2,4,6,1,4,2,6,2,4,2,6,3,4,25,6,5,4,1,6,1,4,1,6,1,4,1,6,1,4,11,6,1,4,16,4,1,6,18,6,5,4,18,6,1,4,11,4,1,6,4,4,1,6,18,6,5,4,18,6,1,4,11,4,1,6,4,4,,1,5,6,2,4,2,6,2,4,4,6,2,4,3,6,1,4,17,6,1,4,5,6,1,4,1,6,1,4,1,6,1,4,1,6,5,4,1,6,1,4,5,6,2,4,14,6,1,4,4,6,2,4,8,6,4,4,16,6,3,4,5,6,7,4,4,6,1,4,4,6,1,4,4,6,2,4,8,6,4,4,16,6,3,4,5,6,7,4,4,6,1,4,4,6,,2,5,4,2,6,2,4,2,6,5,4,1,6,3,4,1,6,17,4,1,6,7,4,1,6,7,4,1,6,1,4,1,6,5,4,2,6,11,4,2,6,1,4,1,6,4,4,2,6,8,4,4,6,16,4,3,6,6,4,6,6,4,4,1,6,4,4,1,6,4,4,2,6,8,4,4,6,16,4,3,6,6,4,6,6,4,4,1,6,4,4,,1,2,6,1,4,1,6,3,4,1,6,7,4,1,6,2,4,2,6,1,4,12,6,11,4,1,6,3,4,1,6,2,4,3,6,1,4,1,6,4,4,2,6,9,4,1,6,1,4,2,6,4,4,4,6,2,4,1,6,1,4,3,6,1,4,1,6,5,4,5,6,18,4,2,6,7,4,1,6,4,4,3,6,1,4,4,6,2,4,1,6,1,4,3,6,1,4,1,6,5,4,5,6,18,4,2,6,7,4,1,6,4,4,3,6,,
73;;;;;20332,,,,,,;;;a-b;A;Vana-Lõuna - Viru - Kopli liinid;1234567z;;11314-1,13201-1,13202-1,12502-1,12601-1,12004-1,21207-1,12209-1,10603-1,10604-1,10611-1,10613-1,10615-1,09812-1,09809-1,09807-1,00158-1,00155-1,00157-1;
+313,+21,+21,+16,+13,+12,+11,+10,+10,+10,+12,+12,+12,+12,+12,+13,+13,+13,+13,+13,+13,+15,+16,+16,+17,+17,+17,+18,+19,+19,+19,+19,+18,+18,+18,+18,+18,+14,+13,+13,+14,+14,+13,+13,+14,+13,+13,+13,+14,+14,+15,+15,+15,+16,+16,+17,+17,+19,+19,+19,+19,+19,+19,+19,+19,+19,+19,+21,+21,+22,+22,-01028,+30,+23,+23,+23,+23,+23,+23,+23,+23,+18,+16,+16,+16,+16,+16,+16,+16,+16,+16,+16,+16,+16,+16,+16,+16,+16,+16,+20,+20,+16,+16,+16,+16,+16,+16,+16,+16,+16,+16,+16,+16,+18,+24,+24,+23,+25,+24,+23,+25,+24,+23,+25,+30,-01024,+30,+23,+23,+23,+23,+23,+23,+23,+23,+18,+16,+16,+16,+16,+16,+16,+16,+16,+16,+16,+16,+16,+16,+16,+16,+16,+16,+20,+20,+16,+16,+16,+16,+16,+16,+16,+16,+16,+16,+16,+16,+18,+24,+24,+23,+25,+24,+23,+25,+24,+23,+25,+30,,20332,,0,,12345,71,6,54,7,,2,4,6,6,6,46,4,10,4,14,6,29,4,25,6,29,4,,1,4,4,3,6,3,4,33,6,9,4,4,6,6,4,4,6,14,4,29,6,25,4,29,6,,1,4,6,3,4,3,6,33,4,4,6,13,4,2,6,4,4,7,6,45,4,9,6,45,4,,2,3,6,1,4,1,6,5,6,10,4,15,6,8,6,1,6,2,6,1,4,4,4,4,4,1,4,4,6,1,4,1,4,18,6,29,4,25,6,29,4,,2,3,4,1,6,1,4,2,6,36,6,1,4,,1,5,6,13,4,2,6,23,4,1,6,8,4,9,6,5,4,,2,5,4,1,6,37,6,1,4,2,6,9,4,1,6,4,4,1,4,1,6,,2,5,6,1,4,3,6,1,6,3,4,29,6,1,4,10,4,2,6,1,4,4,6,2,4,4,6,1,4,11,6,42,4,12,6,42,4,,2,5,4,1,6,3,4,9,6,2,4,15,6,7,4,1,6,9,4,1,6,8,4,1,6,4,4,1,6,3,4,50,6,1,4,53,6,1,4,,1,5,6,1,4,3,6,9,4,2,6,23,4,1,6,7,4,1,6,1,4,8,6,1,4,4,6,1,4,3,6,1,4,1,6,48,4,1,6,4,4,1,6,48,4,1,6,,1,8,6,1,4,9,6,2,4,23,6,1,4,27,6,1,4,53,6,1,4,,1,18,4,2,6,51,4,1,6,46,4,2,6,1,4,5,6,46,4,2,6,1,4,,1,8,4,1,6,57,4,1,6,50,4,1,6,53,4,1,6,,1,72,4,1,6,53,4,1,6,,0,3,6,2,4,1,6,37,4,1,6,8,4,1,6,8,4,1,6,3,4,1,6,4,4,1,6,,3,3,4,1,6,1,6,1,4,7,6,7,4,23,6,1,4,3,6,4,4,1,6,1,4,14,4,3,6,1,4,1,6,46,4,8,6,46,4,,1,8,6,1,4,1,6,3,4,14,6,8,4,10,6,1,4,19,6,1,4,5,6,1,4,46,6,2,4,1,6,5,4,46,6,2,4,1,6,,1,27,4,8,6,10,4,1,6,19,4,1,6,5,4,1,6,46,4,2,6,1,4,5,6,46,4,2,6,1,4,,
;;;;;;;;b-a;A;Kopli liinid - Viru - Vana-Lõuna;1234567z;;00157-1,00156-1,09502-1,09806-1,09808-1,09811-1,10616-1,10614-1,10612-1,10605-1,10503-1,12103-1,12101-2,12403-1,16018-1,12607-1,13302-1,13301-1,00011-1,11315-1;
+318,+21,+21,+21,+18,+14,+12,+12,+12,+11,+12,+13,+13,+13,+12,+12,+13,+13,+12,+12,+13,+14,+16,+16,+16,+17,+17,+17,+18,+19,+19,+19,+19,+18,+18,+18,+18,+18,+14,+13,+13,+14,+14,+14,+14,+14,+14,+14,+13,+14,+14,+14,+14,+14,+14,+15,+15,+17,+18,+19,+19,+19,+19,+19,+18,+18,+18,+18,+19,+21,+22,-01069,+30,+31,+31,+25,+23,+23,+23,+23,+24,+23,+24,+18,+16,+16,+16,+16,+16,+16,+16,+16,+16,+16,+16,+16,+16,+16,+16,+16,+16,+20,+20,+16,+16,+16,+16,+16,+16,+16,+16,+15,+16,+16,+16,+18,+24,+24,+23,+25,+22,+23,+25,+23,+22,+25,-01055,+30,+31,+31,+25,+23,+23,+23,+23,+24,+23,+24,+18,+16,+16,+16,+16,+16,+16,+16,+16,+16,+16,+16,+16,+16,+16,+16,+16,+16,+20,+20,+16,+16,+16,+16,+16,+16,+16,+16,+15,+16,+16,+16,+18,+24,+24,+23,+25,+22,+23,+25,+23,+22,+25,,20332,,0,,12345,71,6,55,7,,2,,2,1,6,59,4,13,6,40,4,15,6,40,4,,3,1,4,6,6,37,6,5,4,6,4,5,6,13,4,40,6,15,4,40,6,,1,55,6,5,4,23,6,30,4,25,6,30,4,,1,3,6,4,4,4,6,7,4,10,6,16,4,5,6,3,4,,1,,0,1,6,2,4,4,6,4,4,7,6,10,4,16,6,5,4,3,6,3,4,5,6,6,4,11,6,6,4,30,6,4,4,15,6,6,4,30,6,4,4,,2,1,4,2,6,4,4,4,6,7,4,10,6,16,4,5,6,3,4,3,6,5,4,6,6,5,4,2,6,4,4,6,6,30,4,4,6,5,4,6,6,4,4,6,6,30,4,4,6,5,4,,1,1,6,2,4,4,6,4,4,7,6,10,4,15,6,1,6,5,4,6,4,5,6,6,4,5,6,2,4,4,6,6,4,30,6,4,4,5,6,6,4,4,6,6,4,30,6,4,4,5,6,,2,1,4,2,6,4,4,3,6,28,6,4,6,1,4,7,4,14,4,2,6,5,4,6,6,45,4,10,6,45,4,,1,1,6,2,4,2,6,2,6,3,4,1,6,7,4,10,6,10,4,5,6,1,6,2,4,3,6,2,4,2,4,24,4,3,6,3,6,30,4,8,4,1,6,10,4,3,6,3,6,30,4,8,4,1,6,,1,3,6,4,4,3,6,1,4,7,6,10,4,10,6,5,4,3,6,3,4,2,6,1,4,1,6,6,4,19,6,5,4,30,6,1,4,19,6,5,4,30,6,1,4,,1,28,6,10,4,6,6,2,4,3,6,2,4,8,6,1,4,23,6,30,4,8,6,1,4,16,6,30,4,8,6,1,4,,3,1,4,4,6,2,6,11,4,21,6,5,4,2,6,3,4,10,4,1,6,6,4,6,6,6,4,2,6,30,4,3,6,8,4,6,6,6,4,2,6,30,4,3,6,8,4,,0,1,6,43,6,2,4,3,6,1,4,8,4,1,6,13,4,1,6,7,4,30,6,3,4,1,6,3,4,4,6,6,4,1,6,7,4,30,6,3,4,1,6,3,4,4,6,,1,3,6,2,4,3,6,2,4,1,6,4,4,9,6,4,4,10,6,1,4,4,6,1,4,2,6,3,4,1,6,1,4,1,6,1,4,5,6,1,4,9,4,2,6,10,6,32,4,23,6,32,4,,1,6,6,1,4,11,6,6,4,42,4,2,6,2,4,1,6,,1,71,4,1,6,50,4,5,6,50,4,,1,5,6,1,4,4,6,1,4,17,6,10,4,3,6,2,4,1,6,2,4,5,6,1,4,1,6,2,4,57,6,1,4,54,6,1,4,,
91;;;;;-25569,,,,,45474,;1,0;;a-b;A;ÖÖ Balti jaam - Mustamäe;67z;;21105-6,10503-1,12103-1,12101-2,12401-1,11103-1,11102-1,07805-1,07802-1,07601-1,07705-1,02302-1,02501-1,02403-1,02404-1,02904-1,02802-1,03501-1;
+1470,+30,+30,+30,+30,+30,+30,-0180,+30,+30,+30,+30,+30,+30,,19905,,0,,6,7,7,,2,,2,,1,,1,,2,,1,,2,1,6,1,4,,1,1,4,1,6,,1,,1,,2,,1,,2,,0,1,6,1,4,5,6,3,4,,1,1,4,1,6,5,4,3,6,,2,,1,,
;;;;;;;;b-a;A;ÖÖ Mustamäe - Balti jaam;67z;;03501-1,03405-1,03401-1,03304-1,02402-1,02601-1,02301-1,07704-1,07801-1,07804-1,08904-1,11201-1,12605-1,10904-1,10902-1,21104-1,21105-7;
+1462,+31,+30,+30,+30,+30,-0150,+30,+30,+30,+30,+30,,19905,,0,,6,6,7,,1,1,4,,1,,1,,1,,2,,2,,1,,1,,2,,1,,1,,2,,1,,1,,1,,0,,
92;;;;;;;;a-b;A;ÖÖ Balti jaam - Väike-Õismäe;67z;;21105-5,10503-1,12103-1,12101-2,12401-1,11103-1,11102-1,08905-1,08901-1,07902-1,08602-1,08802-1,08801-1,00309-1,00308-2,01004-1,00911-1,00801-1,01301-1,01401-1,01102-1;
+1470,+30,+30,+30,+30,+30,+30,-0180,+30,+30,+30,+30,+30,+30,,19905,,0,,6,7,7,,2,,2,,1,,1,,2,,1,,2,,1,,1,,1,,1,,1,,1,,1,,2,,1,,1,,1,,1,,1,,
;;;;;;;;b-a;A;ÖÖ Väike-Õismäe - Balti jaam;67z;;01102-1,01001-1,00903-1,00701-1,00702-1,08701-1,08702-1,08601-1,07901-1,07905-1,08903-1,08904-1,11201-1,12605-1,10904-1,10902-1,21104-1,21105-7;
+1466,+30,+30,+30,+30,+30,-0150,+30,+30,+30,+30,+30,,19905,,0,,6,6,7,,0,,1,,2,,1,,1,,1,,1,,1,,1,,1,,1,,1,,1,,2,,1,,0,,1,,
93;;;;;-25569,,,,,45872,;;;a-b;A;ÖÖ Balti jaam - Pelguranna;67z;;21105-4,10503-1,12103-1,12101-2,12402-1,12405-1,10904-1,11003-1,10006-1,10008-1,09903-1,09901-1,09902-1,09606-1,09401-1,09402-1,09502-1,09503-1,09504-1,09505-1,09501-1;
+1470,+30,+30,+30,+30,+30,+30,-0180,+30,+30,+30,+30,+30,+30,,20303,,0,,6,7,7,,2,,2,,1,,2,,1,,1,,2,,1,,1,,1,,2,,1,,1,,1,,0,,2,,0,,1,,0,,1,,
;;;;;;;;b-a;A;ÖÖ Pelguranna- Balti jaam;67z;;09501-1,09601-1,09605-1,09603-1,09604-1,09607-1,10202-1,10201-1,10101-1,08909-1,11001-1,10901-1,10902-1,21104-1,21105-7;
+1466,+30,+30,+30,+30,+30,-0150,+30,+30,+30,+30,+30,,20303,,0,,6,6,7,,1,,1,,1,,1,,1,,1,,1,,1,,2,,0,,1,,1,,1,,0,,
94;;;;;-25569,,,,,45809,;;;a-b;A;ÖÖ Balti jaam - Priisle;67z;;21105-3,10905-1,12605-1,12001-1,21201-1,12305-2,11402-1,11502-1,11507-1,15106-1,15203-1,15601-1,15801-1,16006-1,16201-1,16206-2,16403-1,16506-1;
+1470,+30,+30,+30,+30,+30,+30,-0180,+30,+30,+30,+30,+30,+30,,20240,,0,,6,7,7,,3,,1,,2,,0,,2,,2,,2,,0,,2,,2,,1,,1,,2,,1,,1,,1,,2,,
;;;;;;;;b-a;A;ÖÖ Priisle - Balti jaam;67z;;16506-1,16502-1,16801-1,17001-1,16907-1,16008-1,16106-1,15702-1,15501-1,15202-1,15111-1,15105-1,11508-1,11501-1,11401-1,12220-1,21210-1,12402-1,12405-1,10904-1,10902-1,21104-1,21105-7;
+1466,+30,+30,+30,+30,+30,-0150,+30,+30,+30,+30,+30,,20240,,0,,6,6,7,,0,,2,,1,,1,,2,,0,,2,,1,,1,,1,,1,,1,,1,,2,,1,,1,,2,,1,,1,,0,,1,,1,,
95;;;;;-25569,,,,,46169,;;;a-b;A;ÖÖ Balti jaam - Viimsi keskus;67z;;21105-1,10905-1,12605-1,12001-1,21204-1,12309-1,00182-1,00188-1,11903-2,11803-2,11805-1,00152-1,12702-1,12704-1,12705-1,17902-1,17909-1,17908-1,18502-1,18506-1,18508-1,18901-1,18808-1,18802-1,18807-1,18806-1,20814-1,20802-1,23650-1,23682-1;
+1470,+30,+30,+30,+30,+30,+30,-0180,+30,+30,+30,+30,+30,+30,,20600,,0,,6,7,7,,2,,2,,1,,1,,2,,1,,0,,3,,1,,0,,1,,1,,1,,0,,1,,1,,0,,1,,1,,1,,1,,1,,1,,1,,0,,1,,2,,0,,1,,
;;;;;;;;b-a;A;ÖÖ Viimsi keskus - Balti jaam;67z;;23682-1,20823-1,18805-1,18803-1,18801-1,18804-1,18510-1,18507-1,18505-1,18501-1,17907-1,17901-1,12706-1,12703-1,12701-1,11807-1,11804-1,11802-1,10702-1,00189-1,00183-1,12307-1,21203-2,12402-1,12405-1,10904-1,10902-1,21104-1,21105-7;
+1470,+30,+30,+30,+30,+30,-0150,+30,+30,+30,+30,+30,,20600,,0,,6,6,7,,1,,2,,1,,0,,1,,1,,1,,1,,1,,1,,0,,1,,1,,1,,1,,1,,0,,2,,1,,1,,1,,2,1,4,5,6,1,4,,1,1,6,5,4,1,6,,1,,1,,1,,1,1,4,5,6,1,4,,0,1,6,5,4,1,6,,
96;;;;;-25569,,,,,45474,;;;a-b;A;ÖÖ Balti jaam - Vana-Pääsküla;67z;;21105-2,10503-1,12103-1,12101-2,12403-1,12603-1,11303-1,07408-1,07403-1,07405-1,06803-1,06802-1,06401-1,06409-1,06411-1,05902-1,05904-1,05905-1,05906-1,05402-1,05405-1,04702-1,05006-1,05002-1,05004-1,04104-1,04607-1,04604-1,04405-1,04402-1;
+1470,+30,+30,+30,+30,+30,+30,-0180,+30,+30,+30,+30,+30,+30,,19905,,0,,6,7,7,,2,,2,,1,,1,,1,,2,,1,,1,,1,,1,,1,,2,,1,,0,,1,,1,,0,,1,,5,,1,,1,,1,,1,,1,,1,,1,,1,,1,,1,,
;;;;;;;;b-a;A;ÖÖ Vana-Pääsküla - Balti jaam;67z;;04402-1,04401-1,04510-1,04301-1,04303-1,04201-1,05103-1,05101-1,05202-1,05601-1,05704-1,05701-1,05706-1,06303-1,06406-1,06402-1,06801-1,07404-1,07401-1,07301-1,11302-2,12601-1,12005-1,21207-1,12209-1,10603-1,21105-7;
+1476,+30,+30,+30,+30,+30,-0151,+31,+30,+30,+30,+30,,19905,,0,,6,6,7,,0,6,6,1,4,,1,,2,,0,,1,,1,,1,,1,,1,,1,,1,,0,,1,,1,,1,,2,,1,,0,,1,,2,,2,,0,,2,,1,,2,,2,,
T1;;;tram;;20666,,,,,,;1,7;;a-b;A;Kopli - Kadriorg;1234567z;;09005-1,09002-1,09109-1,09103-1,09106-1,09804-1,09802-1,10404-1,10401-1,10803-1,10802-1,21101-1,10501-1,10601-1,10507-1,12104-1,12222-1,10704-1,11902-1,11901-1;
+310,+24,+24,+21,+16,+16,+15,+12,12,+10,+11,10,+10,+10,+10,+10,11,+12,13,+13,+12,+13,+13,13,+13,13,+13,+13,+13,13,+13,13,+13,+13,+13,13,+13,13,+13,+13,+12,12,+11,10,+10,+10,+10,+10,+10,10,+10,10,+10,+10,+10,+10,+10,10,+10,10,+10,+10,+11,+13,13,+13,14,+13,+15,+13,15,+14,15,+14,+16,+16,15,17,+17,+17,21,21,+21,+22,23,-01093,+24,+24,+22,+22,+23,+19,+16,+17,+16,+15,+15,+15,+16,+15,+15,+14,+14,+14,+14,+14,+14,+14,+14,+14,+14,+14,+14,+14,+14,+14,+14,+14,+14,+14,+14,+14,+14,+14,+14,+14,+14,+14,+14,+14,+14,+14,+15,+15,+16,+16,+16,+16,+16,+16,+16,+16,+16,+16,+16,+16,+16,+17,+20,+20,+23,+23,+22,+22,-01093,+24,+24,+22,+22,+23,+19,+16,+17,+16,+15,+15,+15,+16,+15,+15,+14,+14,+14,+14,+14,+14,+14,+14,+14,+14,+14,+14,+14,+14,+14,+14,+14,+14,+14,+14,+14,+14,+14,+14,+14,+14,+14,+14,+14,+14,+14,+15,+15,+16,+16,+16,+16,+16,+16,+16,+16,+16,+16,+16,+16,+16,+17,+20,+20,+23,+23,+22,+22,,20666,,0,,12345,85,6,69,7,,0,,1,,1,6,6,73,4,18,6,51,4,18,6,51,4,,2,6,4,73,6,18,4,51,6,18,4,51,6,,2,,1,,1,6,6,73,4,18,6,51,4,18,6,51,4,,2,6,4,73,6,18,4,51,6,18,4,51,6,,1,,1,,1,5,6,74,4,18,6,51,4,18,6,51,4,,1,79,6,5,4,64,6,5,4,64,6,5,4,,2,83,4,1,6,64,4,5,6,64,4,5,6,,1,6,6,72,4,11,6,63,4,6,6,63,4,,1,5,6,1,4,72,6,6,4,68,6,1,4,68,6,1,4,,3,,2,2,6,76,4,9,6,65,4,4,6,65,4,,2,5,4,1,6,,1,12,4,66,6,1,4,6,6,8,4,61,6,8,4,,
;;;;;;;;b-a;A;Kadriorg - Kopli;1234567z;;11901-1,11801-1,10703-1,12223-1,12210-1,10508-1,10602-1,10502-1,10801-1,10403-1,10804-1,10402-1,10405-1,09803-1,09805-1,09107-1,09105-1,09108-1,09003-1,09007-2;
+320,+20,+23,+25,+21,+17,+17,+14,+13,11,+10,+11,10,+10,+11,+10,+10,11,+12,13,+13,+13,+13,+13,13,+13,13,+13,+13,+13,13,+13,13,+13,+13,+13,13,+13,12,+13,+13,+12,12,+10,10,+10,+10,+10,+10,+10,10,+10,10,+10,+10,+10,+10,+10,10,+10,10,+10,+10,+12,+13,13,+13,14,+14,+14,+14,14,+14,15,+15,+15,+15,16,16,+16,+17,20,21,+22,+21,21,-01090,+23,+23,+23,+23,+22,+20,+16,+16,+16,+16,+16,+16,+15,+15,+15,+15,+14,+14,+14,+14,+14,+14,+14,+14,+14,+14,+14,+14,+14,+14,+14,+14,+14,+14,+14,+14,+14,+14,+14,+14,+14,+14,+14,+14,+14,+14,+15,+15,+15,+16,+16,+16,+16,+16,+16,+16,+16,+16,+16,+17,+16,+16,+18,+21,+22,+23,+21,+21,-01090,+23,+23,+23,+23,+22,+20,+16,+16,+16,+16,+16,+16,+15,+15,+15,+15,+14,+14,+14,+14,+14,+14,+14,+14,+14,+14,+14,+14,+14,+14,+14,+14,+14,+14,+14,+14,+14,+14,+14,+14,+14,+14,+14,+14,+14,+14,+15,+15,+15,+16,+16,+16,+16,+16,+16,+16,+16,+16,+16,+17,+16,+16,+18,+21,+22,+23,+21,+21,,20666,,0,,12345,86,6,69,7,,1,,2,7,6,66,4,25,6,46,4,23,6,46,4,,3,2,6,3,6,2,4,78,4,3,6,10,4,1,6,55,4,3,6,10,4,1,6,55,4,,2,5,4,2,6,76,4,2,6,3,4,1,6,63,4,2,6,3,4,1,6,63,4,2,6,,1,50,6,16,4,,1,3,6,82,4,3,6,11,4,53,6,2,4,3,6,11,4,53,6,2,4,,1,5,6,2,4,42,6,1,4,94,6,8,4,61,6,8,4,,1,4,6,1,4,2,6,42,4,1,6,33,4,16,6,45,4,24,6,45,4,,1,49,6,1,4,37,6,1,4,10,6,1,4,57,6,1,4,10,6,1,4,,1,49,4,1,6,,2,3,4,46,6,1,4,33,6,1,4,1,6,2,4,1,6,1,4,63,6,1,4,1,6,2,4,1,6,1,4,63,6,1,4,1,6,,1,3,6,1,4,1,6,2,4,59,6,1,4,17,6,1,4,4,6,9,4,46,6,8,4,1,6,1,4,4,6,9,4,46,6,8,4,1,6,1,4,,1,4,6,1,4,2,6,59,4,1,6,16,4,4,6,1,4,10,6,46,4,12,6,1,4,10,6,46,4,,2,4,4,1,6,14,4,1,6,29,4,1,6,37,4,1,6,10,4,1,6,57,4,1,6,10,4,1,6,,2,84,4,1,6,68,4,1,6,68,4,1,6,,1,4,6,1,4,14,6,1,4,64,6,1,4,68,6,1,4,68,6,1,4,,1,49,6,1,4,,1,,1,4,4,1,6,14,4,1,6,29,4,1,6,34,4,1,6,68,4,1,6,68,4,1,6,,
;;;;;;;;a-dp;A;Kopli - Pärnu mnt depoo;1234567z;;09005-1,09002-1,09109-1,09103-1,09106-1,09804-1,09802-1,10404-1,10401-1,10803-1,10802-1,21101-1,10501-1,10601-1,10507-1,12104-1,12102-1,12007-1,12604-1,11305-1;
+540,+541,+237,+142,-020,+0,,20666,,0,,12345,4,6,1,7,,0,,1,,2,2,4,,1,,2,,1,,2,,1,,1,,1,,2,2,4,,1,2,6,1,4,,2,,2,2,4,,1,2,6,1,4,,2,2,4,,2,3,4,1,6,,1,,3,1,4,1,6,1,4,,
;;;;;;;;dp-a;A;Pärnu mnt depoo - Kopli;1234567z;;11302-1,12602-1,12006-1,21208-1,12210-1,10508-1,10602-1,10502-1,10801-1,10403-1,10804-1,10402-1,10405-1,09803-1,09805-1,09107-1,09105-1,09108-1,09003-1,09007-2;
+348,+120,+414,-0577,+40,-040,+40,,20666,,0,,12345,3,6,2,7,,2,3,4,,1,1,6,3,4,1,6,1,4,,2,,2,,1,,1,1,6,2,4,,1,,1,1,6,2,4,,1,,1,,2,1,4,2,6,,1,,1,1,6,2,4,,2,,2,,1,,1,,1,,1,,
;;;;;20666,,,,,-46235,;;;dp-b;A;Pärnu mnt depoo - Kadriorg;12345z;;11302-1,12602-1,12006-1,21208-1,12222-1,10704-1,11902-1,11901-1;
+306,,20666,,0,,12345,,1,,2,,2,,2,,2,,2,,1,,
T2;;;;;20666,,,,,,;;;a-b;A;Kopli - Lennujaam;1234567z;;09005-1,09002-1,09109-1,09103-1,09106-1,09804-1,09802-1,10404-1,10401-1,10803-1,10802-1,21101-1,10501-1,10601-1,12229-1,12227-1,12226-1,12231-1,12303-1,11707-1,11606-2,14804-1,14806-1,14902-1,13511-1,13513-1;
+300,+23,+21,+22,+21,+17,+13,+15,+13,+10,+11,+10,+10,+10,+10,+10,+11,+10,+13,+13,+13,+13,+13,+13,+13,+13,+13,+13,+13,+13,+13,+13,+13,+13,+13,+13,+13,+13,+13,+13,+13,+12,+11,+10,+10,+10,+10,+10,+10,+10,+10,+10,+10,+10,+10,+10,+10,+10,+10,+10,+10,+11,+11,+12,+12,+13,+14,+13,+14,+14,+15,+13,+15,+14,+15,+15,+15,+16,+18,+18,+18,+22,+22,+22,+22,+22,-01115,+24,+24,+22,+23,+23,+18,+18,+17,+15,+16,+16,+15,+16,+15,+15,+14,+14,+14,+14,+14,+14,+14,+14,+14,+14,+14,+14,+14,+14,+14,+14,+14,+14,+14,+14,+14,+14,+14,+14,+14,+14,+14,+15,+14,+14,+14,+15,+15,+15,+15,+16,+16,+16,+16,+16,+16,+16,+16,+16,+16,+16,+16,+17,+22,+22,+22,+23,+23,+22,-01115,+24,+24,+22,+23,+23,+18,+18,+17,+15,+16,+16,+15,+16,+15,+15,+14,+14,+14,+14,+14,+14,+14,+14,+14,+14,+14,+14,+14,+14,+14,+14,+14,+14,+14,+14,+14,+14,+14,+14,+14,+14,+14,+15,+14,+14,+14,+15,+15,+15,+15,+16,+16,+16,+16,+16,+16,+16,+16,+16,+16,+16,+16,+17,+22,+22,+22,+23,+23,+22,,20666,,0,,12345,86,6,70,7,,0,,1,,1,5,6,73,4,16,6,55,4,15,6,55,4,,2,5,4,73,6,16,4,55,6,15,4,55,6,,2,,1,,1,4,6,74,4,16,6,55,4,15,6,55,4,,2,4,4,74,6,16,4,55,6,15,4,55,6,,1,,1,,1,5,6,73,4,15,6,56,4,14,6,56,4,,1,4,6,1,4,73,6,7,4,64,6,6,4,64,6,6,4,,2,4,4,1,6,79,4,1,6,65,4,5,6,65,4,5,6,,2,149,4,1,6,69,4,1,6,,1,90,6,3,4,56,6,1,4,10,6,3,4,56,6,1,4,,2,6,6,72,4,16,6,47,4,9,6,4,4,10,6,47,4,9,6,4,4,,2,2,6,2,6,2,4,1,6,67,4,4,6,7,3,3,6,5,6,1,4,47,6,8,4,5,6,1,3,3,6,5,6,1,4,47,6,8,4,5,6,1,3,,2,2,6,2,4,2,6,1,4,67,6,4,4,9,6,1,4,1,6,4,4,1,6,47,4,8,6,1,4,7,6,1,4,1,6,4,4,1,6,47,4,8,6,1,4,,2,2,4,83,6,2,4,1,6,1,4,4,6,1,4,47,6,8,4,1,6,4,4,1,6,2,4,1,6,1,4,4,6,1,4,47,6,8,4,1,6,4,4,1,6,,1,2,6,3,6,69,4,4,6,6,4,2,4,1,6,69,4,1,6,,2,74,6,4,4,14,6,1,4,1,6,47,4,21,6,1,4,1,6,47,4,,2,2,4,3,6,1,4,1,6,67,4,12,6,1,4,6,6,1,4,62,6,1,4,6,6,1,4,,1,4,6,1,4,,2,2,6,2,4,2,6,78,4,3,6,1,4,1,6,4,4,1,6,60,4,3,6,1,4,1,6,4,4,1,6,60,4,,1,55,4,29,6,1,4,1,6,43,4,12,6,1,4,7,6,1,4,4,6,1,4,1,6,43,4,12,6,1,4,7,6,1,4,4,6,1,4,,
;;;;;;;;b-a;A;Lennujaam - Kopli;1234567z;;13513-1,13512-1,14901-1,14805-1,14802-1,11604-1,11702-2,12302-1,12224-1,00012-1,12228-1,12230-1,10602-1,10502-1,10801-1,10403-1,10804-1,10402-1,10405-1,09803-1,09805-1,09107-1,09105-1,09108-1,09003-1,09007-2;
+320,+22,+22,+22,+18,+18,+16,+13,+11,+10,+10,+10,+10,+11,+10,+10,+10,+10,+12,+11,+11,+12,+12,+13,+13,+13,+13,+13,+13,+13,+13,+13,+13,+13,+13,+13,+13,+13,+13,+13,+13,+13,+13,+13,+11,+11,+10,+10,+10,+10,+10,+10,+10,+10,+10,+10,+10,+10,+10,+10,+10,+10,+10,+11,+10,+12,+12,+12,+13,+14,+14,+14,+14,+14,+14,+14,+15,+15,+15,+16,+16,+18,+18,+18,+18,+20,+21,+21,-01135,+22,+23,+23,+20,+20,+20,+20,+19,+16,+16,+16,+16,+16,+16,+16,+15,+15,+14,+15,+14,+14,+14,+14,+14,+14,+14,+14,+14,+14,+14,+14,+14,+14,+14,+14,+14,+14,+14,+14,+14,+14,+14,+14,+14,+14,+14,+15,+15,+15,+15,+15,+16,+16,+16,+16,+16,+16,+16,+16,+16,+16,+17,+18,+18,+18,+22,+22,+23,+23,+23,-01135,+22,+23,+23,+20,+20,+20,+20,+19,+16,+16,+16,+16,+16,+16,+16,+15,+15,+14,+15,+14,+14,+14,+14,+14,+14,+14,+14,+14,+14,+14,+14,+14,+14,+14,+14,+14,+14,+14,+14,+14,+14,+14,+14,+14,+14,+14,+15,+15,+15,+15,+15,+16,+16,+16,+16,+16,+16,+16,+16,+16,+16,+17,+18,+18,+18,+22,+22,+23,+23,+23,,20666,,0,,12345,88,6,71,7,,1,,2,5,6,79,4,8,6,64,4,7,6,64,4,,1,,2,5,4,83,6,4,4,67,6,4,4,,2,2,6,86,4,2,6,69,4,2,6,,2,2,4,3,6,85,4,2,6,69,4,2,6,,2,,2,2,7,84,3,4,6,1,6,1,4,4,6,56,4,4,6,1,3,4,6,1,6,1,4,4,6,56,4,4,6,1,3,,1,4,6,69,4,19,6,53,4,7,6,4,4,1,6,1,4,5,6,53,4,7,6,4,4,1,6,1,4,,3,4,4,4,6,64,4,1,6,19,4,11,6,52,4,1,6,1,4,1,6,5,4,11,6,52,4,1,6,1,4,1,6,,1,7,6,1,4,147,6,1,4,70,6,1,4,,2,102,6,1,4,70,6,1,4,,1,4,6,3,4,65,6,1,4,19,6,4,4,67,6,4,4,,1,7,6,65,4,1,6,11,4,12,6,6,4,1,6,49,4,5,6,1,4,9,6,6,4,1,6,49,4,5,6,1,4,,1,,1,,2,4,4,68,6,1,4,11,6,8,4,60,6,3,4,1,6,1,4,1,6,5,4,60,6,3,4,1,6,1,4,1,6,,1,4,6,3,4,95,6,1,4,52,6,1,4,17,6,1,4,52,6,1,4,,1,7,6,65,4,1,6,11,4,8,6,10,4,1,6,49,4,5,6,1,4,5,6,10,4,1,6,49,4,5,6,1,4,,2,7,4,1,6,147,4,1,6,1,4,1,6,68,4,1,6,1,4,1,6,,2,,1,7,6,1,4,147,6,1,4,70,6,1,4,,1,,1,,1,7,4,1,6,147,4,1,6,70,4,1,6,,
;;;;;;;;a-dp;A;Kopli - Pärnu mnt depoo;1234567z;;09005-1,09002-1,09109-1,09103-1,09106-1,09804-1,09802-1,10404-1,10401-1,10803-1,10802-1,21101-1,10501-1,10601-1,10507-1,12104-1,12102-1,12007-1,12604-1,11305-1;
+1258,+180,+17,-0150,+147,+21,-0168,+147,+21,,20666,,0,,12345,3,6,3,7,,0,,1,,2,1,4,,1,3,6,1,4,2,6,1,4,,2,,1,,2,3,4,1,6,2,4,1,6,,1,3,6,1,4,2,6,1,4,,1,,1,,2,1,4,,1,3,6,1,4,2,6,1,4,,2,3,4,1,6,2,4,1,6,,1,3,6,1,4,2,6,1,4,,2,1,4,,1,,2,1,4,2,6,1,4,2,6,1,4,,2,3,4,1,6,1,4,2,6,1,4,,1,3,6,,
;;;;;;;;b-dp;A;Lennujaam - Pärnu mnt depoo;1234567z;;13513-1,13512-1,14901-1,14805-1,14802-1,11604-1,11702-2,12302-1,12223-1,12102-1,12007-1,12604-1,11305-1;
+1473,-0106,+106,-0106,+106,,20666,,0,,12345,1,6,2,7,,1,,2,1,6,1,4,1,6,1,4,,1,,1,,3,,2,,2,,2,1,7,1,3,1,7,1,3,,2,,1,,2,,2,,
;;;;;;;;dp-a;A;Pärnu mnt depoo - Kopli;1234567z;;11302-1,12602-1,12006-1,21208-1,12210-1,10508-1,10602-1,10502-1,10801-1,10403-1,10804-1,10402-1,10405-1,09803-1,09805-1,09107-1,09105-1,09108-1,09003-1,09007-2;
+285,+158,+35,+0,,20666,,0,,12345,2,6,1,7,,1,1,6,1,4,,2,1,4,1,6,,1,1,7,1,4,,1,,1,2,6,,2,2,4,,1,1,6,,1,,1,,1,,2,1,4,,1,1,6,1,4,,1,2,6,,2,,2,,1,,1,,1,,1,,
;;;;;;;;dp-b;A;Pärnu mnt depoo - Lennujaam;1234567z;;11302-1,12602-1,12006-1,21208-1,12222-1,12303-1,11707-1,11606-2,14804-1,14806-1,14902-1,13511-1,13513-1;
+293,+79,+65,-0144,+24,+62,-086,+24,+62,,20666,,0,,12345,3,6,3,7,,2,3,4,2,6,1,4,2,6,,1,1,6,,2,,2,1,4,1,8,1,3,2,4,1,6,2,4,,2,1,6,2,4,2,6,1,4,2,6,,2,1,4,2,6,2,4,1,6,2,4,,1,1,6,2,4,2,6,1,4,2,6,,2,2,6,1,4,,2,1,4,2,6,2,4,1,6,2,4,,1,,2,1,6,2,4,2,6,1,4,2,6,,1,,
T3;;;;;;;;a-b;A;Tondi - Kadriorg;1234567z;;07406-1,07402-1,07407-1,11302-1,12602-1,12006-1,21208-1,12222-1,10704-1,11902-1,11901-1;
+345,+20,+19,+16,+16,+16,+12,+10,+10,+10,+10,+10,+10,+10,+10,+11,+11,+13,+13,+13,+13,+13,+13,+13,+13,+13,+13,+13,+13,+13,+13,+13,+13,+13,+13,+13,+13,+13,+13,+13,+11,+11,+10,+10,+10,+10,+10,+10,+10,+10,+10,+10,+10,+10,+10,+10,+10,+10,+10,+10,+12,+11,+13,+12,+13,+13,+13,+14,+14,+14,+14,+15,+15,+15,+15,+17,+18,+17,+18,+20,+20,+20,+20,+20,-0940,+17,+16,+16,+15,+15,+15,+15,+15,+15,+14,+14,+14,+14,+14,+14,+14,+14,+14,+14,+14,+14,+14,+14,+14,+14,+14,+14,+14,+14,+14,+14,+14,+14,+14,+14,+14,+15,+14,+15,+15,+15,+15,+15,+16,+16,+16,+16,+16,+16,+16,+17,+18,+18,+22,+22,+22,+22,+22,+22,+22,-0940,+17,+16,+16,+15,+15,+15,+15,+15,+15,+14,+14,+14,+14,+14,+14,+14,+14,+14,+14,+14,+14,+14,+14,+14,+14,+14,+14,+14,+14,+14,+14,+14,+14,+14,+14,+14,+15,+14,+15,+15,+15,+15,+15,+16,+16,+16,+16,+16,+16,+16,+17,+18,+18,+22,+22,+22,+22,+22,+22,+22,,20666,,0,,12345,84,6,61,7,,1,,1,7,6,58,4,,3,3,6,77,4,4,6,56,4,5,6,56,4,,2,81,4,3,6,59,4,2,6,59,4,,2,126,4,14,6,2,4,1,6,44,4,14,6,2,4,1,6,,1,1,6,2,4,1,6,,2,3,6,72,4,5,6,,3,80,4,12,6,48,4,2,6,1,4,10,6,48,4,2,6,1,4,,2,142,4,1,6,60,4,1,6,,1,11,4,54,6,1,4,18,6,1,4,6,6,1,4,50,6,1,4,2,6,1,4,6,6,1,4,50,6,1,4,,
;;;;;;;;b-a;A;Kadriorg - Tondi;1234567z;;11901-1,11801-1,10703-1,12223-1,12102-1,12007-1,12604-1,11305-1,07303-1,07406-1;
+345,+21,+20,+20,+17,+16,+16,+12,+11,+10,+10,+10,+10,+10,+10,+10,+11,+11,+13,+13,+13,+13,+13,+13,+13,+13,+13,+13,+13,+13,+13,+13,+13,+13,+13,+13,+13,+13,+13,+13,+13,+11,+11,+11,+10,+10,+10,+10,+10,+10,+10,+10,+10,+10,+10,+10,+10,+10,+10,+10,+10,+11,+11,+13,+12,+13,+12,+13,+14,+14,+14,+14,+15,+15,+15,+15,+16,+18,+17,+18,+20,+19,+19,+20,+20,-0939,+17,+17,+16,+15,+15,+15,+15,+16,+15,+14,+14,+14,+14,+14,+14,+14,+14,+14,+14,+14,+14,+14,+14,+14,+14,+14,+14,+14,+14,+14,+14,+14,+14,+14,+14,+14,+15,+14,+15,+15,+15,+14,+15,+16,+16,+16,+16,+16,+16,+16,+17,+18,+20,+22,+21,+21,+21,+21,+22,+22,-0939,+17,+17,+16,+15,+15,+15,+15,+16,+15,+14,+14,+14,+14,+14,+14,+14,+14,+14,+14,+14,+14,+14,+14,+14,+14,+14,+14,+14,+14,+14,+14,+14,+14,+14,+14,+14,+15,+14,+15,+15,+15,+14,+15,+16,+16,+16,+16,+16,+16,+16,+17,+18,+20,+22,+21,+21,+21,+21,+22,+22,,20666,,0,,12345,85,6,61,7,,1,,2,4,6,69,4,19,6,45,4,16,6,45,4,,3,1,6,83,4,1,6,59,4,2,6,59,4,,2,49,6,21,4,21,6,1,4,60,6,1,4,,2,1,4,1,6,47,4,21,6,2,4,1,6,7,4,4,6,7,4,1,6,49,4,3,6,8,4,1,6,49,4,3,6,,1,1,6,71,6,1,4,11,4,1,6,55,4,1,6,3,4,2,6,55,4,1,6,3,4,,2,,2,7,6,72,4,1,6,1,4,10,6,1,4,48,6,1,4,11,6,1,4,48,6,1,4,,1,10,6,60,4,1,6,1,4,1,6,7,4,1,6,10,4,1,6,48,4,1,6,11,4,1,6,48,4,1,6,,
;;;;;;;;dp-a;A;Pärnu mnt depoo - Tondi;1234567z;;07303-1,07406-1;
+338,+19,+62,+35,+15,+413,-0392,+16,+9,-025,+16,+9,,20666,,0,,12345,6,6,3,7,,1,5,6,1,4,2,6,1,4,2,6,,
;;;;;20666,,,,,-46235,;;;dp-b;A;Pärnu mnt depoo - Kadriorg;12345z;;11302-1,12602-1,12006-1,21208-1,12222-1,10704-1,11902-1,11901-1;
+331,,20666,,0,,12345,,2,,2,,1,,2,,3,,2,,1,,
T4;;;;;20666,,,,,,;;;a-b;A;Tondi - Lennujaam;1234567z;;07406-1,07402-1,07407-1,11302-1,12602-1,12006-1,21208-1,12222-1,12303-1,11707-1,11606-2,14804-1,14806-1,14902-1,13511-1,13513-1;
+315,+20,+20,+19,+18,+16,+11,+10,+10,+10,+10,+10,+10,+10,+10,+10,+10,+10,+12,+12,+13,+13,+13,+13,+13,+13,+13,+13,+13,+13,+13,+13,+13,+13,+13,+13,+13,+13,+13,+13,+13,+13,+12,+11,+10,+10,+10,+10,+10,+10,+10,+10,+10,+10,+10,+10,+10,+10,+10,+10,+10,+10,+11,+11,+12,+12,+13,+14,+13,+13,+14,+14,+15,+15,+15,+15,+15,+15,+15,+16,+20,+20,+20,+20,+20,+20,+22,+23,-01135,+23,+23,+22,+18,+18,+17,+17,+17,+17,+15,+15,+15,+15,+15,+15,+15,+15,+14,+14,+14,+14,+14,+14,+14,+14,+14,+14,+14,+14,+14,+14,+14,+14,+14,+14,+14,+14,+14,+14,+14,+14,+14,+14,+14,+15,+14,+15,+15,+15,+15,+15,+15,+16,+16,+16,+16,+16,+16,+16,+17,+17,+20,+23,+22,+23,+22,+23,+22,+23,+22,-01135,+23,+23,+22,+18,+18,+17,+17,+17,+17,+15,+15,+15,+15,+15,+15,+15,+15,+14,+14,+14,+14,+14,+14,+14,+14,+14,+14,+14,+14,+14,+14,+14,+14,+14,+14,+14,+14,+14,+14,+14,+14,+14,+14,+14,+15,+14,+15,+15,+15,+15,+15,+15,+16,+16,+16,+16,+16,+16,+16,+17,+17,+20,+23,+22,+23,+22,+23,+22,+23,+22,,20666,,0,,12345,88,6,71,7,,1,,1,7,6,61,4,28,6,49,4,22,6,49,4,,3,4,6,3,4,2,6,75,4,9,6,3,4,49,6,7,4,12,6,3,4,49,6,7,4,,2,4,4,2,6,3,4,1,6,72,4,6,6,66,4,5,6,66,4,,2,67,4,1,6,,1,4,6,63,6,1,4,20,4,5,6,66,4,5,6,,2,2,6,84,4,5,6,66,4,5,6,66,4,,3,80,4,8,6,67,4,4,6,67,4,,1,5,6,1,4,1,6,3,4,58,6,13,4,1,6,6,4,2,6,1,4,5,6,49,4,9,6,5,4,2,6,1,4,5,6,49,4,9,6,,2,2,6,3,4,1,6,1,4,3,6,58,4,13,6,1,4,9,6,2,4,52,6,9,4,8,6,2,4,52,6,9,4,,2,9,6,1,4,58,6,12,4,9,6,1,4,3,6,3,4,64,6,1,4,3,6,3,4,,2,2,4,3,6,1,4,1,6,2,4,1,6,58,4,20,6,1,4,7,6,49,4,14,6,1,4,7,6,49,4,,1,6,6,1,4,,2,2,6,4,4,1,6,79,4,4,6,67,4,4,6,67,4,,1,57,4,23,6,1,4,1,6,1,4,5,6,45,4,24,6,1,4,1,6,45,4,24,6,1,4,,
;;;;;;;;b-a;A;Lennujaam - Tondi;1234567z;;13513-1,13512-1,14901-1,14805-1,14802-1,11604-1,11702-2,12302-1,12223-1,12102-1,12007-1,12604-1,11305-1,07303-1,07406-1;
+330,+23,+22,+20,+18,+18,+14,+12,+10,+10,+10,+10,+10,+10,+10,+10,+11,+11,+11,+11,+12,+12,+13,+12,+13,+13,+13,+13,+13,+13,+13,+13,+13,+13,+13,+13,+13,+13,+13,+13,+13,+13,+13,+13,+11,+10,+10,+10,+10,+10,+10,+10,+10,+10,+10,+10,+10,+10,+10,+10,+10,+10,+10,+11,+11,+12,+12,+13,+13,+14,+14,+14,+14,+14,+14,+15,+15,+15,+15,+15,+18,+18,+18,+18,+18,+18,+20,-01110,+23,+23,+22,+20,+20,+20,+20,+17,+16,+16,+16,+16,+16,+16,+15,+15,+15,+15,+14,+14,+14,+14,+14,+14,+14,+14,+14,+14,+14,+14,+14,+14,+14,+14,+14,+14,+14,+14,+14,+14,+14,+14,+14,+14,+14,+15,+15,+15,+15,+15,+15,+16,+16,+16,+16,+16,+16,+16,+16,+16,+16,+18,+18,+20,+20,+21,+21,+22,+21,-01110,+23,+23,+22,+20,+20,+20,+20,+17,+16,+16,+16,+16,+16,+16,+15,+15,+15,+15,+14,+14,+14,+14,+14,+14,+14,+14,+14,+14,+14,+14,+14,+14,+14,+14,+14,+14,+14,+14,+14,+14,+14,+14,+14,+14,+14,+15,+15,+15,+15,+15,+15,+16,+16,+16,+16,+16,+16,+16,+16,+16,+16,+18,+18,+20,+20,+21,+21,+22,+21,,20666,,0,,12345,87,6,70,7,,1,,2,2,6,84,4,3,6,67,4,3,6,67,4,,1,,2,2,4,84,6,3,4,67,6,3,4,67,6,,2,2,6,84,4,3,6,67,4,3,6,67,4,,2,,2,80,4,7,6,69,4,1,6,69,4,,2,1,6,4,6,81,4,1,4,3,6,4,6,57,4,6,4,3,6,4,6,57,4,,2,,2,5,4,2,6,79,4,1,6,7,4,1,6,61,4,1,6,7,4,1,6,61,4,,2,5,6,2,4,78,4,1,6,69,4,1,6,69,4,1,6,,2,,2,1,6,1,4,5,6,65,4,13,6,1,4,2,6,1,4,5,6,1,4,60,6,1,4,2,6,1,4,5,6,1,4,60,6,1,4,,1,10,6,61,4,1,6,13,4,1,6,1,4,8,6,60,4,1,6,1,4,8,6,60,4,1,6,,
;;;;;;;;b-dp;A;Lennujaam - Pärnu mnt depoo;1234567z;;13513-1,13512-1,14901-1,14805-1,14802-1,11604-1,11702-2,12302-1,12223-1,12102-1,12007-1,12604-1,11305-1;
+1460,+25,-025,+25,-025,+25,,20666,,0,,12345,2,6,2,7,,1,,2,,1,,2,,2,,2,,1,,3,,2,,1,,2,,2,,
;;;;;;;;dp-a;A;Pärnu mnt depoo - Tondi;1234567z;;07303-1,07406-1;
+308,+20,+19,+52,+17,+35,+16,+383,+39,-0576,+23,+62,+53,+49,+82,-0269,+23,+62,+53,+49,+82,,20666,,0,,12345,9,6,6,7,,1,7,6,2,4,5,6,1,4,5,6,,
;;;;;;;;dp-b;A;Pärnu mnt depoo - Lennujaam;1234567z;;11302-1,12602-1,12006-1,21208-1,12222-1,12303-1,11707-1,11606-2,14804-1,14806-1,14902-1,13511-1,13513-1;
+302,+0,+0,,20666,,0,,12345,1,6,1,7,,2,,2,,1,,2,,3,,1,,2,,2,,2,,1,,2,,1,,
T5;;;;;;;;a-b;A;Kopli - Vana-Lõuna;1234567z;;09005-1,09002-1,09109-1,09103-1,09106-1,09804-1,09802-1,10404-1,10401-1,10803-1,10802-1,21101-1,10501-1,10601-1,10507-1,12104-1,12102-1,12007-1,12604-1,11305-1,11311-1;
319,+30,+24,26,+22,+21,+21,20,+20,+20,+23,20,+20,+25,+26,26,+26,+26,26,+26,+26,26,+26,+26,26,+25,+25,+20,20,+20,+20,+20,21,+20,+20,+27,28,+29,+29,25,+30,+27,+27,-0956,+30,+26,+28,+26,+25,+24,+30,+30,+29,+28,+28,+28,+28,+28,+28,+28,+28,+28,+28,+28,+28,+28,+28,+29,+30,+31,+32,+32,+32,+32,+32,+24,+22,+30,-0966,+30,+26,+28,+26,+25,+24,+30,+30,+29,+28,+28,+28,+28,+28,+28,+28,+28,+28,+28,+28,+28,+28,+28,+29,+30,+31,+32,+32,+32,+32,+32,+24,+22,+30,,20666,,0,,12345,43,6,35,7,,0,,1,,1,4,6,37,4,9,6,26,4,9,6,26,4,,2,4,4,37,6,9,4,26,6,9,4,26,6,,2,,1,,1,4,6,38,4,8,6,26,4,9,6,26,4,,2,4,4,38,6,8,4,26,6,9,4,26,6,,1,,1,,1,4,6,38,4,8,6,26,4,9,6,26,4,,2,4,4,38,6,8,4,26,6,9,4,26,6,,1,4,6,39,4,2,6,33,4,2,6,,1,4,6,37,4,3,6,1,4,5,6,26,4,3,6,1,4,5,6,26,4,,1,2,6,2,4,37,6,3,4,1,6,5,4,28,6,1,4,1,6,5,4,,2,2,4,2,6,37,4,3,6,1,4,5,6,28,4,1,6,1,4,5,6,,1,6,6,37,4,2,6,5,4,30,6,5,4,,2,45,4,5,6,30,4,5,6,,2,3,6,1,4,,2,2,6,1,4,1,6,8,-613,1,623,20,-1115,1,1125,6,-1303,1,-21,1,-22,1,1365,2,6,31,-1335,1,-25,1,1374,2,6,31,-1335,1,-25,,
;;;;;;;;b-a;A;Vana-Lõuna - Kopli;1234567z;;11309-1,11302-1,12602-1,12006-1,21208-1,12210-1,10508-1,10602-1,10502-1,10801-1,10403-1,10804-1,10402-1,10405-1,09803-1,09805-1,09107-1,09105-1,09108-1,09003-1,09007-2;
+303,+25,22,+22,+22,+23,21,+22,+18,+20,20,+20,+22,+25,33,+28,+26,26,+26,+26,26,+26,+26,26,+22,+24,+20,20,+23,+20,+20,20,+20,+20,+28,24,+28,+27,27,+33,+30,30,-0925,+25,+25,+27,+24,+24,+28,+26,+26,+29,+30,+30,+29,+28,+28,+28,+28,+28,+28,+28,+28,+28,+28,+28,+33,+30,+30,+30,+30,+32,+32,+32,+30,+28,+27,-0965,+25,+25,+27,+24,+24,+28,+26,+26,+29,+30,+30,+29,+28,+28,+28,+28,+28,+28,+28,+28,+28,+28,+28,+33,+30,+30,+30,+30,+32,+32,+32,+30,+28,+27,,20666,,0,,12345,42,6,35,7,,2,,1,4,6,38,4,3,6,32,4,3,6,,2,4,4,3,6,,2,,1,4,6,41,4,6,6,25,4,1,6,3,4,6,6,25,4,,1,45,6,6,4,25,6,1,4,3,6,6,4,25,6,,2,4,4,1,6,37,4,9,6,25,4,10,6,25,4,,1,4,6,1,4,39,6,7,4,25,6,1,4,2,6,7,4,25,6,,1,5,6,37,4,9,6,25,4,10,6,25,4,,1,,1,,2,4,4,38,6,2,4,33,6,2,4,,1,44,6,7,4,25,6,1,4,2,6,7,4,25,6,,1,4,6,38,4,9,6,25,4,10,6,25,4,,2,,2,,1,,1,,1,,1,,
72;;;trol;;;;;a-b;A;Mustamäe - Kopli;1234567z;;03502-1,03504-1,02801-1,02903-1,03002-1,03003-1,02601-1,02301-1,07704-1,07801-1,07804-1,08906-1,08912-1,10001-1,10002-1,09901-1,09902-1,09606-1,09401-1,09402-1,09405-1,09104-1,09110-1,09008-1,09006-1;
+300,+15,+15,+15,+12,+10,+10,+9,+9,+8,+9,+9,+8,+9,+9,+8,+9,+8,+8,+9,+8,+9,+8,+9,+10,+10,+10,+10,+12,+12,+12,+12,+12,+12,+12,+12,+12,+12,+12,+12,+12,+12,+12,+12,+12,+12,+12,+12,+12,+12,+12,+10,+10,+10,+9,+9,+9,+9,+9,+9,+9,+9,+9,+9,+9,+9,+9,+10,+10,+10,+10,+10,+10,+10,+10,+10,+10,+12,+12,+12,+12,+12,+12,+12,+12,+12,+12,+12,+12,+12,+12,+12,+12,+12,+12,+12,+12,+12,+12,+15,+15,+15,+15,-01065,+20,+17,+17,+17,+17,+17,+17,+17,+17,+17,+17,+17,+17,+17,+17,+17,+17,+17,+17,+17,+14,+14,+14,+14,+14,+14,+14,+14,+14,+17,+17,+17,+17,+14,+14,+14,+14,+14,+14,+14,+14,+14,+14,+14,+14,+14,+14,+17,+17,+17,+17,+17,+17,+17,+17,+17,+17,+17,+17,+17,+17,+17,+17,+20,+20,+20,-01065,+20,+17,+17,+17,+17,+17,+17,+17,+17,+17,+17,+17,+17,+17,+17,+17,+17,+17,+17,+17,+14,+14,+14,+14,+14,+14,+14,+14,+14,+17,+17,+17,+17,+14,+14,+14,+14,+14,+14,+14,+14,+14,+14,+14,+14,+14,+14,+17,+17,+17,+17,+17,+17,+17,+17,+17,+17,+17,+17,+17,+17,+17,+17,+20,+20,+20,,20666,,0,,12345,103,6,67,7,,1,,1,17,6,63,4,,1,8,6,9,4,63,6,20,4,8,6,60,4,7,6,60,4,,2,8,4,9,6,69,4,14,6,8,4,13,6,34,4,13,6,7,4,13,6,34,4,13,6,,1,11,6,6,4,69,6,10,4,19,6,6,4,34,6,6,4,21,6,6,4,34,6,6,4,,1,7,6,52,6,15,4,21,4,1,6,7,4,4,6,7,6,1,4,53,4,6,6,7,6,1,4,53,4,,2,17,6,46,6,14,4,8,4,,2,7,4,3,6,15,4,34,6,21,4,5,6,1,4,9,6,1,4,7,6,11,4,1,6,40,4,6,6,3,4,6,6,11,4,1,6,40,4,6,6,3,4,,1,7,6,67,4,3,6,2,4,1,6,22,4,6,6,62,4,5,6,,2,7,4,18,6,34,4,15,6,3,4,2,6,6,4,1,6,9,4,1,6,4,4,2,6,6,4,6,6,1,4,40,6,6,4,3,6,4,4,2,6,5,4,6,6,1,4,40,6,6,4,3,6,4,4,,1,7,6,52,6,15,4,3,6,2,4,17,4,4,6,2,4,5,6,57,4,4,6,2,4,4,6,57,4,4,6,,1,121,6,34,4,33,6,34,4,,2,7,4,1,6,55,6,14,4,3,4,5,6,1,4,10,6,4,4,2,6,5,4,8,6,6,4,40,6,7,4,2,6,4,4,8,6,6,4,40,6,7,4,,1,7,6,1,4,72,6,4,4,2,6,8,4,1,6,1,4,11,6,8,4,6,6,40,4,13,6,8,4,6,6,40,4,,1,17,6,63,4,4,6,2,4,8,6,1,4,20,6,6,4,61,6,6,4,,1,9,6,8,4,69,6,8,4,61,6,8,4,59,6,8,4,,1,17,6,68,4,11,6,6,4,11,6,2,4,6,6,34,4,8,6,1,4,16,6,2,4,6,6,34,4,8,6,1,4,,1,96,4,6,6,61,4,1,6,66,4,1,6,,1,,2,7,4,1,6,9,4,1,6,45,4,1,6,9,4,1,6,5,4,1,6,4,4,1,6,9,4,2,6,6,4,1,6,4,4,1,6,5,4,2,6,59,4,1,6,5,4,2,6,,1,7,6,1,4,9,6,1,4,55,6,1,4,10,6,1,4,22,6,1,4,66,6,1,4,,1,63,6,1,4,,0,6,6,1,4,72,6,1,4,5,6,1,4,8,6,2,4,6,6,1,4,10,6,2,4,65,6,2,4,,2,6,4,2,6,9,4,1,6,45,4,1,6,9,4,1,6,5,4,1,6,3,4,3,6,8,4,2,6,6,4,1,6,4,4,1,6,5,4,2,6,59,4,1,6,5,4,2,6,,
;;;;;;;;b-a;A;Kopli - Mustamäe;1234567z;;09006-1,09001-1,09101-1,09102-1,09502-1,09503-1,09504-1,09607-1,10202-1,10201-1,10101-1,08911-1,07805-1,07802-1,07601-1,07705-1,02302-1,02501-1,02403-1,02404-1,02904-1,02802-1,03501-1,03503-2;
+330,+16,+15,+15,+12,+12,+10,+10,+9,+10,+9,+9,+9,+9,+9,+8,+9,+9,+8,+9,+9,+8,+9,+9,+10,+10,+10,+10,+12,+12,+12,+12,+12,+12,+12,+12,+12,+12,+12,+12,+12,+12,+12,+12,+12,+12,+12,+12,+12,+12,+12,+10,+10,+10,+9,+9,+9,+9,+9,+10,+10,+9,+9,+10,+9,+10,+9,+10,+10,+10,+10,+10,+10,+9,+9,+10,+10,+11,+12,+11,+11,+12,+12,+12,+12,+11,+12,+12,+11,+12,+12,+12,+12,+11,+11,+12,+11,+11,+12,+14,+14,+15,+16,-01064,+20,+18,+17,+18,+17,+17,+17,+17,+17,+18,+18,+17,+17,+17,+17,+17,+17,+18,+17,+17,+14,+14,+14,+14,+14,+14,+14,+14,+14,+17,+17,+17,+17,+14,+14,+14,+14,+14,+14,+14,+14,+14,+14,+14,+14,+14,+14,+17,+17,+17,+17,+16,+17,+17,+17,+17,+17,+16,+17,+16,+16,+17,+17,+18,+19,+20,-01063,+20,+18,+17,+18,+17,+17,+17,+17,+17,+18,+18,+17,+17,+17,+17,+17,+17,+18,+17,+17,+14,+14,+14,+14,+14,+14,+14,+14,+14,+17,+17,+17,+17,+14,+14,+14,+14,+14,+14,+14,+14,+14,+14,+14,+14,+14,+14,+17,+17,+17,+17,+16,+17,+17,+17,+17,+17,+16,+17,+16,+16,+17,+17,+18,+19,+20,,20666,,0,,12345,103,6,67,7,,0,,1,,1,,1,7,6,86,4,20,6,46,4,21,6,46,4,,1,,2,7,4,102,6,4,4,46,6,3,4,14,6,4,4,46,6,3,4,,1,13,6,74,4,16,6,6,4,53,6,1,4,7,6,6,4,53,6,1,4,,1,7,6,6,4,106,6,32,4,35,6,32,4,,1,60,6,10,4,17,6,5,4,1,6,5,4,15,6,6,4,32,6,8,4,4,6,3,4,14,6,6,4,32,6,8,4,4,6,3,4,,2,60,4,10,6,17,4,5,6,1,4,16,6,4,4,6,6,32,4,8,6,3,4,14,6,4,4,6,6,32,4,8,6,3,4,,1,6,6,54,6,9,4,23,4,1,6,,2,12,6,57,6,1,4,7,4,10,6,6,4,4,4,1,6,2,4,3,6,4,6,12,4,32,6,8,4,3,6,1,4,11,6,12,4,32,6,8,4,3,6,1,4,,1,92,4,1,6,5,4,2,6,58,4,1,6,3,4,1,6,4,4,3,6,55,4,1,6,3,4,1,6,4,4,,1,55,6,13,4,2,6,6,4,1,6,10,4,32,6,32,4,35,6,32,4,,2,12,4,1,6,13,4,28,6,1,4,13,6,1,4,7,6,1,4,15,6,1,4,5,6,1,4,14,6,6,4,39,6,5,4,17,6,6,4,39,6,5,4,,1,3,6,23,6,28,4,6,6,8,4,1,6,7,4,22,4,1,6,52,6,1,4,66,6,1,4,,2,11,6,10,4,4,6,1,4,27,6,7,6,8,4,1,4,8,6,14,4,28,6,32,4,1,6,6,4,28,6,32,4,1,6,6,4,,2,11,4,1,6,1,4,8,6,4,4,1,6,51,4,14,6,8,4,7,6,7,4,45,6,3,4,2,6,2,4,8,6,7,4,45,6,3,4,2,6,2,4,,1,11,6,1,4,1,6,8,4,4,6,1,4,29,6,5,4,9,6,6,4,2,6,15,4,21,6,45,4,3,6,4,4,15,6,45,4,3,6,4,4,,1,6,6,5,4,1,6,1,4,8,6,4,4,1,6,29,4,13,6,1,4,6,6,2,4,16,6,3,4,12,6,1,4,49,6,3,4,14,6,1,4,49,6,3,4,,1,5,6,1,4,8,6,39,4,2,6,13,4,1,6,6,4,2,6,14,4,1,6,1,4,16,6,49,4,18,6,49,4,,1,11,6,3,4,5,6,1,4,33,6,2,4,3,6,9,4,1,6,1,4,7,6,1,4,,1,67,6,1,4,7,6,1,4,82,6,1,4,66,6,1,4,,
81;;;;;;;;a-b;A;Mustamäe - Kaubamaja;1234567z;;03405-1,03401-1,03304-1,02503-1,02201-1,08101-1,00148-1,08001-1,07903-1,08907-1,08909-1,11001-1,10901-1,10905-1,12605-1,12001-1,21201-1,21206-2;
+316,+15,+15,+15,+10,+10,+10,+10,+10,+10,+10,+10,+10,+10,+10,+10,+10,+10,+10,+10,+10,+10,+10,+11,+11,+11,+11,+13,+13,+13,+13,+13,+13,+13,+13,+13,+13,+13,+13,+13,+13,+13,+13,+13,+13,+13,+13,+13,+13,+11,+11,+11,+11,+11,+10,+10,+10,+10,+10,+10,+10,+10,+10,+11,+10,+11,+11,+11,+11,+11,+11,+11,+11,+13,+13,+13,+13,+13,+13,+13,+13,+13,+13,+13,+13,+13,+13,+13,+13,+13,+15,+15,+15,+15,-01055,+19,+18,+18,+18,+18,+18,+18,+18,+18,+18,+18,+18,+15,+15,+15,+15,+13,+13,+13,+13,+13,+13,+13,+13,+13,+13,+13,+13,+13,+15,+15,+15,+15,+15,+15,+13,+13,+13,+13,+13,+13,+13,+13,+13,+13,+13,+13,+13,+13,+13,+15,+15,+15,+15,+15,+15,+16,+18,+18,+18,+18,+18,+18,+18,+18,+18,+18,+18,+20,-01055,+19,+18,+18,+18,+18,+18,+18,+18,+18,+18,+18,+18,+15,+15,+15,+15,+13,+13,+13,+13,+13,+13,+13,+13,+13,+13,+13,+13,+13,+15,+15,+15,+15,+15,+15,+13,+13,+13,+13,+13,+13,+13,+13,+13,+13,+13,+13,+13,+13,+13,+15,+15,+15,+15,+15,+15,+16,+18,+18,+18,+18,+18,+18,+18,+18,+18,+18,+18,+20,,20666,,0,,12345,94,6,70,7,,1,,2,,1,8,6,82,4,8,6,63,4,7,6,63,4,,2,87,4,3,6,8,4,3,6,67,4,3,6,,1,7,6,1,4,5,6,67,4,7,6,3,4,8,6,3,4,11,6,46,4,10,6,3,4,11,6,46,4,,1,8,6,5,4,35,6,25,4,7,6,6,4,15,6,11,4,59,6,11,4,,1,5,6,2,4,8,6,9,4,22,6,2,4,8,6,9,4,47,6,35,4,35,6,35,4,,1,12,6,3,4,9,6,22,4,2,6,8,4,9,6,2,4,6,6,7,4,,3,5,4,2,6,5,4,1,6,43,6,9,4,8,4,7,6,6,4,4,6,3,4,1,6,4,4,3,6,57,4,3,6,1,4,2,6,4,4,3,6,57,4,3,6,1,4,,1,3,6,4,4,5,6,1,4,3,6,8,4,22,6,20,4,1,6,23,4,3,6,1,4,3,6,15,4,35,6,14,4,1,6,2,4,3,6,15,4,35,6,14,4,1,6,,1,2,6,1,4,2,6,41,4,20,6,1,4,6,6,7,4,6,6,1,4,3,6,3,4,7,6,1,4,11,6,35,4,11,6,2,4,1,6,1,4,8,6,1,4,11,6,35,4,11,6,2,4,1,6,1,4,,1,47,6,1,4,1,6,7,4,31,6,3,4,4,6,3,4,1,6,2,4,47,6,1,4,12,6,1,4,3,6,3,4,1,6,2,4,47,6,1,4,12,6,1,4,,1,2,4,1,6,45,6,1,4,7,6,9,4,2,6,6,4,14,4,3,6,21,6,1,4,48,4,1,6,20,6,1,4,48,4,1,6,,2,3,4,4,6,58,6,1,4,20,4,1,6,3,4,3,6,1,4,3,6,1,4,2,6,11,4,1,6,35,4,1,6,10,4,2,6,1,4,1,6,2,4,3,6,1,4,2,6,11,4,1,6,35,4,1,6,10,4,2,6,1,4,1,6,,1,2,6,5,4,1,6,4,4,1,6,35,4,1,6,44,4,1,6,68,4,2,6,68,4,,2,2,4,5,6,1,4,4,6,1,4,2,6,1,4,30,6,1,4,1,6,1,4,17,6,1,4,,0,2,6,22,6,1,4,30,6,1,4,3,6,6,4,2,6,27,4,17,6,1,4,25,6,20,4,1,6,2,4,1,6,3,4,17,6,1,4,25,6,20,4,1,6,2,4,1,6,,
;;;;;;;;b-a;A;Kaubamaja - Mustamäe;1234567z;;21206-2,21203-1,12002-2,12405-1,10904-1,11003-1,08910-1,08908-1,07906-1,07904-1,08302-1,08205-1,02106-1,02107-1,03201-1,03202-1,03106-1,03107-1,03503-1;
+340,+15,+15,+15,+11,+11,+10,+11,+11,+10,+10,+10,+11,+10,+10,+10,+11,+10,+10,+10,+10,+10,+10,+11,+10,+11,+11,+13,+13,+13,+13,+13,+13,+13,+13,+13,+13,+13,+13,+13,+13,+13,+13,+13,+13,+13,+14,+13,+14,+11,+11,+11,+11,+11,+10,+10,+11,+10,+10,+10,+10,+10,+10,+11,+10,+10,+11,+10,+11,+11,+11,+11,+11,+12,+13,+13,+13,+13,+13,+13,+12,+13,+13,+13,+13,+13,+11,+13,+13,+13,+14,+15,+15,+14,-01054,+19,+18,+19,+18,+18,+19,+18,+19,+18,+18,+18,+18,+15,+15,+15,+15,+13,+14,+13,+13,+13,+13,+13,+13,+13,+13,+13,+13,+13,+15,+15,+15,+15,+15,+15,+13,+13,+13,+13,+13,+13,+13,+13,+13,+13,+13,+13,+13,+13,+13,+15,+15,+14,+15,+15,+15,+16,+18,+18,+18,+18,+18,+18,+17,+17,+18,+17,+17,+20,-01054,+19,+18,+19,+18,+18,+19,+18,+19,+18,+18,+18,+18,+15,+15,+15,+15,+13,+14,+13,+13,+13,+13,+13,+13,+13,+13,+13,+13,+13,+15,+15,+15,+15,+15,+15,+13,+13,+13,+13,+13,+13,+13,+13,+13,+13,+13,+13,+13,+13,+13,+15,+15,+14,+15,+15,+15,+16,+18,+18,+18,+18,+18,+18,+17,+17,+18,+17,+17,+20,,20666,,0,,12345,94,6,70,7,,1,,2,,2,52,6,23,4,17,4,2,6,68,4,2,6,68,4,,0,4,6,90,4,1,6,69,4,1,6,,2,7,6,74,4,8,4,3,6,3,4,1,6,3,6,50,4,11,4,2,6,3,4,1,6,3,6,50,4,11,4,2,6,,2,4,4,1,6,2,4,1,6,44,4,29,6,7,4,1,6,3,4,2,6,2,4,10,6,53,4,1,6,2,4,2,6,2,4,10,6,53,4,1,6,2,4,,2,5,4,1,6,47,6,14,4,17,4,4,6,18,4,4,6,66,4,4,6,,2,4,6,4,4,5,6,10,4,22,6,21,4,1,6,22,4,4,4,1,6,2,6,14,4,39,6,1,4,12,4,2,6,2,6,14,4,39,6,1,4,12,4,,1,8,6,5,4,10,6,22,4,7,6,1,4,13,6,1,4,43,6,39,4,1,6,6,4,24,6,39,4,1,6,6,4,,1,3,6,3,4,1,6,1,4,5,6,10,4,22,6,21,4,1,6,16,4,17,6,10,4,39,6,1,4,9,6,1,4,10,6,10,4,39,6,1,4,9,6,1,4,,1,6,6,1,4,1,6,55,4,3,6,15,4,18,6,1,4,10,6,39,4,1,6,6,4,13,6,1,4,10,6,39,4,1,6,6,4,,1,2,6,1,4,1,6,9,4,10,6,22,4,1,6,6,4,1,6,14,4,14,6,2,4,22,6,5,4,39,6,1,4,6,6,2,4,17,6,5,4,39,6,1,4,6,6,2,4,,1,13,6,10,4,22,6,8,4,10,6,3,4,1,6,14,4,3,6,4,4,11,6,6,4,5,6,38,4,2,6,6,4,2,6,1,4,10,6,6,4,5,6,38,4,2,6,6,4,2,6,1,4,,2,2,4,1,6,50,6,9,4,22,4,4,6,4,4,1,6,6,4,6,6,44,4,11,6,9,4,6,6,44,4,11,6,,1,2,6,1,4,1,6,84,4,4,6,1,4,6,6,61,4,9,6,61,4,,2,2,4,1,6,1,4,1,6,1,4,1,6,1,4,37,6,1,4,6,6,1,4,9,6,1,4,3,6,1,4,22,6,3,4,1,6,6,4,49,6,2,4,10,6,9,4,49,6,2,4,10,6,,0,2,6,5,4,1,6,37,4,1,6,47,4,2,6,1,4,3,6,49,4,1,6,11,4,5,6,1,4,3,6,49,4,1,6,11,4,,2,2,4,4,6,7,4,1,6,38,4,1,6,9,4,1,6,2,4,2,6,7,4,1,6,5,4,1,6,1,4,2,6,3,4,6,6,2,4,1,6,3,4,1,6,5,4,1,6,43,4,1,6,5,4,1,6,2,4,2,6,5,4,1,6,3,4,1,6,5,4,1,6,43,4,1,6,5,4,1,6,2,4,2,6,,
83;;;;;;;;a-b;A;Mustamäe - Kaubamaja;1234567z;;03502-1,03504-1,02801-1,02903-1,03002-1,03003-1,02601-1,02301-1,07704-1,07801-1,07804-1,08904-1,11201-1,12605-1,12001-1,21201-1,21206-3;
+320,+20,+17,+15,+15,+15,+15,+15,+14,+14,+14,+14,+14,+15,+15,+17,+17,+18,+17,+17,+17,+17,+17,+16,+16,+16,+16,+16,+16,+16,+16,+16,+16,+16,+16,+16,+15,+14,+14,+14,+14,+15,+15,+15,+15,+15,+15,+15,+15,+17,+17,+17,+17,+16,+17,+17,+16,+17,+17,+17,+17,+17,+16,+16,+16,+17,+17,+17,+18,+18,-01082,+22,+22,+22,+22,+21,+22,+22,+21,+22,+22,+21,+21,+21,+21,+21,+21,+18,+18,+18,+18,+18,+18,+18,+18,+18,+22,+22,+22,+20,+18,+20,+18,+18,+18,+18,+18,+18,+21,+22,+22,+22,+21,+22,+22,+21,+22,+21,+21,+22,+22,+21,+21,+21,-01082,+22,+22,+22,+22,+21,+22,+22,+21,+22,+22,+21,+21,+21,+21,+21,+21,+18,+18,+18,+18,+18,+18,+18,+18,+18,+22,+22,+22,+20,+18,+20,+18,+18,+18,+18,+18,+18,+21,+22,+22,+22,+21,+22,+22,+21,+22,+21,+21,+22,+22,+21,+21,+21,,20666,,0,,12345,70,6,54,7,,1,,1,9,6,48,4,,2,9,4,48,6,8,4,5,6,51,4,3,6,51,4,,1,7,6,50,4,8,6,5,4,51,6,3,4,51,6,,1,6,6,1,4,31,6,11,4,8,6,8,4,4,4,1,6,14,6,27,4,12,4,1,6,14,6,27,4,12,4,,1,4,6,31,6,3,4,23,4,4,6,2,4,2,6,52,4,2,6,52,4,2,6,,2,34,6,1,4,3,6,16,4,,2,6,4,1,6,27,4,15,6,8,4,4,6,4,4,2,6,2,4,8,6,7,4,27,6,9,4,1,6,2,4,8,6,7,4,27,6,9,4,1,6,2,4,,1,4,6,3,4,2,6,26,6,4,4,10,4,5,6,13,4,2,6,1,4,4,6,10,6,27,4,10,4,2,6,1,4,4,6,10,6,27,4,10,4,2,6,,2,4,4,2,6,3,4,25,6,1,4,4,6,15,4,3,6,4,4,9,6,4,4,2,6,1,4,47,6,4,4,2,6,1,4,,1,4,6,2,4,1,6,63,4,3,6,51,4,3,6,,2,7,4,2,6,60,4,1,6,3,4,1,6,2,4,1,6,46,4,1,6,3,4,1,6,2,4,1,6,46,4,,2,4,4,2,6,51,4,12,6,5,4,2,6,1,4,44,6,7,4,2,6,1,4,44,6,,1,4,6,30,4,1,6,13,4,1,6,20,4,4,6,3,4,1,6,44,4,6,6,3,4,1,6,44,4,,1,3,6,1,4,30,6,1,4,13,6,1,4,27,6,1,4,46,6,1,4,6,6,1,4,46,6,,1,11,6,23,4,1,6,13,4,1,6,7,4,1,6,7,4,1,6,1,4,1,6,3,4,7,6,42,4,1,6,3,4,8,6,42,4,1,6,3,4,,
;;;;;;;;b-a;A;Kaubamaja - Mustamäe;1234567z;;21206-3,21203-1,12002-2,11103-1,11102-1,07805-1,07802-1,07601-1,07705-1,02302-1,02501-1,02403-1,02404-1,02904-1,02802-1,03501-1,03503-2;
+345,+19,+17,+16,+16,+15,+16,+15,+14,+15,+14,+14,+14,+15,+15,+17,+17,+18,+17,+17,+17,+17,+17,+16,+16,+16,+16,+16,+16,+16,+16,+16,+16,+16,+17,+16,+15,+14,+15,+14,+14,+15,+15,+15,+15,+15,+15,+15,+15,+16,+17,+17,+17,+16,+16,+17,+16,+17,+16,+17,+17,+16,+16,+16,+16,+16,+17,+16,+17,+18,-01080,+22,+22,+22,+22,+22,+22,+22,+21,+22,+22,+21,+21,+21,+22,+21,+21,+18,+18,+18,+18,+18,+18,+18,+18,+18,+22,+22,+22,+20,+18,+20,+18,+18,+18,+18,+18,+18,+21,+22,+22,+21,+21,+22,+21,+22,+22,+21,+21,+22,+21,+20,+21,+20,-01080,+22,+22,+22,+22,+22,+22,+22,+21,+22,+22,+21,+21,+21,+22,+21,+21,+18,+18,+18,+18,+18,+18,+18,+18,+18,+22,+22,+22,+20,+18,+20,+18,+18,+18,+18,+18,+18,+21,+22,+22,+21,+21,+22,+21,+22,+22,+21,+21,+22,+21,+20,+21,+20,,20666,,0,,12345,70,6,54,7,,1,,2,,2,4,6,61,4,9,6,46,4,8,6,46,4,,1,3,6,1,4,33,6,19,4,9,6,3,4,2,6,4,4,46,6,2,4,2,6,4,4,46,6,2,4,,3,3,4,1,6,43,4,9,6,9,4,3,6,2,4,4,6,46,4,2,6,2,4,4,6,46,4,2,6,,1,4,4,2,6,55,4,4,6,9,4,7,6,36,4,3,6,8,4,7,6,36,4,3,6,,1,,1,4,6,2,4,3,6,28,4,10,6,9,4,5,6,4,4,9,6,7,4,36,6,3,4,8,6,7,4,36,6,3,4,,2,37,6,9,4,10,6,5,4,7,4,2,6,52,4,2,6,52,4,,2,3,6,1,4,2,6,10,4,21,6,19,4,25,6,36,4,18,6,36,4,,1,2,6,1,4,1,6,5,4,7,6,21,4,9,6,1,4,14,6,13,4,1,6,6,4,39,6,8,4,1,6,6,4,39,6,,1,9,6,7,4,21,6,9,4,1,6,14,4,4,4,3,6,2,4,3,6,8,6,38,4,1,4,2,6,2,4,3,6,8,6,38,4,1,4,2,6,,1,16,6,21,4,9,6,1,4,14,6,3,4,1,6,3,4,2,6,3,4,47,6,2,4,2,6,3,4,47,6,2,4,,2,2,4,1,6,43,4,1,6,14,4,13,6,46,4,8,6,46,4,,1,46,6,1,4,,1,,
84;;;;;20635,,,,,,;;;a-b;A;Keskuse - Balti jaam;1234567z;;02902-1,03002-1,03003-1,02601-1,02301-1,07704-1,07801-1,07804-1,08906-1,08912-1,08909-1,11001-1,10902-1,21104-1,21105-7;
+310,+20,+20,+16,+16,+15,+13,+13,+13,+12,+13,+13,+13,+13,+13,+13,+13,+13,+16,+16,+16,+16,+16,+16,+16,+16,+16,+13,+13,+13,+13,+13,+13,+13,+13,+13,+13,+13,+13,+13,+13,+13,+13,+13,+13,+13,+14,+13,+13,+13,+13,+13,+13,+13,+13,+13,+13,+13,+13,+14,+15,+16,+15,+15,+16,+15,+15,+16,+16,+16,+18,+24,+20,+24,+20,+22,-01100,+18,+18,+18,+18,+18,+15,+15,+16,+16,+16,+16,+16,+16,+16,+15,+13,+13,+13,+13,+17,+17,+17,+13,+13,+13,+13,+13,+13,+13,+13,+13,+13,+13,+13,+13,+13,+13,+16,+16,+13,+13,+13,+13,+13,+13,+13,+13,+13,+13,+13,+13,+13,+13,+13,+13,+13,+13,+17,+18,+18,+24,+18,+18,+18,+18,+18,+18,+20,+22,+20,+20,+22,-01100,+18,+18,+18,+18,+18,+15,+15,+16,+16,+16,+16,+16,+16,+16,+15,+13,+13,+13,+13,+17,+17,+17,+13,+13,+13,+13,+13,+13,+13,+13,+13,+13,+13,+13,+13,+13,+13,+16,+16,+13,+13,+13,+13,+13,+13,+13,+13,+13,+13,+13,+13,+13,+13,+13,+13,+13,+13,+17,+18,+18,+24,+18,+18,+18,+18,+18,+18,+20,+22,+20,+20,+22,,20635,,0,,12345,76,6,73,7,,1,,1,73,4,3,6,70,4,3,6,70,4,,1,4,6,72,4,7,6,63,6,1,4,2,4,7,6,63,6,1,4,,2,7,6,55,4,34,6,41,4,32,6,41,4,,2,4,4,2,6,1,4,37,6,27,4,2,6,10,4,3,6,10,4,41,6,7,4,3,6,9,4,3,6,10,4,41,6,7,4,3,6,,1,4,6,2,4,1,6,67,4,9,6,3,4,1,6,60,4,9,6,3,4,1,6,60,4,,1,6,6,38,4,42,6,1,4,72,6,1,4,,2,6,4,1,6,37,6,13,4,16,4,1,6,9,4,3,6,60,4,1,6,9,4,3,6,60,4,1,6,,1,62,6,5,4,29,6,41,4,32,6,41,4,,1,6,6,56,4,5,6,1,4,3,6,1,4,1,6,1,4,9,6,3,4,58,6,1,4,1,6,1,4,9,6,3,4,58,6,1,4,1,6,1,4,,1,4,6,3,4,36,6,1,4,18,6,5,4,1,6,3,4,1,6,1,4,9,6,1,4,4,6,9,4,41,6,6,4,12,6,1,4,4,6,9,4,41,6,6,4,,2,82,4,1,6,72,4,1,6,,1,7,6,36,4,1,6,18,4,20,6,1,4,3,6,1,4,9,6,41,4,6,6,1,4,11,6,1,4,3,6,1,4,9,6,41,4,6,6,1,4,,1,82,4,1,6,60,4,1,6,11,4,1,6,60,4,1,6,,
;;;;;;;;b-a;A;Balti jaam - Keskuse;1234567z;;21102-1,11003-1,11002-1,11101-1,07805-1,07802-1,07601-1,07705-1,02302-1,02501-1,02403-1,02404-1,02904-1,02905-1,02902-1;
+341,+22,+22,+16,+20,+15,+14,+13,+13,+13,+13,+13,+13,+16,+16,+16,+16,+16,+16,+16,+16,+16,+13,+13,+13,+13,+13,+13,+13,+13,+13,+13,+13,+13,+13,+13,+13,+13,+13,+13,+13,+13,+13,+13,+13,+13,+13,+13,+13,+13,+13,+13,+13,+13,+15,+15,+16,+16,+15,+16,+15,+15,+16,+15,+15,+15,+15,+15,+15,+15,+15,+19,+20,+20,+20,+20,-01105,+20,+20,+23,+20,+16,+16,+16,+17,+16,+16,+15,+20,+16,+16,+17,+16,+16,+13,+13,+13,+13,+13,+13,+13,+13,+13,+13,+13,+13,+13,+13,+13,+16,+16,+13,+13,+13,+13,+13,+13,+13,+13,+13,+13,+13,+13,+13,+13,+13,+13,+13,+13,+16,+16,+16,+15,+15,+18,+18,+18,+17,+16,+16,+16,+16,+16,+20,+19,+20,+20,+20,+20,-01105,+20,+20,+23,+20,+16,+16,+16,+17,+16,+16,+15,+20,+16,+16,+17,+16,+16,+13,+13,+13,+13,+13,+13,+13,+13,+13,+13,+13,+13,+13,+13,+13,+16,+16,+13,+13,+13,+13,+13,+13,+13,+13,+13,+13,+13,+13,+13,+13,+13,+13,+13,+13,+16,+16,+16,+15,+15,+18,+18,+18,+17,+16,+16,+16,+16,+16,+20,+19,+20,+20,+20,+20,,20635,,0,,12345,76,6,73,7,,2,3,6,3,4,,1,41,6,14,4,16,6,3,4,70,6,2,4,71,6,2,4,,2,3,4,3,6,35,4,14,6,14,4,7,6,66,4,4,6,1,4,2,6,66,4,4,6,1,4,,2,3,6,3,4,35,6,17,4,11,6,7,4,66,6,4,4,1,6,2,4,66,6,4,4,1,6,,1,71,4,3,6,70,4,2,6,71,4,2,6,,1,6,6,7,4,27,6,1,4,,1,13,6,27,4,1,6,14,4,3,6,11,4,2,6,2,4,20,6,49,4,2,6,2,4,20,6,49,4,2,6,2,4,,2,68,4,1,6,2,4,2,6,1,4,2,6,65,4,1,6,3,4,4,6,65,4,1,6,3,4,,2,2,6,1,4,3,6,48,4,1,6,3,4,,1,3,6,10,4,28,6,32,4,10,6,61,4,1,6,1,4,10,6,61,4,1,6,1,4,,1,2,6,1,4,10,6,28,4,27,6,1,4,72,6,1,4,72,6,1,4,,1,3,6,3,4,48,6,1,4,29,6,9,4,49,6,2,4,13,6,9,4,49,6,2,4,,1,6,6,48,4,1,6,13,4,1,6,2,4,12,6,1,4,9,6,48,4,15,6,1,4,9,6,48,4,,0,2,6,1,4,7,6,43,4,1,6,13,4,1,6,5,4,1,6,2,4,9,6,64,4,9,6,,
85;;;;;20666,,,,,-31,;;;a-b;A;Mustamäe - Balti jaam;1234567z;;03405-1,03401-1,03304-1,02503-1,02201-1,08101-1,00148-1,08001-1,07903-1,08907-1,08909-1,11001-1,10902-1,21104-1,21102-1;
+311,+19,+19,+18,+16,+13,+10,+10,+10,+10,+10,+10,+10,+10,+10,+10,+10,+10,+10,+10,+10,+11,+11,+11,+11,+11,+13,+13,+13,+13,+13,+13,+13,+13,+13,+13,+13,+13,+13,+13,+13,+13,+13,+13,+13,+13,+13,+12,+11,+11,+11,+11,+11,+10,+10,+10,+10,+10,+10,+10,+10,+10,+10,+11,+11,+11,+11,+11,+11,+11,+11,+12,+13,+13,+13,+13,+13,+13,+13,+13,+13,+13,+13,+13,+13,+13,+14,+15,+15,+18,+18,+18,-01090,+20,+19,+18,+18,+18,+18,+18,+18,+18,+19,+19,+18,+19,+15,+15,+15,+15,+13,+13,+13,+13,+13,+13,+13,+13,+13,+13,+13,+13,+15,+15,+15,+15,+15,+15,+13,+13,+13,+13,+13,+13,+13,+13,+13,+13,+13,+13,+13,+13,+13,+13,+15,+15,+15,+16,+19,+19,+19,+19,+19,+20,+20,+20,+20,+20,+20,+20,+20,+20,-01090,+20,+19,+18,+18,+18,+18,+18,+18,+18,+19,+19,+18,+19,+15,+15,+15,+15,+13,+13,+13,+13,+13,+13,+13,+13,+13,+13,+13,+13,+15,+15,+15,+15,+15,+15,+13,+13,+13,+13,+13,+13,+13,+13,+13,+13,+13,+13,+13,+13,+13,+13,+15,+15,+15,+16,+19,+19,+19,+19,+19,+20,+20,+20,+20,+20,+20,+20,+20,+20,,20666,92,20635,,0,,12345,92,6,70,7,,1,,2,,1,8,6,77,4,19,6,49,4,21,6,49,4,,2,,1,6,6,74,4,5,6,3,4,12,6,4,4,7,6,36,4,6,6,3,4,14,6,4,4,7,6,36,4,6,6,3,4,,1,7,6,1,4,39,6,18,4,15,6,5,4,19,6,7,4,36,6,6,4,21,6,7,4,36,6,6,4,,1,4,6,2,4,8,6,33,4,18,6,1,4,,1,8,6,6,4,40,6,11,4,1,6,14,4,20,6,4,4,7,6,36,4,6,6,3,4,14,6,4,4,7,6,36,4,6,6,3,4,,3,4,4,3,6,58,6,1,4,9,4,5,6,4,4,4,6,2,4,2,6,8,4,4,6,7,4,36,6,6,4,3,6,3,4,3,6,8,4,4,6,7,4,36,6,6,4,3,6,3,4,,1,4,6,4,4,6,6,51,4,1,6,2,4,7,6,13,4,2,6,2,4,8,6,4,4,7,6,36,4,6,6,3,4,3,6,3,4,8,6,4,4,7,6,36,4,6,6,3,4,3,6,,1,6,6,1,4,1,6,6,4,51,6,1,4,2,6,12,4,4,6,1,4,3,6,1,4,8,6,3,4,4,6,49,4,3,6,3,4,8,6,3,4,4,6,49,4,3,6,3,4,,2,14,6,10,4,23,6,18,4,1,6,2,4,16,4,1,6,3,4,1,6,,1,4,6,2,4,18,6,23,4,37,6,5,4,14,6,1,4,69,6,1,4,,2,7,6,17,4,23,6,11,4,7,6,1,4,19,4,3,6,2,4,2,6,8,6,3,4,1,6,33,4,19,4,6,6,8,6,3,4,1,6,33,4,19,4,,
;;;;;;;;b-a;A;Balti jaam - Mustamäe;1234567z;;21102-1,11003-1,08910-1,08908-1,07906-1,07904-1,08302-1,08205-1,02106-1,02107-1,03201-1,03202-1,03106-1,03107-1,03503-1;
+332,+19,+18,+18,+18,+13,+11,+11,+11,+10,+10,+10,+10,+10,+11,+10,+10,+10,+10,+10,+10,+11,+11,+11,+11,+11,+13,+13,+13,+13,+13,+13,+13,+13,+13,+13,+13,+13,+13,+13,+13,+13,+13,+13,+13,+13,+13,+12,+11,+11,+11,+11,+11,+10,+11,+10,+10,+10,+10,+10,+10,+10,+10,+11,+11,+10,+11,+11,+10,+11,+11,+12,+13,+13,+13,+13,+13,+13,+13,+13,+12,+13,+13,+13,+12,+12,+14,+15,+14,+18,+17,+18,-01090,+20,+19,+18,+19,+18,+18,+18,+20,+18,+19,+20,+18,+19,+15,+15,+15,+15,+13,+14,+13,+13,+13,+13,+13,+13,+13,+13,+13,+13,+15,+15,+15,+15,+15,+15,+13,+13,+13,+13,+13,+13,+13,+13,+13,+13,+13,+13,+13,+13,+13,+13,+15,+15,+15,+15,+19,+19,+19,+19,+19,+19,+20,+20,+18,+20,+20,+19,+20,+20,-01090,+20,+19,+18,+19,+18,+18,+18,+20,+18,+19,+20,+18,+19,+15,+15,+15,+15,+13,+14,+13,+13,+13,+13,+13,+13,+13,+13,+13,+13,+15,+15,+15,+15,+15,+15,+13,+13,+13,+13,+13,+13,+13,+13,+13,+13,+13,+13,+13,+13,+13,+13,+15,+15,+15,+15,+19,+19,+19,+19,+19,+19,+20,+20,+18,+20,+20,+19,+20,+20,,20666,92,20635,,0,,12345,92,6,70,7,,1,4,6,85,4,7,6,63,4,7,6,63,4,,2,4,4,48,6,12,4,25,6,7,4,63,6,7,4,63,6,,2,11,6,12,4,22,6,7,4,12,6,10,4,15,4,3,6,,2,5,6,6,4,12,6,22,4,6,6,13,4,10,6,9,4,26,6,39,4,11,4,3,6,17,6,39,4,11,4,,1,11,6,40,4,13,6,10,4,18,4,4,6,3,6,10,4,39,6,7,4,7,4,4,6,3,6,10,4,39,6,7,4,,1,5,6,6,4,11,6,1,4,22,6,18,4,29,6,7,4,10,6,40,4,6,6,3,4,4,6,7,4,10,6,40,4,6,6,3,4,,1,11,6,11,4,1,6,39,4,1,6,20,4,16,6,10,4,40,6,6,4,14,6,10,4,40,6,6,4,,1,5,6,6,4,1,6,33,4,6,6,10,4,1,6,11,4,1,6,6,4,3,6,4,4,22,6,39,4,31,6,39,4,,1,11,6,1,4,33,6,6,4,10,6,2,4,10,6,1,4,25,6,10,4,39,6,1,4,20,6,10,4,39,6,1,4,,2,52,6,9,4,22,4,4,6,9,4,13,6,39,4,1,6,6,4,3,6,8,4,13,6,39,4,1,6,6,4,3,6,,1,4,6,78,4,1,6,4,4,9,6,62,4,8,6,62,4,,1,3,6,2,4,17,6,1,4,28,6,1,4,11,6,1,4,18,6,1,4,4,6,1,4,1,6,3,4,3,6,1,4,52,6,1,4,16,6,1,4,52,6,1,4,,1,63,4,1,6,,2,3,4,2,6,6,4,1,6,10,4,1,6,28,4,2,6,9,4,1,6,10,4,1,6,8,4,1,6,4,4,1,6,1,4,3,6,3,4,1,6,13,4,1,6,38,4,1,6,5,4,1,6,10,4,1,6,13,4,1,6,38,4,1,6,5,4,1,6,,